rank,freq,zipf
1,214103,214103
2,111269,107052
3,102276,71367.7
4,41223,53525.8
5,41169,42820.6
6,38270,35683.8
7,33000,30586.1
8,28366,26762.9
9,24742,23789.2
10,23775,21410.3
11,22832,19463.9
12,21495,17841.9
13,21490,16469.5
14,20184,15293.1
15,15032,14273.5
16,14287,13381.4
17,14262,12594.3
18,14000,11894.6
19,13765,11268.6
20,13631,10705.1
21,12829,10195.4
22,12543,9731.95
23,12247,9308.83
24,12221,8920.96
25,11753,8564.12
26,11648,8234.73
27,11397,7929.74
28,11195,7646.54
29,11023,7382.86
30,10198,7136.77
31,10193,6906.55
32,10143,6690.72
33,10128,6487.97
34,10084,6297.15
35,10054,6117.23
36,10020,5947.31
37,9770,5786.57
38,9527,5634.29
39,9486,5489.82
40,9462,5352.57
41,9201,5222.02
42,9154,5097.69
43,9125,4979.14
44,9114,4865.98
45,9068,4757.84
46,9014,4654.41
47,8497,4555.38
48,8494,4460.48
49,8306,4369.45
50,8302,4282.06
51,8272,4198.1
52,8168,4117.37
53,8108,4039.68
54,8034,3964.87
55,8025,3892.78
56,8022,3823.27
57,8002,3756.19
58,8002,3691.43
59,8000,3628.86
60,7721,3568.38
61,7386,3509.89
62,7235,3453.27
63,7197,3398.46
64,7153,3345.36
65,7136,3293.89
66,7094,3243.98
67,7048,3195.57
68,7005,3148.57
69,7000,3102.94
70,6991,3058.61
71,6424,3015.54
72,6362,2973.65
73,6272,2932.92
74,6250,2893.28
75,6182,2854.71
76,6126,2817.14
77,6119,2780.56
78,6066,2744.91
79,6065,2710.16
80,6061,2676.29
81,6052,2643.25
82,6016,2611.01
83,6011,2579.55
84,6000,2548.85
85,6000,2518.86
86,6000,2489.57
87,5998,2460.95
88,5995,2432.99
89,5904,2405.65
90,5819,2378.92
91,5750,2352.78
92,5665,2327.21
93,5645,2302.18
94,5608,2277.69
95,5535,2253.72
96,5506,2230.24
97,5414,2207.25
98,5401,2184.72
99,5251,2162.66
100,5217,2141.03
101,5190,2119.83
102,5190,2099.05
103,5163,2078.67
104,5140,2058.68
105,5125,2039.08
106,5085,2019.84
107,5077,2000.96
108,5071,1982.44
109,5070,1964.25
110,5069,1946.39
111,5055,1928.86
112,5049,1911.63
113,5048,1894.72
114,5045,1878.1
115,5041,1861.77
116,5039,1845.72
117,5030,1829.94
118,5027,1814.43
119,5015,1799.18
120,5009,1784.19
121,5004,1769.45
122,5003,1754.94
123,5002,1740.67
124,5002,1726.64
125,5002,1712.82
126,5001,1699.23
127,5001,1685.85
128,5000,1672.68
129,5000,1659.71
130,4979,1646.95
131,4958,1634.37
132,4934,1621.99
133,4907,1609.8
134,4854,1597.78
135,4682,1585.95
136,4667,1574.29
137,4628,1562.8
138,4508,1551.47
139,4483,1540.31
140,4473,1529.31
141,4350,1518.46
142,4330,1507.77
143,4320,1497.22
144,4261,1486.83
145,4249,1476.57
146,4194,1466.46
147,4165,1456.48
148,4149,1446.64
149,4141,1436.93
150,4118,1427.35
151,4117,1417.9
152,4105,1408.57
153,4104,1399.37
154,4094,1390.28
155,4092,1381.31
156,4073,1372.46
157,4063,1363.71
158,4063,1355.08
159,4061,1346.56
160,4059,1338.14
161,4052,1329.83
162,4050,1321.62
163,4040,1313.52
164,4035,1305.51
165,4029,1297.59
166,4027,1289.78
167,4021,1282.05
168,4020,1274.42
169,4018,1266.88
170,4017,1259.43
171,4015,1252.06
172,4009,1244.78
173,4008,1237.59
174,4005,1230.48
175,4002,1223.45
176,4001,1216.49
177,4001,1209.62
178,4000,1202.83
179,4000,1196.11
180,4000,1189.46
181,4000,1182.89
182,4000,1176.39
183,4000,1169.96
184,4000,1163.6
185,3988,1157.31
186,3934,1151.09
187,3787,1144.94
188,3727,1138.85
189,3675,1132.82
190,3656,1126.86
191,3630,1120.96
192,3606,1115.12
193,3532,1109.34
194,3489,1103.62
195,3444,1097.96
196,3411,1092.36
197,3411,1086.82
198,3357,1081.33
199,3348,1075.89
200,3348,1070.52
201,3306,1065.19
202,3241,1059.92
203,3234,1054.69
204,3220,1049.52
205,3204,1044.4
206,3198,1039.33
207,3194,1034.31
208,3190,1029.34
209,3188,1024.42
210,3177,1019.54
211,3168,1014.71
212,3151,1009.92
213,3147,1005.18
214,3118,1000.48
215,3093,995.828
216,3078,991.218
217,3077,986.65
218,3062,982.124
219,3061,977.639
220,3059,973.195
221,3058,968.792
222,3057,964.428
223,3055,960.103
224,3044,955.817
225,3040,951.569
226,3039,947.358
227,3037,943.185
228,3029,939.048
229,3027,934.948
230,3027,930.883
231,3025,926.853
232,3024,922.858
233,3024,918.897
234,3021,914.97
235,3017,911.077
236,3016,907.216
237,3014,903.388
238,3012,899.592
239,3008,895.828
240,3004,892.096
241,3004,888.394
242,3004,884.723
243,3004,881.082
244,3003,877.471
245,3002,873.89
246,3002,870.337
247,3001,866.814
248,3001,863.319
249,3001,859.851
250,3001,856.412
251,3001,853
252,3001,849.615
253,3000,846.257
254,3000,842.925
255,3000,839.62
256,3000,836.34
257,3000,833.086
258,3000,829.857
259,3000,826.653
260,2994,823.473
261,2943,820.318
262,2883,817.187
263,2851,814.08
264,2831,810.996
265,2714,807.936
266,2686,804.898
267,2667,801.884
268,2649,798.892
269,2607,795.922
270,2606,792.974
271,2562,790.048
272,2544,787.143
273,2543,784.26
274,2501,781.398
275,2431,778.556
276,2427,775.736
277,2414,772.935
278,2406,770.155
279,2383,767.394
280,2377,764.654
281,2371,761.932
282,2365,759.23
283,2364,756.548
284,2359,753.884
285,2345,751.239
286,2343,748.612
287,2336,746.003
288,2326,743.413
289,2324,740.841
290,2288,738.286
291,2281,735.749
292,2280,733.229
293,2277,730.727
294,2277,728.241
295,2250,725.773
296,2246,723.321
297,2234,720.886
298,2233,718.466
299,2228,716.064
300,2224,713.677
301,2222,711.306
302,2206,708.95
303,2197,706.611
304,2193,704.286
305,2192,701.977
306,2181,699.683
307,2180,697.404
308,2174,695.14
309,2172,692.89
310,2168,690.655
311,2166,688.434
312,2166,686.228
313,2162,684.035
314,2160,681.857
315,2150,679.692
316,2148,677.541
317,2144,675.404
318,2135,673.28
319,2132,671.169
320,2129,669.072
321,2129,666.988
322,2126,664.916
323,2125,662.858
324,2119,660.812
325,2111,658.778
326,2107,656.758
327,2104,654.749
328,2104,652.753
329,2103,650.769
330,2102,648.797
331,2082,646.837
332,2078,644.889
333,2069,642.952
334,2068,641.027
335,2067,639.113
336,2066,637.211
337,2063,635.32
338,2059,633.441
339,2056,631.572
340,2049,629.715
341,2049,627.868
342,2047,626.032
343,2045,624.207
344,2045,622.392
345,2045,620.588
346,2044,618.795
347,2043,617.012
348,2043,615.239
349,2042,613.476
350,2039,611.723
351,2038,609.98
352,2037,608.247
353,2037,606.524
354,2035,604.811
355,2035,603.107
356,2034,601.413
357,2030,599.728
358,2029,598.053
359,2025,596.387
360,2025,594.731
361,2025,593.083
362,2024,591.445
363,2020,589.815
364,2019,588.195
365,2019,586.584
366,2018,584.981
367,2017,583.387
368,2016,581.802
369,2016,580.225
370,2016,578.657
371,2015,577.097
372,2015,575.546
373,2015,574.003
374,2014,572.468
375,2014,570.941
376,2014,569.423
377,2013,567.912
378,2013,566.41
379,2010,564.916
380,2010,563.429
381,2009,561.95
382,2009,560.479
383,2008,559.016
384,2007,557.56
385,2007,556.112
386,2006,554.671
387,2006,553.238
388,2006,551.812
389,2005,550.393
390,2005,548.982
391,2005,547.578
392,2005,546.181
393,2005,544.791
394,2005,543.409
395,2004,542.033
396,2004,540.664
397,2004,539.302
398,2003,537.947
399,2003,536.599
400,2002,535.258
401,2002,533.923
402,2002,532.595
403,2002,531.273
404,2002,529.958
405,2002,528.649
406,2002,527.347
407,2002,526.052
408,2002,524.762
409,2001,523.479
410,2001,522.202
411,2001,520.932
412,2001,519.667
413,2001,518.409
414,2001,517.157
415,2001,515.911
416,2000,514.671
417,2000,513.436
418,2000,512.208
419,2000,510.986
420,2000,509.769
421,2000,508.558
422,2000,507.353
423,2000,506.154
424,2000,504.96
425,2000,503.772
426,2000,502.589
427,2000,501.412
428,2000,500.241
429,2000,499.075
430,2000,497.914
431,2000,496.759
432,2000,495.609
433,2000,494.464
434,2000,493.325
435,2000,492.191
436,2000,491.062
437,2000,489.938
438,2000,488.82
439,2000,487.706
440,2000,486.598
441,2000,485.494
442,2000,484.396
443,2000,483.302
444,1998,482.214
445,1997,481.13
446,1997,480.052
447,1997,478.978
448,1996,477.908
449,1994,476.844
450,1994,475.784
451,1994,474.729
452,1990,473.679
453,1970,472.634
454,1968,471.593
455,1967,470.556
456,1955,469.524
457,1940,468.497
458,1935,467.474
459,1926,466.455
460,1867,465.441
461,1857,464.432
462,1844,463.426
463,1839,462.425
464,1807,461.429
465,1777,460.437
466,1773,459.448
467,1763,458.465
468,1702,457.485
469,1694,456.51
470,1694,455.538
471,1680,454.571
472,1667,453.608
473,1663,452.649
474,1630,451.694
475,1618,450.743
476,1567,449.796
477,1565,448.853
478,1541,447.914
479,1500,446.979
480,1496,446.048
481,1495,445.121
482,1482,444.197
483,1475,443.277
484,1469,442.362
485,1431,441.449
486,1420,440.541
487,1413,439.637
488,1386,438.736
489,1386,437.838
490,1383,436.945
491,1381,436.055
492,1379,435.169
493,1379,434.286
494,1379,433.407
495,1377,432.531
496,1352,431.659
497,1352,430.791
498,1349,429.926
499,1346,429.064
500,1324,428.206
501,1323,427.351
502,1323,426.5
503,1318,425.652
504,1314,424.808
505,1314,423.966
506,1310,423.128
507,1301,422.294
508,1299,421.463
509,1295,420.635
510,1294,419.81
511,1276,418.988
512,1274,418.17
513,1273,417.355
514,1271,416.543
515,1267,415.734
516,1265,414.928
517,1262,414.126
518,1261,413.326
519,1261,412.53
520,1260,411.737
521,1259,410.946
522,1257,410.159
523,1257,409.375
524,1254,408.594
525,1252,407.815
526,1247,407.04
527,1245,406.268
528,1244,405.498
529,1240,404.732
530,1237,403.968
531,1234,403.207
532,1232,402.449
533,1230,401.694
534,1219,400.942
535,1216,400.193
536,1216,399.446
537,1215,398.702
538,1209,397.961
539,1206,397.223
540,1206,396.487
541,1205,395.754
542,1204,395.024
543,1201,394.297
544,1199,393.572
545,1192,392.85
546,1190,392.13
547,1189,391.413
548,1187,390.699
549,1184,389.987
550,1183,389.278
551,1182,388.572
552,1182,387.868
553,1178,387.166
554,1177,386.468
555,1171,385.771
556,1170,385.077
557,1160,384.386
558,1155,383.697
559,1153,383.011
560,1153,382.327
561,1147,381.645
562,1146,380.966
563,1143,380.29
564,1140,379.615
565,1138,378.943
566,1136,378.274
567,1136,377.607
568,1135,376.942
569,1134,376.279
570,1134,375.619
571,1133,374.961
572,1133,374.306
573,1132,373.653
574,1130,373.002
575,1129,372.353
576,1128,371.707
577,1127,371.062
578,1125,370.42
579,1125,369.781
580,1125,369.143
581,1122,368.508
582,1122,367.875
583,1121,367.244
584,1118,366.615
585,1116,365.988
586,1115,365.363
587,1113,364.741
588,1113,364.121
589,1112,363.503
590,1111,362.886
591,1108,362.272
592,1106,361.66
593,1105,361.051
594,1103,360.443
595,1103,359.837
596,1103,359.233
597,1103,358.631
598,1102,358.032
599,1102,357.434
600,1101,356.838
601,1100,356.245
602,1099,355.653
603,1095,355.063
604,1095,354.475
605,1095,353.889
606,1093,353.305
607,1093,352.723
608,1092,352.143
609,1086,351.565
610,1086,350.989
611,1085,350.414
612,1085,349.842
613,1084,349.271
614,1084,348.702
615,1082,348.135
616,1081,347.57
617,1079,347.006
618,1078,346.445
619,1078,345.885
620,1076,345.327
621,1076,344.771
622,1074,344.217
623,1073,343.665
624,1073,343.114
625,1071,342.565
626,1070,342.018
627,1069,341.472
628,1068,340.928
629,1067,340.386
630,1066,339.846
631,1066,339.307
632,1066,338.771
633,1066,338.235
634,1066,337.702
635,1066,337.17
636,1065,336.64
637,1065,336.111
638,1065,335.585
639,1064,335.059
640,1064,334.536
641,1063,334.014
642,1062,333.494
643,1061,332.975
644,1061,332.458
645,1061,331.943
646,1060,331.429
647,1060,330.917
648,1060,330.406
649,1059,329.897
650,1059,329.389
651,1059,328.883
652,1058,328.379
653,1058,327.876
654,1057,327.375
655,1057,326.875
656,1057,326.377
657,1056,325.88
658,1056,325.384
659,1055,324.891
660,1055,324.398
661,1055,323.908
662,1054,323.418
663,1054,322.931
664,1053,322.444
665,1053,321.959
666,1053,321.476
667,1052,320.994
668,1051,320.513
669,1051,320.034
670,1051,319.557
671,1048,319.08
672,1048,318.606
673,1048,318.132
674,1048,317.66
675,1047,317.19
676,1047,316.72
677,1047,316.253
678,1047,315.786
679,1046,315.321
680,1046,314.857
681,1045,314.395
682,1045,313.934
683,1045,313.474
684,1045,313.016
685,1044,312.559
686,1044,312.103
687,1044,311.649
688,1044,311.196
689,1043,310.745
690,1043,310.294
691,1043,309.845
692,1043,309.397
693,1043,308.951
694,1042,308.506
695,1042,308.062
696,1042,307.619
697,1042,307.178
698,1041,306.738
699,1041,306.299
700,1040,305.861
701,1038,305.425
702,1038,304.99
703,1038,304.556
704,1038,304.124
705,1037,303.692
706,1036,303.262
707,1036,302.833
708,1036,302.405
709,1036,301.979
710,1036,301.554
711,1036,301.129
712,1035,300.706
713,1035,300.285
714,1034,299.864
715,1034,299.445
716,1033,299.027
717,1033,298.609
718,1032,298.194
719,1032,297.779
720,1032,297.365
721,1032,296.953
722,1032,296.542
723,1032,296.131
724,1032,295.722
725,1031,295.314
726,1031,294.908
727,1031,294.502
728,1030,294.098
729,1030,293.694
730,1029,293.292
731,1029,292.891
732,1029,292.49
733,1028,292.091
734,1028,291.693
735,1028,291.297
736,1028,290.901
737,1027,290.506
738,1027,290.112
739,1026,289.72
740,1026,289.328
741,1025,288.938
742,1024,288.549
743,1024,288.16
744,1024,287.773
745,1024,287.387
746,1024,287.001
747,1023,286.617
748,1022,286.234
749,1022,285.852
750,1022,285.471
751,1022,285.091
752,1022,284.711
753,1022,284.333
754,1022,283.956
755,1022,283.58
756,1021,283.205
757,1020,282.831
758,1020,282.458
759,1020,282.086
760,1020,281.714
761,1019,281.344
762,1019,280.975
763,1019,280.607
764,1018,280.24
765,1018,279.873
766,1018,279.508
767,1018,279.143
768,1018,278.78
769,1018,278.417
770,1018,278.056
771,1018,277.695
772,1017,277.335
773,1016,276.977
774,1016,276.619
775,1016,276.262
776,1016,275.906
777,1016,275.551
778,1015,275.197
779,1015,274.843
780,1015,274.491
781,1015,274.14
782,1015,273.789
783,1015,273.439
784,1015,273.091
785,1015,272.743
786,1014,272.396
787,1014,272.05
788,1014,271.704
789,1014,271.36
790,1014,271.016
791,1014,270.674
792,1014,270.332
793,1014,269.991
794,1014,269.651
795,1014,269.312
796,1014,268.974
797,1013,268.636
798,1013,268.299
799,1013,267.964
800,1013,267.629
801,1012,267.295
802,1012,266.961
803,1012,266.629
804,1012,266.297
805,1012,265.966
806,1011,265.636
807,1011,265.307
808,1011,264.979
809,1011,264.651
810,1011,264.325
811,1011,263.999
812,1011,263.674
813,1011,263.349
814,1011,263.026
815,1010,262.703
816,1010,262.381
817,1010,262.06
818,1010,261.74
819,1010,261.42
820,1010,261.101
821,1010,260.783
822,1009,260.466
823,1009,260.149
824,1009,259.834
825,1009,259.519
826,1009,259.205
827,1009,258.891
828,1009,258.579
829,1009,258.267
830,1009,257.955
831,1009,257.645
832,1009,257.335
833,1009,257.026
834,1008,256.718
835,1008,256.411
836,1008,256.104
837,1008,255.798
838,1008,255.493
839,1008,255.188
840,1008,254.885
841,1008,254.581
842,1008,254.279
843,1008,253.977
844,1008,253.677
845,1007,253.376
846,1007,253.077
847,1007,252.778
848,1007,252.48
849,1007,252.183
850,1007,251.886
851,1007,251.59
852,1007,251.295
853,1007,251
854,1007,250.706
855,1007,250.413
856,1007,250.12
857,1006,249.828
858,1006,249.537
859,1006,249.247
860,1006,248.957
861,1006,248.668
862,1006,248.379
863,1006,248.092
864,1006,247.804
865,1006,247.518
866,1006,247.232
867,1006,246.947
868,1006,246.662
869,1006,246.379
870,1006,246.095
871,1006,245.813
872,1006,245.531
873,1005,245.25
874,1005,244.969
875,1005,244.689
876,1005,244.41
877,1005,244.131
878,1005,243.853
879,1005,243.576
880,1005,243.299
881,1005,243.023
882,1005,242.747
883,1005,242.472
884,1005,242.198
885,1005,241.924
886,1005,241.651
887,1005,241.379
888,1004,241.107
889,1004,240.836
890,1004,240.565
891,1004,240.295
892,1004,240.026
893,1004,239.757
894,1004,239.489
895,1004,239.221
896,1004,238.954
897,1004,238.688
898,1004,238.422
899,1004,238.157
900,1004,237.892
901,1004,237.628
902,1004,237.365
903,1004,237.102
904,1004,236.84
905,1004,236.578
906,1004,236.317
907,1004,236.056
908,1004,235.796
909,1004,235.537
910,1004,235.278
911,1004,235.02
912,1004,234.762
913,1004,234.505
914,1004,234.248
915,1003,233.992
916,1003,233.737
917,1003,233.482
918,1003,233.228
919,1003,232.974
920,1003,232.721
921,1003,232.468
922,1003,232.216
923,1003,231.964
924,1003,231.713
925,1003,231.463
926,1003,231.213
927,1003,230.963
928,1003,230.714
929,1003,230.466
930,1003,230.218
931,1003,229.971
932,1003,229.724
933,1003,229.478
934,1003,229.232
935,1003,228.987
936,1003,228.743
937,1003,228.498
938,1003,228.255
939,1003,228.012
940,1002,227.769
941,1002,227.527
942,1002,227.286
943,1002,227.045
944,1002,226.804
945,1002,226.564
946,1002,226.325
947,1002,226.086
948,1002,225.847
949,1002,225.609
950,1002,225.372
951,1002,225.135
952,1002,224.898
953,1002,224.662
954,1002,224.427
955,1002,224.192
956,1002,223.957
957,1002,223.723
958,1002,223.49
959,1002,223.257
960,1002,223.024
961,1002,222.792
962,1002,222.56
963,1002,222.329
964,1002,222.099
965,1002,221.868
966,1002,221.639
967,1002,221.41
968,1002,221.181
969,1002,220.953
970,1002,220.725
971,1002,220.497
972,1002,220.271
973,1002,220.044
974,1002,219.818
975,1002,219.593
976,1002,219.368
977,1002,219.143
978,1002,218.919
979,1002,218.696
980,1002,218.472
981,1002,218.25
982,1002,218.027
983,1002,217.806
984,1001,217.584
985,1001,217.363
986,1001,217.143
987,1001,216.923
988,1001,216.703
989,1001,216.484
990,1001,216.266
991,1001,216.047
992,1001,215.83
993,1001,215.612
994,1001,215.395
995,1001,215.179
996,1001,214.963
997,1001,214.747
998,1001,214.532
999,1001,214.317
1000,1001,214.103
1001,1001,213.889
1002,1001,213.676
1003,1001,213.463
1004,1001,213.25
1005,1001,213.038
1006,1001,212.826
1007,1001,212.615
1008,1001,212.404
1009,1001,212.193
1010,1001,211.983
1011,1001,211.773
1012,1001,211.564
1013,1001,211.355
1014,1001,211.147
1015,1001,210.939
1016,1001,210.731
1017,1001,210.524
1018,1001,210.317
1019,1001,210.111
1020,1001,209.905
1021,1001,209.699
1022,1001,209.494
1023,1001,209.289
1024,1001,209.085
1025,1001,208.881
1026,1001,208.677
1027,1001,208.474
1028,1001,208.271
1029,1001,208.069
1030,1001,207.867
1031,1001,207.665
1032,1001,207.464
1033,1001,207.263
1034,1001,207.063
1035,1001,206.863
1036,1001,206.663
1037,1001,206.464
1038,1001,206.265
1039,1001,206.066
1040,1001,205.868
1041,1001,205.671
1042,1001,205.473
1043,1001,205.276
1044,1001,205.08
1045,1001,204.883
1046,1001,204.687
1047,1001,204.492
1048,1001,204.297
1049,1001,204.102
1050,1001,203.908
1051,1001,203.714
1052,1001,203.52
1053,1001,203.327
1054,1001,203.134
1055,1001,202.941
1056,1001,202.749
1057,1001,202.557
1058,1000,202.366
1059,1000,202.175
1060,1000,201.984
1061,1000,201.794
1062,1000,201.604
1063,1000,201.414
1064,1000,201.225
1065,1000,201.036
1066,1000,200.847
1067,1000,200.659
1068,1000,200.471
1069,1000,200.283
1070,1000,200.096
1071,1000,199.909
1072,1000,199.723
1073,1000,199.537
1074,1000,199.351
1075,1000,199.166
1076,1000,198.98
1077,1000,198.796
1078,1000,198.611
1079,1000,198.427
1080,1000,198.244
1081,1000,198.06
1082,1000,197.877
1083,1000,197.694
1084,1000,197.512
1085,1000,197.33
1086,1000,197.148
1087,1000,196.967
1088,1000,196.786
1089,1000,196.605
1090,1000,196.425
1091,1000,196.245
1092,1000,196.065
1093,1000,195.886
1094,1000,195.707
1095,1000,195.528
1096,1000,195.349
1097,1000,195.171
1098,1000,194.994
1099,1000,194.816
1100,1000,194.639
1101,1000,194.462
1102,1000,194.286
1103,1000,194.11
1104,1000,193.934
1105,1000,193.758
1106,1000,193.583
1107,1000,193.408
1108,1000,193.234
1109,1000,193.06
1110,1000,192.886
1111,1000,192.712
1112,1000,192.539
1113,1000,192.366
1114,1000,192.193
1115,1000,192.021
1116,1000,191.849
1117,1000,191.677
1118,1000,191.505
1119,1000,191.334
1120,1000,191.163
1121,1000,190.993
1122,1000,190.823
1123,1000,190.653
1124,1000,190.483
1125,1000,190.314
1126,1000,190.145
1127,1000,189.976
1128,1000,189.808
1129,1000,189.64
1130,1000,189.472
1131,1000,189.304
1132,1000,189.137
1133,1000,188.97
1134,1000,188.803
1135,1000,188.637
1136,1000,188.471
1137,1000,188.305
1138,1000,188.14
1139,1000,187.975
1140,1000,187.81
1141,1000,187.645
1142,1000,187.481
1143,1000,187.317
1144,1000,187.153
1145,1000,186.99
1146,1000,186.826
1147,1000,186.663
1148,1000,186.501
1149,1000,186.339
1150,1000,186.177
1151,1000,186.015
1152,1000,185.853
1153,1000,185.692
1154,1000,185.531
1155,1000,185.371
1156,1000,185.21
1157,1000,185.05
1158,1000,184.89
1159,1000,184.731
1160,1000,184.572
1161,1000,184.413
1162,1000,184.254
1163,1000,184.095
1164,1000,183.937
1165,1000,183.779
1166,1000,183.622
1167,1000,183.464
1168,1000,183.307
1169,1000,183.151
1170,1000,182.994
1171,1000,182.838
1172,1000,182.682
1173,1000,182.526
1174,1000,182.371
1175,1000,182.215
1176,1000,182.06
1177,1000,181.906
1178,1000,181.751
1179,1000,181.597
1180,1000,181.443
1181,1000,181.29
1182,1000,181.136
1183,1000,180.983
1184,1000,180.83
1185,1000,180.678
1186,1000,180.525
1187,1000,180.373
1188,1000,180.221
1189,1000,180.07
1190,1000,179.918
1191,1000,179.767
1192,1000,179.617
1193,1000,179.466
1194,1000,179.316
1195,1000,179.166
1196,1000,179.016
1197,1000,178.866
1198,1000,178.717
1199,1000,178.568
1200,1000,178.419
1201,1000,178.271
1202,1000,178.122
1203,1000,177.974
1204,1000,177.826
1205,1000,177.679
1206,1000,177.532
1207,1000,177.384
1208,1000,177.238
1209,1000,177.091
1210,1000,176.945
1211,1000,176.799
1212,1000,176.653
1213,1000,176.507
1214,1000,176.362
1215,1000,176.216
1216,1000,176.072
1217,1000,175.927
1218,1000,175.782
1219,1000,175.638
1220,1000,175.494
1221,1000,175.351
1222,1000,175.207
1223,1000,175.064
1224,1000,174.921
1225,1000,174.778
1226,1000,174.635
1227,1000,174.493
1228,1000,174.351
1229,1000,174.209
1230,1000,174.067
1231,1000,173.926
1232,1000,173.785
1233,1000,173.644
1234,1000,173.503
1235,1000,173.363
1236,1000,173.222
1237,1000,173.082
1238,1000,172.943
1239,1000,172.803
1240,1000,172.664
1241,1000,172.525
1242,1000,172.386
1243,1000,172.247
1244,1000,172.109
1245,1000,171.97
1246,1000,171.832
1247,1000,171.694
1248,1000,171.557
1249,1000,171.42
1250,1000,171.282
1251,1000,171.145
1252,1000,171.009
1253,1000,170.872
1254,1000,170.736
1255,1000,170.6
1256,1000,170.464
1257,1000,170.329
1258,1000,170.193
1259,1000,170.058
1260,1000,169.923
1261,1000,169.788
1262,1000,169.654
1263,1000,169.519
1264,1000,169.385
1265,1000,169.251
1266,1000,169.118
1267,1000,168.984
1268,1000,168.851
1269,1000,168.718
1270,1000,168.585
1271,1000,168.452
1272,1000,168.32
1273,1000,168.188
1274,1000,168.056
1275,1000,167.924
1276,1000,167.792
1277,1000,167.661
1278,1000,167.53
1279,1000,167.399
1280,1000,167.268
1281,1000,167.137
1282,1000,167.007
1283,1000,166.877
1284,1000,166.747
1285,1000,166.617
1286,1000,166.488
1287,1000,166.358
1288,1000,166.229
1289,1000,166.1
1290,1000,165.971
1291,1000,165.843
1292,1000,165.714
1293,1000,165.586
1294,1000,165.458
1295,999,165.331
1296,999,165.203
1297,998,165.076
1298,998,164.948
1299,998,164.821
1300,998,164.695
1301,997,164.568
1302,997,164.442
1303,997,164.315
1304,997,164.189
1305,997,164.064
1306,997,163.938
1307,997,163.813
1308,997,163.687
1309,997,163.562
1310,997,163.437
1311,997,163.313
1312,997,163.188
1313,997,163.064
1314,997,162.94
1315,997,162.816
1316,997,162.692
1317,997,162.569
1318,997,162.445
1319,997,162.322
1320,997,162.199
1321,993,162.076
1322,991,161.954
1323,982,161.831
1324,943,161.709
1325,938,161.587
1326,922,161.465
1327,861,161.344
1328,847,161.222
1329,844,161.101
1330,831,160.98
1331,826,160.859
1332,825,160.738
1333,813,160.617
1334,808,160.497
1335,782,160.377
1336,776,160.257
1337,771,160.137
1338,765,160.017
1339,763,159.898
1340,763,159.778
1341,745,159.659
1342,744,159.54
1343,739,159.421
1344,727,159.303
1345,727,159.184
1346,725,159.066
1347,715,158.948
1348,714,158.83
1349,700,158.712
1350,684,158.595
1351,684,158.477
1352,681,158.36
1353,677,158.243
1354,669,158.126
1355,662,158.01
1356,662,157.893
1357,657,157.777
1358,655,157.661
1359,654,157.545
1360,647,157.429
1361,646,157.313
1362,645,157.198
1363,629,157.082
1364,627,156.967
1365,625,156.852
1366,620,156.737
1367,614,156.623
1368,614,156.508
1369,611,156.394
1370,608,156.28
1371,604,156.166
1372,603,156.052
1373,600,155.938
1374,595,155.825
1375,594,155.711
1376,593,155.598
1377,593,155.485
1378,588,155.372
1379,588,155.26
1380,583,155.147
1381,573,155.035
1382,572,154.923
1383,567,154.811
1384,566,154.699
1385,565,154.587
1386,565,154.475
1387,564,154.364
1388,558,154.253
1389,554,154.142
1390,549,154.031
1391,546,153.92
1392,545,153.81
1393,544,153.699
1394,542,153.589
1395,542,153.479
1396,539,153.369
1397,539,153.259
1398,539,153.149
1399,532,153.04
1400,529,152.931
1401,526,152.822
1402,520,152.713
1403,518,152.604
1404,517,152.495
1405,514,152.386
1406,513,152.278
1407,512,152.17
1408,511,152.062
1409,510,151.954
1410,504,151.846
1411,503,151.738
1412,503,151.631
1413,499,151.524
1414,495,151.417
1415,490,151.31
1416,490,151.203
1417,485,151.096
1418,482,150.989
1419,472,150.883
1420,470,150.777
1421,468,150.671
1422,467,150.565
1423,466,150.459
1424,465,150.353
1425,456,150.248
1426,456,150.142
1427,448,150.037
1428,447,149.932
1429,446,149.827
1430,444,149.722
1431,441,149.618
1432,437,149.513
1433,437,149.409
1434,435,149.305
1435,435,149.201
1436,433,149.097
1437,430,148.993
1438,426,148.889
1439,424,148.786
1440,423,148.683
1441,423,148.579
1442,419,148.476
1443,419,148.374
1444,418,148.271
1445,415,148.168
1446,414,148.066
1447,412,147.963
1448,411,147.861
1449,411,147.759
1450,410,147.657
1451,409,147.555
1452,409,147.454
1453,408,147.352
1454,406,147.251
1455,402,147.15
1456,400,147.049
1457,396,146.948
1458,396,146.847
1459,396,146.746
1460,392,146.646
1461,392,146.546
1462,389,146.445
1463,387,146.345
1464,385,146.245
1465,380,146.145
1466,379,146.046
1467,378,145.946
1468,375,145.847
1469,374,145.747
1470,372,145.648
1471,372,145.549
1472,371,145.45
1473,368,145.352
1474,367,145.253
1475,366,145.155
1476,365,145.056
1477,365,144.958
1478,364,144.86
1479,363,144.762
1480,363,144.664
1481,362,144.567
1482,362,144.469
1483,360,144.372
1484,359,144.274
1485,357,144.177
1486,357,144.08
1487,355,143.983
1488,355,143.886
1489,354,143.79
1490,352,143.693
1491,352,143.597
1492,352,143.501
1493,351,143.405
1494,349,143.309
1495,348,143.213
1496,343,143.117
1497,341,143.021
1498,338,142.926
1499,335,142.831
1500,334,142.735
1501,332,142.64
1502,331,142.545
1503,330,142.45
1504,330,142.356
1505,329,142.261
1506,329,142.167
1507,326,142.072
1508,325,141.978
1509,323,141.884
1510,323,141.79
1511,323,141.696
1512,323,141.603
1513,322,141.509
1514,322,141.415
1515,322,141.322
1516,321,141.229
1517,321,141.136
1518,320,141.043
1519,319,140.95
1520,319,140.857
1521,316,140.765
1522,315,140.672
1523,315,140.58
1524,314,140.488
1525,314,140.395
1526,313,140.303
1527,309,140.212
1528,307,140.12
1529,304,140.028
1530,304,139.937
1531,303,139.845
1532,302,139.754
1533,302,139.663
1534,301,139.572
1535,301,139.481
1536,300,139.39
1537,300,139.299
1538,298,139.209
1539,297,139.118
1540,297,139.028
1541,296,138.938
1542,295,138.848
1543,295,138.758
1544,295,138.668
1545,294,138.578
1546,294,138.488
1547,293,138.399
1548,293,138.309
1549,292,138.22
1550,292,138.131
1551,291,138.042
1552,291,137.953
1553,290,137.864
1554,289,137.775
1555,288,137.687
1556,287,137.598
1557,286,137.51
1558,285,137.422
1559,285,137.334
1560,285,137.246
1561,284,137.158
1562,283,137.07
1563,283,136.982
1564,281,136.895
1565,280,136.807
1566,280,136.72
1567,278,136.632
1568,277,136.545
1569,277,136.458
1570,277,136.371
1571,277,136.285
1572,277,136.198
1573,277,136.111
1574,276,136.025
1575,274,135.938
1576,274,135.852
1577,274,135.766
1578,274,135.68
1579,274,135.594
1580,273,135.508
1581,273,135.423
1582,273,135.337
1583,269,135.251
1584,268,135.166
1585,266,135.081
1586,265,134.996
1587,265,134.911
1588,265,134.826
1589,264,134.741
1590,264,134.656
1591,263,134.571
1592,263,134.487
1593,262,134.402
1594,262,134.318
1595,261,134.234
1596,261,134.15
1597,260,134.066
1598,260,133.982
1599,260,133.898
1600,259,133.814
1601,259,133.731
1602,259,133.647
1603,258,133.564
1604,257,133.481
1605,257,133.398
1606,256,133.314
1607,254,133.231
1608,254,133.149
1609,254,133.066
1610,253,132.983
1611,252,132.901
1612,252,132.818
1613,250,132.736
1614,250,132.654
1615,250,132.572
1616,249,132.489
1617,248,132.408
1618,247,132.326
1619,246,132.244
1620,246,132.162
1621,246,132.081
1622,246,131.999
1623,245,131.918
1624,245,131.837
1625,245,131.756
1626,243,131.675
1627,242,131.594
1628,242,131.513
1629,242,131.432
1630,242,131.352
1631,242,131.271
1632,241,131.191
1633,240,131.11
1634,240,131.03
1635,240,130.95
1636,240,130.87
1637,239,130.79
1638,238,130.71
1639,238,130.63
1640,237,130.551
1641,237,130.471
1642,237,130.392
1643,237,130.312
1644,237,130.233
1645,237,130.154
1646,236,130.075
1647,236,129.996
1648,236,129.917
1649,235,129.838
1650,235,129.759
1651,235,129.681
1652,235,129.602
1653,234,129.524
1654,234,129.446
1655,233,129.367
1656,232,129.289
1657,232,129.211
1658,231,129.133
1659,231,129.055
1660,231,128.978
1661,230,128.9
1662,230,128.823
1663,230,128.745
1664,229,128.668
1665,228,128.59
1666,228,128.513
1667,227,128.436
1668,227,128.359
1669,227,128.282
1670,226,128.205
1671,224,128.129
1672,224,128.052
1673,224,127.975
1674,224,127.899
1675,224,127.823
1676,223,127.746
1677,223,127.67
1678,223,127.594
1679,222,127.518
1680,220,127.442
1681,220,127.366
1682,220,127.291
1683,220,127.215
1684,219,127.14
1685,219,127.064
1686,219,126.989
1687,218,126.913
1688,218,126.838
1689,217,126.763
1690,217,126.688
1691,217,126.613
1692,217,126.538
1693,217,126.464
1694,216,126.389
1695,216,126.314
1696,216,126.24
1697,216,126.166
1698,216,126.091
1699,214,126.017
1700,214,125.943
1701,213,125.869
1702,213,125.795
1703,213,125.721
1704,213,125.647
1705,213,125.574
1706,213,125.5
1707,212,125.426
1708,211,125.353
1709,211,125.28
1710,209,125.206
1711,209,125.133
1712,209,125.06
1713,207,124.987
1714,206,124.914
1715,206,124.841
1716,206,124.769
1717,206,124.696
1718,206,124.623
1719,205,124.551
1720,205,124.478
1721,204,124.406
1722,204,124.334
1723,203,124.262
1724,203,124.19
1725,201,124.118
1726,201,124.046
1727,201,123.974
1728,200,123.902
1729,200,123.831
1730,200,123.759
1731,199,123.687
1732,199,123.616
1733,199,123.545
1734,199,123.473
1735,199,123.402
1736,198,123.331
1737,197,123.26
1738,196,123.189
1739,196,123.118
1740,196,123.048
1741,195,122.977
1742,194,122.906
1743,193,122.836
1744,193,122.765
1745,192,122.695
1746,192,122.625
1747,192,122.555
1748,192,122.485
1749,192,122.415
1750,192,122.345
1751,192,122.275
1752,191,122.205
1753,191,122.135
1754,191,122.066
1755,190,121.996
1756,190,121.927
1757,190,121.857
1758,190,121.788
1759,190,121.719
1760,189,121.649
1761,188,121.58
1762,188,121.511
1763,187,121.442
1764,186,121.374
1765,186,121.305
1766,185,121.236
1767,185,121.168
1768,185,121.099
1769,185,121.031
1770,184,120.962
1771,184,120.894
1772,184,120.826
1773,184,120.757
1774,183,120.689
1775,183,120.621
1776,183,120.553
1777,182,120.486
1778,181,120.418
1779,181,120.35
1780,181,120.283
1781,181,120.215
1782,180,120.148
1783,180,120.08
1784,180,120.013
1785,180,119.946
1786,180,119.878
1787,179,119.811
1788,178,119.744
1789,178,119.677
1790,177,119.611
1791,177,119.544
1792,177,119.477
1793,176,119.41
1794,176,119.344
1795,176,119.277
1796,176,119.211
1797,176,119.145
1798,176,119.078
1799,176,119.012
1800,175,118.946
1801,175,118.88
1802,175,118.814
1803,175,118.748
1804,175,118.682
1805,174,118.617
1806,174,118.551
1807,174,118.485
1808,174,118.42
1809,174,118.354
1810,172,118.289
1811,172,118.224
1812,172,118.158
1813,172,118.093
1814,171,118.028
1815,171,117.963
1816,171,117.898
1817,170,117.833
1818,170,117.768
1819,169,117.704
1820,169,117.639
1821,169,117.574
1822,169,117.51
1823,169,117.445
1824,168,117.381
1825,168,117.317
1826,168,117.252
1827,167,117.188
1828,167,117.124
1829,166,117.06
1830,166,116.996
1831,166,116.932
1832,166,116.868
1833,166,116.805
1834,165,116.741
1835,164,116.677
1836,164,116.614
1837,163,116.55
1838,162,116.487
1839,162,116.424
1840,162,116.36
1841,162,116.297
1842,161,116.234
1843,161,116.171
1844,161,116.108
1845,161,116.045
1846,160,115.982
1847,160,115.919
1848,160,115.857
1849,160,115.794
1850,160,115.731
1851,159,115.669
1852,158,115.606
1853,158,115.544
1854,158,115.482
1855,158,115.419
1856,158,115.357
1857,158,115.295
1858,158,115.233
1859,157,115.171
1860,157,115.109
1861,156,115.047
1862,156,114.985
1863,156,114.924
1864,156,114.862
1865,156,114.801
1866,156,114.739
1867,156,114.678
1868,155,114.616
1869,155,114.555
1870,155,114.494
1871,155,114.432
1872,155,114.371
1873,154,114.31
1874,154,114.249
1875,154,114.188
1876,153,114.127
1877,153,114.067
1878,153,114.006
1879,153,113.945
1880,153,113.885
1881,153,113.824
1882,152,113.764
1883,152,113.703
1884,152,113.643
1885,151,113.582
1886,151,113.522
1887,151,113.462
1888,151,113.402
1889,151,113.342
1890,151,113.282
1891,151,113.222
1892,151,113.162
1893,150,113.102
1894,150,113.043
1895,149,112.983
1896,149,112.924
1897,149,112.864
1898,149,112.805
1899,149,112.745
1900,148,112.686
1901,148,112.627
1902,148,112.567
1903,148,112.508
1904,148,112.449
1905,147,112.39
1906,147,112.331
1907,147,112.272
1908,146,112.213
1909,146,112.155
1910,146,112.096
1911,146,112.037
1912,146,111.979
1913,146,111.92
1914,146,111.862
1915,146,111.803
1916,146,111.745
1917,145,111.686
1918,145,111.628
1919,145,111.57
1920,145,111.512
1921,145,111.454
1922,144,111.396
1923,144,111.338
1924,144,111.28
1925,144,111.222
1926,144,111.165
1927,142,111.107
1928,142,111.049
1929,141,110.992
1930,141,110.934
1931,141,110.877
1932,141,110.819
1933,141,110.762
1934,141,110.705
1935,141,110.648
1936,140,110.59
1937,140,110.533
1938,140,110.476
1939,140,110.419
1940,140,110.362
1941,140,110.306
1942,139,110.249
1943,139,110.192
1944,139,110.135
1945,139,110.079
1946,139,110.022
1947,139,109.966
1948,138,109.909
1949,138,109.853
1950,137,109.796
1951,137,109.74
1952,137,109.684
1953,137,109.628
1954,137,109.572
1955,137,109.516
1956,137,109.46
1957,137,109.404
1958,137,109.348
1959,136,109.292
1960,136,109.236
1961,136,109.181
1962,135,109.125
1963,135,109.069
1964,135,109.014
1965,135,108.958
1966,135,108.903
1967,135,108.847
1968,135,108.792
1969,135,108.737
1970,135,108.682
1971,135,108.627
1972,134,108.572
1973,134,108.516
1974,134,108.461
1975,133,108.407
1976,133,108.352
1977,133,108.297
1978,133,108.242
1979,132,108.187
1980,132,108.133
1981,132,108.078
1982,132,108.024
1983,131,107.969
1984,131,107.915
1985,131,107.86
1986,131,107.806
1987,131,107.752
1988,131,107.698
1989,131,107.644
1990,131,107.589
1991,131,107.535
1992,130,107.481
1993,130,107.427
1994,130,107.374
1995,130,107.32
1996,130,107.266
1997,130,107.212
1998,129,107.159
1999,129,107.105
2000,129,107.052
2001,129,106.998
2002,129,106.945
2003,129,106.891
2004,129,106.838
2005,128,106.785
2006,128,106.731
2007,128,106.678
2008,128,106.625
2009,128,106.572
2010,128,106.519
2011,128,106.466
2012,128,106.413
2013,128,106.36
2014,128,106.307
2015,128,106.255
2016,128,106.202
2017,127,106.149
2018,127,106.097
2019,127,106.044
2020,127,105.992
2021,127,105.939
2022,127,105.887
2023,126,105.834
2024,126,105.782
2025,126,105.73
2026,126,105.678
2027,126,105.626
2028,126,105.573
2029,126,105.521
2030,126,105.469
2031,126,105.418
2032,126,105.366
2033,125,105.314
2034,125,105.262
2035,125,105.21
2036,124,105.159
2037,124,105.107
2038,124,105.055
2039,124,105.004
2040,124,104.952
2041,124,104.901
2042,124,104.85
2043,124,104.798
2044,124,104.747
2045,123,104.696
2046,123,104.645
2047,123,104.594
2048,123,104.542
2049,123,104.491
2050,123,104.44
2051,123,104.39
2052,123,104.339
2053,122,104.288
2054,122,104.237
2055,122,104.186
2056,122,104.136
2057,122,104.085
2058,122,104.034
2059,121,103.984
2060,121,103.933
2061,121,103.883
2062,121,103.833
2063,121,103.782
2064,121,103.732
2065,121,103.682
2066,121,103.632
2067,120,103.582
2068,120,103.531
2069,120,103.481
2070,120,103.431
2071,120,103.381
2072,120,103.332
2073,120,103.282
2074,120,103.232
2075,119,103.182
2076,119,103.132
2077,119,103.083
2078,118,103.033
2079,117,102.984
2080,117,102.934
2081,117,102.885
2082,117,102.835
2083,117,102.786
2084,116,102.737
2085,116,102.687
2086,116,102.638
2087,116,102.589
2088,116,102.54
2089,116,102.491
2090,116,102.442
2091,116,102.393
2092,116,102.344
2093,116,102.295
2094,116,102.246
2095,116,102.197
2096,115,102.148
2097,115,102.1
2098,115,102.051
2099,115,102.002
2100,115,101.954
2101,115,101.905
2102,114,101.857
2103,114,101.808
2104,114,101.76
2105,114,101.712
2106,114,101.663
2107,114,101.615
2108,114,101.567
2109,113,101.519
2110,113,101.471
2111,113,101.423
2112,113,101.375
2113,113,101.327
2114,113,101.279
2115,112,101.231
2116,112,101.183
2117,112,101.135
2118,112,101.087
2119,112,101.04
2120,112,100.992
2121,111,100.944
2122,111,100.897
2123,111,100.849
2124,111,100.802
2125,111,100.754
2126,111,100.707
2127,111,100.66
2128,111,100.612
2129,111,100.565
2130,110,100.518
2131,110,100.471
2132,110,100.424
2133,110,100.376
2134,110,100.329
2135,110,100.282
2136,110,100.235
2137,109,100.189
2138,109,100.142
2139,109,100.095
2140,109,100.048
2141,109,100.001
2142,109,99.9547
2143,109,99.9081
2144,109,99.8615
2145,108,99.8149
2146,108,99.7684
2147,108,99.7219
2148,108,99.6755
2149,108,99.6291
2150,108,99.5828
2151,108,99.5365
2152,107,99.4902
2153,107,99.444
2154,107,99.3979
2155,107,99.3517
2156,107,99.3057
2157,107,99.2596
2158,107,99.2136
2159,107,99.1677
2160,106,99.1218
2161,106,99.0759
2162,106,99.0301
2163,106,98.9843
2164,106,98.9385
2165,106,98.8928
2166,106,98.8472
2167,106,98.8016
2168,106,98.756
2169,106,98.7105
2170,105,98.665
2171,105,98.6195
2172,105,98.5741
2173,105,98.5288
2174,105,98.4834
2175,105,98.4382
2176,105,98.3929
2177,105,98.3477
2178,105,98.3026
2179,105,98.2575
2180,105,98.2124
2181,105,98.1674
2182,104,98.1224
2183,104,98.0774
2184,104,98.0325
2185,104,97.9876
2186,104,97.9428
2187,104,97.898
2188,104,97.8533
2189,104,97.8086
2190,104,97.7639
2191,104,97.7193
2192,104,97.6747
2193,103,97.6302
2194,103,97.5857
2195,103,97.5412
2196,103,97.4968
2197,103,97.4524
2198,103,97.4081
2199,103,97.3638
2200,103,97.3195
2201,103,97.2753
2202,103,97.2312
2203,103,97.187
2204,102,97.1429
2205,102,97.0989
2206,102,97.0549
2207,102,97.0109
2208,102,96.9669
2209,102,96.923
2210,102,96.8792
2211,101,96.8354
2212,101,96.7916
2213,101,96.7479
2214,101,96.7042
2215,101,96.6605
2216,101,96.6169
2217,100,96.5733
2218,100,96.5298
2219,100,96.4863
2220,100,96.4428
2221,100,96.3994
2222,100,96.356
2223,100,96.3126
2224,100,96.2693
2225,100,96.2261
2226,100,96.1828
2227,100,96.1396
2228,99,96.0965
2229,99,96.0534
2230,99,96.0103
2231,99,95.9673
2232,99,95.9243
2233,99,95.8813
2234,99,95.8384
2235,99,95.7955
2236,99,95.7527
2237,99,95.7099
2238,99,95.6671
2239,98,95.6244
2240,98,95.5817
2241,98,95.539
2242,98,95.4964
2243,98,95.4539
2244,98,95.4113
2245,98,95.3688
2246,98,95.3264
2247,98,95.2839
2248,98,95.2415
2249,98,95.1992
2250,97,95.1569
2251,97,95.1146
2252,97,95.0724
2253,97,95.0302
2254,97,94.988
2255,97,94.9459
2256,97,94.9038
2257,97,94.8618
2258,97,94.8198
2259,97,94.7778
2260,97,94.7358
2261,97,94.6939
2262,96,94.6521
2263,96,94.6103
2264,96,94.5685
2265,96,94.5267
2266,96,94.485
2267,96,94.4433
2268,96,94.4017
2269,96,94.3601
2270,95,94.3185
2271,95,94.277
2272,95,94.2355
2273,95,94.194
2274,95,94.1526
2275,95,94.1112
2276,95,94.0699
2277,95,94.0285
2278,94,93.9873
2279,94,93.946
2280,94,93.9048
2281,94,93.8637
2282,94,93.8225
2283,94,93.7814
2284,93,93.7404
2285,93,93.6993
2286,93,93.6584
2287,93,93.6174
2288,93,93.5765
2289,93,93.5356
2290,93,93.4948
2291,93,93.454
2292,93,93.4132
2293,93,93.3724
2294,92,93.3317
2295,92,93.2911
2296,92,93.2504
2297,92,93.2098
2298,92,93.1693
2299,92,93.1288
2300,92,93.0883
2301,91,93.0478
2302,91,93.0074
2303,91,92.967
2304,91,92.9266
2305,91,92.8863
2306,91,92.8461
2307,91,92.8058
2308,91,92.7656
2309,91,92.7254
2310,91,92.6853
2311,91,92.6452
2312,90,92.6051
2313,90,92.5651
2314,90,92.5251
2315,90,92.4851
2316,90,92.4452
2317,90,92.4053
2318,90,92.3654
2319,90,92.3256
2320,90,92.2858
2321,90,92.246
2322,90,92.2063
2323,90,92.1666
2324,90,92.1269
2325,89,92.0873
2326,89,92.0477
2327,89,92.0082
2328,89,91.9686
2329,89,91.9292
2330,89,91.8897
2331,89,91.8503
2332,89,91.8109
2333,89,91.7715
2334,89,91.7322
2335,89,91.6929
2336,89,91.6537
2337,89,91.6145
2338,89,91.5753
2339,89,91.5361
2340,88,91.497
2341,88,91.4579
2342,88,91.4189
2343,88,91.3799
2344,88,91.3409
2345,88,91.3019
2346,87,91.263
2347,87,91.2241
2348,87,91.1853
2349,87,91.1464
2350,87,91.1077
2351,87,91.0689
2352,87,91.0302
2353,87,90.9915
2354,86,90.9528
2355,86,90.9142
2356,86,90.8756
2357,86,90.8371
2358,86,90.7986
2359,86,90.7601
2360,86,90.7216
2361,86,90.6832
2362,85,90.6448
2363,85,90.6064
2364,85,90.5681
2365,85,90.5298
2366,85,90.4915
2367,85,90.4533
2368,85,90.4151
2369,85,90.377
2370,85,90.3388
2371,84,90.3007
2372,84,90.2626
2373,84,90.2246
2374,84,90.1866
2375,84,90.1486
2376,84,90.1107
2377,84,90.0728
2378,84,90.0349
2379,84,89.9971
2380,84,89.9592
2381,84,89.9215
2382,84,89.8837
2383,83,89.846
2384,83,89.8083
2385,83,89.7706
2386,83,89.733
2387,83,89.6954
2388,83,89.6579
2389,83,89.6203
2390,83,89.5828
2391,83,89.5454
2392,83,89.5079
2393,83,89.4705
2394,83,89.4332
2395,83,89.3958
2396,83,89.3585
2397,83,89.3212
2398,83,89.284
2399,83,89.2468
2400,83,89.2096
2401,82,89.1724
2402,82,89.1353
2403,82,89.0982
2404,82,89.0611
2405,82,89.0241
2406,82,88.9871
2407,82,88.9501
2408,82,88.9132
2409,82,88.8763
2410,82,88.8394
2411,82,88.8026
2412,82,88.7658
2413,82,88.729
2414,82,88.6922
2415,81,88.6555
2416,81,88.6188
2417,81,88.5821
2418,81,88.5455
2419,81,88.5089
2420,81,88.4723
2421,81,88.4358
2422,81,88.3993
2423,81,88.3628
2424,81,88.3263
2425,81,88.2899
2426,81,88.2535
2427,80,88.2171
2428,80,88.1808
2429,80,88.1445
2430,80,88.1082
2431,80,88.072
2432,80,88.0358
2433,80,87.9996
2434,80,87.9634
2435,80,87.9273
2436,80,87.8912
2437,80,87.8551
2438,80,87.8191
2439,80,87.7831
2440,80,87.7471
2441,80,87.7112
2442,80,87.6753
2443,80,87.6394
2444,80,87.6035
2445,79,87.5677
2446,79,87.5319
2447,79,87.4961
2448,79,87.4604
2449,79,87.4247
2450,79,87.389
2451,79,87.3533
2452,79,87.3177
2453,79,87.2821
2454,79,87.2465
2455,79,87.211
2456,78,87.1755
2457,78,87.14
2458,78,87.1046
2459,78,87.0691
2460,78,87.0337
2461,78,86.9984
2462,78,86.963
2463,78,86.9277
2464,78,86.8925
2465,78,86.8572
2466,78,86.822
2467,78,86.7868
2468,78,86.7516
2469,77,86.7165
2470,77,86.6814
2471,77,86.6463
2472,77,86.6112
2473,77,86.5762
2474,77,86.5412
2475,77,86.5063
2476,77,86.4713
2477,77,86.4364
2478,77,86.4015
2479,77,86.3667
2480,77,86.3319
2481,77,86.2971
2482,77,86.2623
2483,77,86.2275
2484,77,86.1928
2485,77,86.1581
2486,77,86.1235
2487,77,86.0889
2488,77,86.0543
2489,77,86.0197
2490,77,85.9851
2491,77,85.9506
2492,77,85.9161
2493,76,85.8817
2494,76,85.8472
2495,76,85.8128
2496,76,85.7784
2497,76,85.7441
2498,76,85.7098
2499,76,85.6755
2500,76,85.6412
2501,76,85.607
2502,76,85.5727
2503,76,85.5386
2504,76,85.5044
2505,75,85.4703
2506,75,85.4362
2507,75,85.4021
2508,75,85.368
2509,75,85.334
2510,75,85.3
2511,75,85.266
2512,75,85.2321
2513,75,85.1982
2514,75,85.1643
2515,75,85.1304
2516,75,85.0966
2517,75,85.0628
2518,74,85.029
2519,74,84.9952
2520,74,84.9615
2521,74,84.9278
2522,74,84.8941
2523,74,84.8605
2524,74,84.8269
2525,74,84.7933
2526,74,84.7597
2527,73,84.7262
2528,73,84.6926
2529,73,84.6592
2530,73,84.6257
2531,73,84.5923
2532,73,84.5588
2533,73,84.5255
2534,73,84.4921
2535,73,84.4588
2536,73,84.4255
2537,73,84.3922
2538,73,84.3589
2539,73,84.3257
2540,73,84.2925
2541,73,84.2593
2542,73,84.2262
2543,72,84.1931
2544,72,84.16
2545,72,84.1269
2546,72,84.0939
2547,72,84.0609
2548,72,84.0279
2549,72,83.9949
2550,72,83.962
2551,72,83.929
2552,72,83.8962
2553,72,83.8633
2554,72,83.8305
2555,72,83.7977
2556,72,83.7649
2557,72,83.7321
2558,72,83.6994
2559,72,83.6667
2560,72,83.634
2561,72,83.6013
2562,71,83.5687
2563,71,83.5361
2564,71,83.5035
2565,71,83.471
2566,71,83.4384
2567,71,83.4059
2568,71,83.3734
2569,71,83.341
2570,71,83.3086
2571,71,83.2762
2572,71,83.2438
2573,71,83.2114
2574,71,83.1791
2575,71,83.1468
2576,71,83.1145
2577,70,83.0823
2578,70,83.05
2579,70,83.0178
2580,70,82.9857
2581,70,82.9535
2582,70,82.9214
2583,70,82.8893
2584,70,82.8572
2585,70,82.8251
2586,70,82.7931
2587,70,82.7611
2588,70,82.7291
2589,70,82.6972
2590,70,82.6653
2591,70,82.6333
2592,70,82.6015
2593,70,82.5696
2594,70,82.5378
2595,70,82.506
2596,70,82.4742
2597,70,82.4424
2598,70,82.4107
2599,69,82.379
2600,69,82.3473
2601,69,82.3156
2602,69,82.284
2603,69,82.2524
2604,69,82.2208
2605,69,82.1893
2606,69,82.1577
2607,69,82.1262
2608,69,82.0947
2609,69,82.0632
2610,69,82.0318
2611,69,82.0004
2612,68,81.969
2613,68,81.9376
2614,68,81.9063
2615,68,81.875
2616,68,81.8437
2617,68,81.8124
2618,68,81.7811
2619,68,81.7499
2620,68,81.7187
2621,68,81.6875
2622,68,81.6564
2623,68,81.6252
2624,68,81.5941
2625,68,81.563
2626,67,81.532
2627,67,81.501
2628,67,81.4699
2629,67,81.439
2630,67,81.408
2631,67,81.377
2632,67,81.3461
2633,67,81.3152
2634,67,81.2844
2635,67,81.2535
2636,67,81.2227
2637,67,81.1919
2638,67,81.1611
2639,67,81.1304
2640,67,81.0996
2641,67,81.0689
2642,67,81.0382
2643,67,81.0076
2644,67,80.9769
2645,67,80.9463
2646,67,80.9157
2647,66,80.8852
2648,66,80.8546
2649,66,80.8241
2650,66,80.7936
2651,66,80.7631
2652,66,80.7327
2653,66,80.7022
2654,66,80.6718
2655,66,80.6414
2656,66,80.6111
2657,66,80.5807
2658,66,80.5504
2659,66,80.5201
2660,66,80.4898
2661,66,80.4596
2662,66,80.4294
2663,66,80.3992
2664,66,80.369
2665,66,80.3388
2666,66,80.3087
2667,65,80.2786
2668,65,80.2485
2669,65,80.2184
2670,65,80.1884
2671,65,80.1584
2672,65,80.1284
2673,65,80.0984
2674,65,80.0684
2675,65,80.0385
2676,65,80.0086
2677,65,79.9787
2678,65,79.9488
2679,65,79.919
2680,65,79.8892
2681,65,79.8594
2682,65,79.8296
2683,65,79.7999
2684,65,79.7701
2685,65,79.7404
2686,64,79.7107
2687,64,79.6811
2688,64,79.6514
2689,64,79.6218
2690,64,79.5922
2691,64,79.5626
2692,64,79.5331
2693,64,79.5035
2694,64,79.474
2695,64,79.4445
2696,64,79.4151
2697,64,79.3856
2698,64,79.3562
2699,64,79.3268
2700,64,79.2974
2701,64,79.268
2702,64,79.2387
2703,64,79.2094
2704,64,79.1801
2705,63,79.1508
2706,63,79.1216
2707,63,79.0924
2708,63,79.0631
2709,63,79.034
2710,63,79.0048
2711,63,78.9757
2712,63,78.9465
2713,63,78.9174
2714,63,78.8884
2715,63,78.8593
2716,63,78.8303
2717,63,78.8013
2718,63,78.7723
2719,63,78.7433
2720,63,78.7143
2721,63,78.6854
2722,63,78.6565
2723,63,78.6276
2724,63,78.5988
2725,62,78.5699
2726,62,78.5411
2727,62,78.5123
2728,62,78.4835
2729,62,78.4547
2730,62,78.426
2731,62,78.3973
2732,62,78.3686
2733,62,78.3399
2734,62,78.3113
2735,62,78.2826
2736,62,78.254
2737,62,78.2254
2738,62,78.1969
2739,62,78.1683
2740,62,78.1398
2741,62,78.1113
2742,62,78.0828
2743,62,78.0543
2744,62,78.0259
2745,62,77.9974
2746,62,77.969
2747,62,77.9407
2748,61,77.9123
2749,61,77.884
2750,61,77.8556
2751,61,77.8273
2752,61,77.7991
2753,61,77.7708
2754,61,77.7426
2755,61,77.7143
2756,61,77.6861
2757,61,77.658
2758,61,77.6298
2759,61,77.6017
2760,61,77.5736
2761,61,77.5455
2762,61,77.5174
2763,61,77.4893
2764,60,77.4613
2765,60,77.4333
2766,60,77.4053
2767,60,77.3773
2768,60,77.3493
2769,60,77.3214
2770,60,77.2935
2771,60,77.2656
2772,60,77.2377
2773,60,77.2099
2774,60,77.182
2775,60,77.1542
2776,60,77.1264
2777,60,77.0987
2778,60,77.0709
2779,60,77.0432
2780,60,77.0155
2781,60,76.9878
2782,60,76.9601
2783,60,76.9324
2784,60,76.9048
2785,60,76.8772
2786,60,76.8496
2787,60,76.822
2788,60,76.7945
2789,60,76.7669
2790,60,76.7394
2791,60,76.7119
2792,59,76.6845
2793,59,76.657
2794,59,76.6296
2795,59,76.6021
2796,59,76.5747
2797,59,76.5474
2798,59,76.52
2799,59,76.4927
2800,59,76.4654
2801,59,76.4381
2802,59,76.4108
2803,59,76.3835
2804,59,76.3563
2805,59,76.3291
2806,59,76.3019
2807,59,76.2747
2808,59,76.2475
2809,59,76.2204
2810,59,76.1932
2811,59,76.1661
2812,59,76.139
2813,59,76.112
2814,59,76.0849
2815,59,76.0579
2816,59,76.0309
2817,59,76.0039
2818,59,75.9769
2819,59,75.95
2820,59,75.923
2821,58,75.8961
2822,58,75.8692
2823,58,75.8424
2824,58,75.8155
2825,58,75.7887
2826,58,75.7619
2827,58,75.7351
2828,58,75.7083
2829,58,75.6815
2830,58,75.6548
2831,58,75.628
2832,58,75.6013
2833,58,75.5747
2834,58,75.548
2835,58,75.5213
2836,58,75.4947
2837,58,75.4681
2838,58,75.4415
2839,58,75.4149
2840,58,75.3884
2841,58,75.3618
2842,58,75.3353
2843,58,75.3088
2844,58,75.2823
2845,58,75.2559
2846,58,75.2294
2847,58,75.203
2848,58,75.1766
2849,58,75.1502
2850,58,75.1239
2851,58,75.0975
2852,57,75.0712
2853,57,75.0449
2854,57,75.0186
2855,57,74.9923
2856,57,74.966
2857,57,74.9398
2858,57,74.9136
2859,57,74.8874
2860,57,74.8612
2861,57,74.835
2862,57,74.8089
2863,57,74.7827
2864,57,74.7566
2865,57,74.7305
2866,57,74.7045
2867,57,74.6784
2868,57,74.6524
2869,57,74.6264
2870,57,74.6003
2871,57,74.5744
2872,57,74.5484
2873,57,74.5225
2874,57,74.4965
2875,57,74.4706
2876,57,74.4447
2877,57,74.4188
2878,56,74.393
2879,56,74.3671
2880,56,74.3413
2881,56,74.3155
2882,56,74.2897
2883,56,74.264
2884,56,74.2382
2885,56,74.2125
2886,56,74.1868
2887,56,74.1611
2888,56,74.1354
2889,56,74.1097
2890,56,74.0841
2891,56,74.0585
2892,56,74.0328
2893,56,74.0073
2894,56,73.9817
2895,56,73.9561
2896,56,73.9306
2897,56,73.9051
2898,56,73.8796
2899,56,73.8541
2900,56,73.8286
2901,56,73.8032
2902,55,73.7777
2903,55,73.7523
2904,55,73.7269
2905,55,73.7015
2906,55,73.6762
2907,55,73.6508
2908,55,73.6255
2909,55,73.6002
2910,55,73.5749
2911,55,73.5496
2912,55,73.5244
2913,55,73.4991
2914,55,73.4739
2915,55,73.4487
2916,55,73.4235
2917,55,73.3984
2918,55,73.3732
2919,55,73.3481
2920,55,73.3229
2921,55,73.2978
2922,55,73.2728
2923,55,73.2477
2924,55,73.2226
2925,55,73.1976
2926,55,73.1726
2927,55,73.1476
2928,55,73.1226
2929,55,73.0976
2930,55,73.0727
2931,55,73.0478
2932,55,73.0229
2933,54,72.998
2934,54,72.9731
2935,54,72.9482
2936,54,72.9234
2937,54,72.8985
2938,54,72.8737
2939,54,72.8489
2940,54,72.8241
2941,54,72.7994
2942,54,72.7746
2943,54,72.7499
2944,54,72.7252
2945,54,72.7005
2946,54,72.6758
2947,54,72.6512
2948,54,72.6265
2949,54,72.6019
2950,54,72.5773
2951,54,72.5527
2952,54,72.5281
2953,54,72.5036
2954,54,72.479
2955,54,72.4545
2956,54,72.43
2957,54,72.4055
2958,54,72.381
2959,54,72.3565
2960,54,72.3321
2961,54,72.3077
2962,54,72.2833
2963,54,72.2589
2964,54,72.2345
2965,54,72.2101
2966,54,72.1858
2967,53,72.1614
2968,53,72.1371
2969,53,72.1128
2970,53,72.0886
2971,53,72.0643
2972,53,72.04
2973,53,72.0158
2974,53,71.9916
2975,53,71.9674
2976,53,71.9432
2977,53,71.919
2978,53,71.8949
2979,53,71.8708
2980,53,71.8466
2981,53,71.8225
2982,53,71.7985
2983,53,71.7744
2984,53,71.7503
2985,53,71.7263
2986,53,71.7023
2987,53,71.6783
2988,53,71.6543
2989,53,71.6303
2990,53,71.6064
2991,53,71.5824
2992,53,71.5585
2993,53,71.5346
2994,53,71.5107
2995,53,71.4868
2996,53,71.463
2997,53,71.4391
2998,52,71.4153
2999,52,71.3915
3000,52,71.3677
3001,52,71.3439
3002,52,71.3201
3003,52,71.2964
3004,52,71.2726
3005,52,71.2489
3006,52,71.2252
3007,52,71.2015
3008,52,71.1779
3009,52,71.1542
3010,52,71.1306
3011,52,71.1069
3012,52,71.0833
3013,52,71.0597
3014,52,71.0362
3015,52,71.0126
3016,52,70.9891
3017,52,70.9655
3018,52,70.942
3019,52,70.9185
3020,52,70.895
3021,52,70.8716
3022,52,70.8481
3023,52,70.8247
3024,52,70.8013
3025,52,70.7779
3026,52,70.7545
3027,52,70.7311
3028,52,70.7077
3029,52,70.6844
3030,52,70.6611
3031,52,70.6377
3032,52,70.6144
3033,52,70.5912
3034,52,70.5679
3035,52,70.5446
3036,52,70.5214
3037,51,70.4982
3038,51,70.475
3039,51,70.4518
3040,51,70.4286
3041,51,70.4055
3042,51,70.3823
3043,51,70.3592
3044,51,70.3361
3045,51,70.313
3046,51,70.2899
3047,51,70.2668
3048,51,70.2438
3049,51,70.2207
3050,51,70.1977
3051,51,70.1747
3052,51,70.1517
3053,51,70.1287
3054,51,70.1058
3055,51,70.0828
3056,51,70.0599
3057,51,70.037
3058,51,70.0141
3059,51,69.9912
3060,51,69.9683
3061,51,69.9454
3062,51,69.9226
3063,51,69.8998
3064,51,69.877
3065,51,69.8542
3066,51,69.8314
3067,51,69.8086
3068,51,69.7859
3069,51,69.7631
3070,50,69.7404
3071,50,69.7177
3072,50,69.695
3073,50,69.6723
3074,50,69.6496
3075,50,69.627
3076,50,69.6044
3077,50,69.5817
3078,50,69.5591
3079,50,69.5365
3080,50,69.514
3081,50,69.4914
3082,50,69.4689
3083,50,69.4463
3084,50,69.4238
3085,50,69.4013
3086,50,69.3788
3087,50,69.3563
3088,50,69.3339
3089,50,69.3114
3090,50,69.289
3091,50,69.2666
3092,50,69.2442
3093,50,69.2218
3094,50,69.1994
3095,50,69.1771
3096,50,69.1547
3097,50,69.1324
3098,50,69.1101
3099,50,69.0878
3100,50,69.0655
3101,50,69.0432
3102,50,69.021
3103,50,68.9987
3104,50,68.9765
3105,50,68.9543
3106,50,68.9321
3107,50,68.9099
3108,50,68.8877
3109,50,68.8656
3110,50,68.8434
3111,50,68.8213
3112,50,68.7992
3113,49,68.7771
3114,49,68.755
3115,49,68.7329
3116,49,68.7108
3117,49,68.6888
3118,49,68.6668
3119,49,68.6448
3120,49,68.6228
3121,49,68.6008
3122,49,68.5788
3123,49,68.5568
3124,49,68.5349
3125,49,68.513
3126,49,68.491
3127,49,68.4691
3128,49,68.4473
3129,49,68.4254
3130,49,68.4035
3131,49,68.3817
3132,49,68.3598
3133,49,68.338
3134,49,68.3162
3135,49,68.2944
3136,49,68.2726
3137,49,68.2509
3138,49,68.2291
3139,49,68.2074
3140,49,68.1857
3141,49,68.164
3142,49,68.1423
3143,49,68.1206
3144,49,68.0989
3145,49,68.0773
3146,49,68.0556
3147,48,68.034
3148,48,68.0124
3149,48,67.9908
3150,48,67.9692
3151,48,67.9476
3152,48,67.9261
3153,48,67.9045
3154,48,67.883
3155,48,67.8615
3156,48,67.84
3157,48,67.8185
3158,48,67.797
3159,48,67.7756
3160,48,67.7541
3161,48,67.7327
3162,48,67.7113
3163,48,67.6899
3164,48,67.6685
3165,48,67.6471
3166,48,67.6257
3167,48,67.6044
3168,48,67.583
3169,48,67.5617
3170,48,67.5404
3171,48,67.5191
3172,48,67.4978
3173,48,67.4765
3174,48,67.4553
3175,48,67.434
3176,48,67.4128
3177,48,67.3916
3178,48,67.3704
3179,48,67.3492
3180,48,67.328
3181,48,67.3068
3182,47,67.2857
3183,47,67.2645
3184,47,67.2434
3185,47,67.2223
3186,47,67.2012
3187,47,67.1801
3188,47,67.159
3189,47,67.138
3190,47,67.1169
3191,47,67.0959
3192,47,67.0749
3193,47,67.0539
3194,47,67.0329
3195,47,67.0119
3196,47,66.9909
3197,47,66.97
3198,47,66.949
3199,47,66.9281
3200,47,66.9072
3201,47,66.8863
3202,47,66.8654
3203,47,66.8445
3204,47,66.8237
3205,47,66.8028
3206,47,66.782
3207,47,66.7611
3208,47,66.7403
3209,47,66.7195
3210,47,66.6988
3211,47,66.678
3212,47,66.6572
3213,47,66.6365
3214,47,66.6157
3215,47,66.595
3216,47,66.5743
3217,47,66.5536
3218,47,66.5329
3219,47,66.5123
3220,47,66.4916
3221,47,66.471
3222,47,66.4503
3223,47,66.4297
3224,47,66.4091
3225,47,66.3885
3226,46,66.3679
3227,46,66.3474
3228,46,66.3268
3229,46,66.3063
3230,46,66.2858
3231,46,66.2652
3232,46,66.2447
3233,46,66.2242
3234,46,66.2038
3235,46,66.1833
3236,46,66.1629
3237,46,66.1424
3238,46,66.122
3239,46,66.1016
3240,46,66.0812
3241,46,66.0608
3242,46,66.0404
3243,46,66.02
3244,46,65.9997
3245,46,65.9794
3246,46,65.959
3247,46,65.9387
3248,46,65.9184
3249,46,65.8981
3250,46,65.8778
3251,46,65.8576
3252,46,65.8373
3253,46,65.8171
3254,46,65.7969
3255,46,65.7767
3256,46,65.7564
3257,46,65.7363
3258,46,65.7161
3259,46,65.6959
3260,45,65.6758
3261,45,65.6556
3262,45,65.6355
3263,45,65.6154
3264,45,65.5953
3265,45,65.5752
3266,45,65.5551
3267,45,65.535
3268,45,65.515
3269,45,65.495
3270,45,65.4749
3271,45,65.4549
3272,45,65.4349
3273,45,65.4149
3274,45,65.3949
3275,45,65.375
3276,45,65.355
3277,45,65.3351
3278,45,65.3151
3279,45,65.2952
3280,45,65.2753
3281,45,65.2554
3282,45,65.2355
3283,45,65.2157
3284,45,65.1958
3285,45,65.176
3286,45,65.1561
3287,45,65.1363
3288,45,65.1165
3289,45,65.0967
3290,45,65.0769
3291,45,65.0571
3292,45,65.0374
3293,45,65.0176
3294,45,64.9979
3295,45,64.9781
3296,45,64.9584
3297,45,64.9387
3298,45,64.919
3299,45,64.8994
3300,45,64.8797
3301,45,64.86
3302,44,64.8404
3303,44,64.8208
3304,44,64.8012
3305,44,64.7815
3306,44,64.7619
3307,44,64.7424
3308,44,64.7228
3309,44,64.7032
3310,44,64.6837
3311,44,64.6641
3312,44,64.6446
3313,44,64.6251
3314,44,64.6056
3315,44,64.5861
3316,44,64.5666
3317,44,64.5472
3318,44,64.5277
3319,44,64.5083
3320,44,64.4889
3321,44,64.4694
3322,44,64.45
3323,44,64.4306
3324,44,64.4113
3325,44,64.3919
3326,44,64.3725
3327,44,64.3532
3328,44,64.3338
3329,44,64.3145
3330,44,64.2952
3331,44,64.2759
3332,44,64.2566
3333,44,64.2373
3334,44,64.2181
3335,43,64.1988
3336,43,64.1796
3337,43,64.1603
3338,43,64.1411
3339,43,64.1219
3340,43,64.1027
3341,43,64.0835
3342,43,64.0643
3343,43,64.0452
3344,43,64.026
3345,43,64.0069
3346,43,63.9877
3347,43,63.9686
3348,43,63.9495
3349,43,63.9304
3350,43,63.9113
3351,43,63.8923
3352,43,63.8732
3353,43,63.8542
3354,43,63.8351
3355,43,63.8161
3356,43,63.7971
3357,43,63.7781
3358,43,63.7591
3359,43,63.7401
3360,43,63.7211
3361,43,63.7022
3362,43,63.6832
3363,43,63.6643
3364,43,63.6454
3365,43,63.6264
3366,43,63.6075
3367,43,63.5887
3368,43,63.5698
3369,43,63.5509
3370,42,63.532
3371,42,63.5132
3372,42,63.4944
3373,42,63.4755
3374,42,63.4567
3375,42,63.4379
3376,42,63.4191
3377,42,63.4004
3378,42,63.3816
3379,42,63.3628
3380,42,63.3441
3381,42,63.3253
3382,42,63.3066
3383,42,63.2879
3384,42,63.2692
3385,42,63.2505
3386,42,63.2318
3387,42,63.2132
3388,42,63.1945
3389,42,63.1759
3390,42,63.1572
3391,42,63.1386
3392,42,63.12
3393,42,63.1014
3394,42,63.0828
3395,42,63.0642
3396,42,63.0456
3397,42,63.0271
3398,42,63.0085
3399,42,62.99
3400,42,62.9715
3401,42,62.953
3402,42,62.9345
3403,42,62.916
3404,42,62.8975
3405,42,62.879
3406,42,62.8605
3407,42,62.8421
3408,41,62.8237
3409,41,62.8052
3410,41,62.7868
3411,41,62.7684
3412,41,62.75
3413,41,62.7316
3414,41,62.7132
3415,41,62.6949
3416,41,62.6765
3417,41,62.6582
3418,41,62.6398
3419,41,62.6215
3420,41,62.6032
3421,41,62.5849
3422,41,62.5666
3423,41,62.5483
3424,41,62.5301
3425,41,62.5118
3426,41,62.4936
3427,41,62.4753
3428,41,62.4571
3429,41,62.4389
3430,41,62.4207
3431,41,62.4025
3432,41,62.3843
3433,41,62.3662
3434,41,62.348
3435,41,62.3298
3436,41,62.3117
3437,41,62.2936
3438,41,62.2755
3439,41,62.2573
3440,41,62.2392
3441,41,62.2212
3442,41,62.2031
3443,41,62.185
3444,41,62.167
3445,41,62.1489
3446,41,62.1309
3447,41,62.1129
3448,41,62.0948
3449,41,62.0768
3450,41,62.0588
3451,41,62.0409
3452,41,62.0229
3453,41,62.0049
3454,41,61.987
3455,41,61.969
3456,41,61.9511
3457,41,61.9332
3458,41,61.9153
3459,40,61.8974
3460,40,61.8795
3461,40,61.8616
3462,40,61.8437
3463,40,61.8259
3464,40,61.808
3465,40,61.7902
3466,40,61.7724
3467,40,61.7545
3468,40,61.7367
3469,40,61.7189
3470,40,61.7012
3471,40,61.6834
3472,40,61.6656
3473,40,61.6479
3474,40,61.6301
3475,40,61.6124
3476,40,61.5946
3477,40,61.5769
3478,40,61.5592
3479,40,61.5415
3480,40,61.5239
3481,40,61.5062
3482,40,61.4885
3483,40,61.4709
3484,40,61.4532
3485,40,61.4356
3486,40,61.418
3487,40,61.4003
3488,40,61.3827
3489,40,61.3651
3490,40,61.3476
3491,40,61.33
3492,40,61.3124
3493,40,61.2949
3494,40,61.2773
3495,40,61.2598
3496,40,61.2423
3497,40,61.2248
3498,40,61.2073
3499,40,61.1898
3500,40,61.1723
3501,40,61.1548
3502,40,61.1374
3503,40,61.1199
3504,40,61.1025
3505,40,61.085
3506,40,61.0676
3507,40,61.0502
3508,40,61.0328
3509,40,61.0154
3510,40,60.998
3511,39,60.9806
3512,39,60.9633
3513,39,60.9459
3514,39,60.9286
3515,39,60.9112
3516,39,60.8939
3517,39,60.8766
3518,39,60.8593
3519,39,60.842
3520,39,60.8247
3521,39,60.8074
3522,39,60.7902
3523,39,60.7729
3524,39,60.7557
3525,39,60.7384
3526,39,60.7212
3527,39,60.704
3528,39,60.6868
3529,39,60.6696
3530,39,60.6524
3531,39,60.6352
3532,39,60.6181
3533,39,60.6009
3534,39,60.5838
3535,39,60.5666
3536,39,60.5495
3537,39,60.5324
3538,39,60.5153
3539,39,60.4982
3540,39,60.4811
3541,39,60.464
3542,39,60.4469
3543,39,60.4299
3544,39,60.4128
3545,39,60.3958
3546,39,60.3787
3547,39,60.3617
3548,39,60.3447
3549,39,60.3277
3550,39,60.3107
3551,39,60.2937
3552,39,60.2767
3553,39,60.2598
3554,39,60.2428
3555,39,60.2259
3556,39,60.2089
3557,39,60.192
3558,39,60.1751
3559,39,60.1582
3560,39,60.1413
3561,39,60.1244
3562,39,60.1075
3563,39,60.0907
3564,39,60.0738
3565,39,60.0569
3566,39,60.0401
3567,39,60.0233
3568,39,60.0064
3569,38,59.9896
3570,38,59.9728
3571,38,59.956
3572,38,59.9392
3573,38,59.9225
3574,38,59.9057
3575,38,59.889
3576,38,59.8722
3577,38,59.8555
3578,38,59.8387
3579,38,59.822
3580,38,59.8053
3581,38,59.7886
3582,38,59.7719
3583,38,59.7552
3584,38,59.7386
3585,38,59.7219
3586,38,59.7052
3587,38,59.6886
3588,38,59.672
3589,38,59.6553
3590,38,59.6387
3591,38,59.6221
3592,38,59.6055
3593,38,59.5889
3594,38,59.5723
3595,38,59.5558
3596,38,59.5392
3597,38,59.5227
3598,38,59.5061
3599,38,59.4896
3600,38,59.4731
3601,38,59.4565
3602,38,59.44
3603,38,59.4235
3604,38,59.407
3605,38,59.3906
3606,38,59.3741
3607,38,59.3576
3608,38,59.3412
3609,38,59.3247
3610,38,59.3083
3611,38,59.2919
3612,38,59.2755
3613,38,59.2591
3614,38,59.2427
3615,37,59.2263
3616,37,59.2099
3617,37,59.1935
3618,37,59.1772
3619,37,59.1608
3620,37,59.1445
3621,37,59.1281
3622,37,59.1118
3623,37,59.0955
3624,37,59.0792
3625,37,59.0629
3626,37,59.0466
3627,37,59.0303
3628,37,59.0141
3629,37,58.9978
3630,37,58.9815
3631,37,58.9653
3632,37,58.9491
3633,37,58.9328
3634,37,58.9166
3635,37,58.9004
3636,37,58.8842
3637,37,58.868
3638,37,58.8518
3639,37,58.8357
3640,37,58.8195
3641,37,58.8034
3642,37,58.7872
3643,37,58.7711
3644,37,58.7549
3645,37,58.7388
3646,37,58.7227
3647,37,58.7066
3648,37,58.6905
3649,37,58.6744
3650,37,58.6584
3651,37,58.6423
3652,37,58.6262
3653,37,58.6102
3654,37,58.5941
3655,37,58.5781
3656,37,58.5621
3657,37,58.5461
3658,37,58.5301
3659,37,58.5141
3660,37,58.4981
3661,37,58.4821
3662,37,58.4661
3663,37,58.4502
3664,37,58.4342
3665,37,58.4183
3666,37,58.4023
3667,36,58.3864
3668,36,58.3705
3669,36,58.3546
3670,36,58.3387
3671,36,58.3228
3672,36,58.3069
3673,36,58.291
3674,36,58.2752
3675,36,58.2593
3676,36,58.2435
3677,36,58.2276
3678,36,58.2118
3679,36,58.196
3680,36,58.1802
3681,36,58.1644
3682,36,58.1486
3683,36,58.1328
3684,36,58.117
3685,36,58.1012
3686,36,58.0855
3687,36,58.0697
3688,36,58.054
3689,36,58.0382
3690,36,58.0225
3691,36,58.0068
3692,36,57.9911
3693,36,57.9754
3694,36,57.9597
3695,36,57.944
3696,36,57.9283
3697,36,57.9126
3698,36,57.897
3699,36,57.8813
3700,36,57.8657
3701,36,57.85
3702,36,57.8344
3703,36,57.8188
3704,36,57.8032
3705,36,57.7876
3706,36,57.772
3707,36,57.7564
3708,36,57.7408
3709,36,57.7253
3710,36,57.7097
3711,36,57.6942
3712,36,57.6786
3713,36,57.6631
3714,36,57.6475
3715,36,57.632
3716,36,57.6165
3717,36,57.601
3718,36,57.5855
3719,36,57.57
3720,36,57.5546
3721,36,57.5391
3722,36,57.5236
3723,36,57.5082
3724,36,57.4927
3725,36,57.4773
3726,36,57.4619
3727,35,57.4465
3728,35,57.4311
3729,35,57.4157
3730,35,57.4003
3731,35,57.3849
3732,35,57.3695
3733,35,57.3541
3734,35,57.3388
3735,35,57.3234
3736,35,57.3081
3737,35,57.2927
3738,35,57.2774
3739,35,57.2621
3740,35,57.2468
3741,35,57.2315
3742,35,57.2162
3743,35,57.2009
3744,35,57.1856
3745,35,57.1704
3746,35,57.1551
3747,35,57.1398
3748,35,57.1246
3749,35,57.1094
3750,35,57.0941
3751,35,57.0789
3752,35,57.0637
3753,35,57.0485
3754,35,57.0333
3755,35,57.0181
3756,35,57.0029
3757,35,56.9878
3758,35,56.9726
3759,35,56.9574
3760,35,56.9423
3761,35,56.9271
3762,35,56.912
3763,35,56.8969
3764,35,56.8818
3765,35,56.8667
3766,35,56.8516
3767,35,56.8365
3768,35,56.8214
3769,34,56.8063
3770,34,56.7912
3771,34,56.7762
3772,34,56.7611
3773,34,56.7461
3774,34,56.7311
3775,34,56.716
3776,34,56.701
3777,34,56.686
3778,34,56.671
3779,34,56.656
3780,34,56.641
3781,34,56.626
3782,34,56.6111
3783,34,56.5961
3784,34,56.5811
3785,34,56.5662
3786,34,56.5512
3787,34,56.5363
3788,34,56.5214
3789,34,56.5065
3790,34,56.4916
3791,34,56.4767
3792,34,56.4618
3793,34,56.4469
3794,34,56.432
3795,34,56.4171
3796,34,56.4023
3797,34,56.3874
3798,34,56.3726
3799,34,56.3577
3800,34,56.3429
3801,34,56.3281
3802,34,56.3133
3803,34,56.2984
3804,34,56.2836
3805,34,56.2689
3806,34,56.2541
3807,34,56.2393
3808,34,56.2245
3809,34,56.2098
3810,34,56.195
3811,34,56.1803
3812,34,56.1655
3813,34,56.1508
3814,34,56.1361
3815,34,56.1214
3816,34,56.1067
3817,34,56.092
3818,34,56.0773
3819,34,56.0626
3820,34,56.0479
3821,34,56.0332
3822,34,56.0186
3823,34,56.0039
3824,34,55.9893
3825,34,55.9746
3826,34,55.96
3827,34,55.9454
3828,34,55.9308
3829,34,55.9162
3830,34,55.9016
3831,34,55.887
3832,34,55.8724
3833,34,55.8578
3834,34,55.8432
3835,34,55.8287
3836,34,55.8141
3837,34,55.7996
3838,34,55.785
3839,34,55.7705
3840,34,55.756
3841,34,55.7415
3842,34,55.727
3843,34,55.7125
3844,34,55.698
3845,33,55.6835
3846,33,55.669
3847,33,55.6545
3848,33,55.6401
3849,33,55.6256
3850,33,55.6112
3851,33,55.5967
3852,33,55.5823
3853,33,55.5679
3854,33,55.5535
3855,33,55.539
3856,33,55.5246
3857,33,55.5102
3858,33,55.4959
3859,33,55.4815
3860,33,55.4671
3861,33,55.4527
3862,33,55.4384
3863,33,55.424
3864,33,55.4097
3865,33,55.3953
3866,33,55.381
3867,33,55.3667
3868,33,55.3524
3869,33,55.3381
3870,33,55.3238
3871,33,55.3095
3872,33,55.2952
3873,33,55.2809
3874,33,55.2666
3875,33,55.2524
3876,33,55.2381
3877,33,55.2239
3878,33,55.2096
3879,33,55.1954
3880,33,55.1812
3881,33,55.167
3882,33,55.1528
3883,33,55.1386
3884,33,55.1244
3885,33,55.1102
3886,33,55.096
3887,33,55.0818
3888,33,55.0676
3889,33,55.0535
3890,33,55.0393
3891,33,55.0252
3892,33,55.011
3893,33,54.9969
3894,33,54.9828
3895,33,54.9687
3896,33,54.9546
3897,33,54.9405
3898,33,54.9264
3899,33,54.9123
3900,33,54.8982
3901,33,54.8841
3902,33,54.8701
3903,33,54.856
3904,33,54.842
3905,33,54.8279
3906,33,54.8139
3907,33,54.7998
3908,33,54.7858
3909,33,54.7718
3910,33,54.7578
3911,32,54.7438
3912,32,54.7298
3913,32,54.7158
3914,32,54.7018
3915,32,54.6879
3916,32,54.6739
3917,32,54.6599
3918,32,54.646
3919,32,54.632
3920,32,54.6181
3921,32,54.6042
3922,32,54.5903
3923,32,54.5763
3924,32,54.5624
3925,32,54.5485
3926,32,54.5346
3927,32,54.5208
3928,32,54.5069
3929,32,54.493
3930,32,54.4791
3931,32,54.4653
3932,32,54.4514
3933,32,54.4376
3934,32,54.4237
3935,32,54.4099
3936,32,54.3961
3937,32,54.3823
3938,32,54.3685
3939,32,54.3547
3940,32,54.3409
3941,32,54.3271
3942,32,54.3133
3943,32,54.2995
3944,32,54.2858
3945,32,54.272
3946,32,54.2582
3947,32,54.2445
3948,32,54.2307
3949,32,54.217
3950,32,54.2033
3951,32,54.1896
3952,32,54.1759
3953,32,54.1622
3954,32,54.1485
3955,32,54.1348
3956,32,54.1211
3957,32,54.1074
3958,32,54.0937
3959,32,54.0801
3960,32,54.0664
3961,32,54.0528
3962,32,54.0391
3963,32,54.0255
3964,32,54.0119
3965,32,53.9982
3966,32,53.9846
3967,32,53.971
3968,32,53.9574
3969,32,53.9438
3970,32,53.9302
3971,32,53.9166
3972,32,53.9031
3973,32,53.8895
3974,32,53.8759
3975,31,53.8624
3976,31,53.8488
3977,31,53.8353
3978,31,53.8218
3979,31,53.8082
3980,31,53.7947
3981,31,53.7812
3982,31,53.7677
3983,31,53.7542
3984,31,53.7407
3985,31,53.7272
3986,31,53.7137
3987,31,53.7003
3988,31,53.6868
3989,31,53.6734
3990,31,53.6599
3991,31,53.6465
3992,31,53.633
3993,31,53.6196
3994,31,53.6062
3995,31,53.5927
3996,31,53.5793
3997,31,53.5659
3998,31,53.5525
3999,31,53.5391
4000,31,53.5258
4001,31,53.5124
4002,31,53.499
4003,31,53.4856
4004,31,53.4723
4005,31,53.4589
4006,31,53.4456
4007,31,53.4322
4008,31,53.4189
4009,31,53.4056
4010,31,53.3923
4011,31,53.379
4012,31,53.3657
4013,31,53.3524
4014,31,53.3391
4015,31,53.3258
4016,31,53.3125
4017,31,53.2992
4018,31,53.286
4019,31,53.2727
4020,31,53.2595
4021,31,53.2462
4022,31,53.233
4023,31,53.2197
4024,31,53.2065
4025,31,53.1933
4026,31,53.1801
4027,31,53.1669
4028,31,53.1537
4029,31,53.1405
4030,31,53.1273
4031,31,53.1141
4032,31,53.1009
4033,31,53.0878
4034,31,53.0746
4035,31,53.0615
4036,31,53.0483
4037,31,53.0352
4038,31,53.022
4039,31,53.0089
4040,31,52.9958
4041,31,52.9827
4042,31,52.9696
4043,31,52.9565
4044,30,52.9434
4045,30,52.9303
4046,30,52.9172
4047,30,52.9041
4048,30,52.8911
4049,30,52.878
4050,30,52.8649
4051,30,52.8519
4052,30,52.8388
4053,30,52.8258
4054,30,52.8128
4055,30,52.7998
4056,30,52.7867
4057,30,52.7737
4058,30,52.7607
4059,30,52.7477
4060,30,52.7347
4061,30,52.7217
4062,30,52.7088
4063,30,52.6958
4064,30,52.6828
4065,30,52.6699
4066,30,52.6569
4067,30,52.644
4068,30,52.631
4069,30,52.6181
4070,30,52.6052
4071,30,52.5922
4072,30,52.5793
4073,30,52.5664
4074,30,52.5535
4075,30,52.5406
4076,30,52.5277
4077,30,52.5148
4078,30,52.502
4079,30,52.4891
4080,30,52.4762
4081,30,52.4634
4082,30,52.4505
4083,30,52.4377
4084,30,52.4248
4085,30,52.412
4086,30,52.3992
4087,30,52.3863
4088,30,52.3735
4089,30,52.3607
4090,30,52.3479
4091,30,52.3351
4092,30,52.3223
4093,30,52.3096
4094,30,52.2968
4095,30,52.284
4096,30,52.2712
4097,30,52.2585
4098,30,52.2457
4099,30,52.233
4100,30,52.2202
4101,30,52.2075
4102,30,52.1948
4103,30,52.1821
4104,30,52.1693
4105,30,52.1566
4106,30,52.1439
4107,30,52.1312
4108,30,52.1185
4109,30,52.1059
4110,30,52.0932
4111,30,52.0805
4112,30,52.0679
4113,30,52.0552
4114,30,52.0425
4115,30,52.0299
4116,30,52.0172
4117,30,52.0046
4118,30,51.992
4119,30,51.9794
4120,30,51.9667
4121,30,51.9541
4122,30,51.9415
4123,30,51.9289
4124,30,51.9163
4125,30,51.9038
4126,30,51.8912
4127,29,51.8786
4128,29,51.866
4129,29,51.8535
4130,29,51.8409
4131,29,51.8284
4132,29,51.8158
4133,29,51.8033
4134,29,51.7908
4135,29,51.7782
4136,29,51.7657
4137,29,51.7532
4138,29,51.7407
4139,29,51.7282
4140,29,51.7157
4141,29,51.7032
4142,29,51.6907
4143,29,51.6783
4144,29,51.6658
4145,29,51.6533
4146,29,51.6409
4147,29,51.6284
4148,29,51.616
4149,29,51.6035
4150,29,51.5911
4151,29,51.5787
4152,29,51.5662
4153,29,51.5538
4154,29,51.5414
4155,29,51.529
4156,29,51.5166
4157,29,51.5042
4158,29,51.4918
4159,29,51.4794
4160,29,51.4671
4161,29,51.4547
4162,29,51.4423
4163,29,51.43
4164,29,51.4176
4165,29,51.4053
4166,29,51.3929
4167,29,51.3806
4168,29,51.3683
4169,29,51.356
4170,29,51.3436
4171,29,51.3313
4172,29,51.319
4173,29,51.3067
4174,29,51.2944
4175,29,51.2822
4176,29,51.2699
4177,29,51.2576
4178,29,51.2453
4179,29,51.2331
4180,29,51.2208
4181,29,51.2086
4182,29,51.1963
4183,29,51.1841
4184,29,51.1718
4185,29,51.1596
4186,29,51.1474
4187,29,51.1352
4188,29,51.123
4189,29,51.1108
4190,29,51.0986
4191,29,51.0864
4192,29,51.0742
4193,29,51.062
4194,29,51.0498
4195,29,51.0377
4196,29,51.0255
4197,29,51.0133
4198,29,51.0012
4199,29,50.989
4200,29,50.9769
4201,29,50.9648
4202,29,50.9526
4203,29,50.9405
4204,29,50.9284
4205,29,50.9163
4206,29,50.9042
4207,29,50.8921
4208,29,50.88
4209,29,50.8679
4210,29,50.8558
4211,29,50.8437
4212,29,50.8317
4213,29,50.8196
4214,29,50.8075
4215,29,50.7955
4216,28,50.7834
4217,28,50.7714
4218,28,50.7594
4219,28,50.7473
4220,28,50.7353
4221,28,50.7233
4222,28,50.7113
4223,28,50.6993
4224,28,50.6873
4225,28,50.6753
4226,28,50.6633
4227,28,50.6513
4228,28,50.6393
4229,28,50.6273
4230,28,50.6154
4231,28,50.6034
4232,28,50.5914
4233,28,50.5795
4234,28,50.5675
4235,28,50.5556
4236,28,50.5437
4237,28,50.5317
4238,28,50.5198
4239,28,50.5079
4240,28,50.496
4241,28,50.4841
4242,28,50.4722
4243,28,50.4603
4244,28,50.4484
4245,28,50.4365
4246,28,50.4246
4247,28,50.4128
4248,28,50.4009
4249,28,50.389
4250,28,50.3772
4251,28,50.3653
4252,28,50.3535
4253,28,50.3416
4254,28,50.3298
4255,28,50.318
4256,28,50.3062
4257,28,50.2943
4258,28,50.2825
4259,28,50.2707
4260,28,50.2589
4261,28,50.2471
4262,28,50.2353
4263,28,50.2236
4264,28,50.2118
4265,28,50.2
4266,28,50.1882
4267,28,50.1765
4268,28,50.1647
4269,28,50.153
4270,28,50.1412
4271,28,50.1295
4272,28,50.1177
4273,28,50.106
4274,28,50.0943
4275,28,50.0826
4276,28,50.0709
4277,28,50.0592
4278,28,50.0475
4279,28,50.0358
4280,28,50.0241
4281,28,50.0124
4282,28,50.0007
4283,28,49.989
4284,28,49.9774
4285,28,49.9657
4286,28,49.954
4287,28,49.9424
4288,28,49.9307
4289,28,49.9191
4290,28,49.9075
4291,28,49.8958
4292,28,49.8842
4293,28,49.8726
4294,28,49.861
4295,28,49.8494
4296,28,49.8378
4297,28,49.8262
4298,28,49.8146
4299,28,49.803
4300,28,49.7914
4301,28,49.7798
4302,28,49.7682
4303,28,49.7567
4304,28,49.7451
4305,28,49.7336
4306,28,49.722
4307,28,49.7105
4308,28,49.6989
4309,28,49.6874
4310,28,49.6759
4311,28,49.6643
4312,27,49.6528
4313,27,49.6413
4314,27,49.6298
4315,27,49.6183
4316,27,49.6068
4317,27,49.5953
4318,27,49.5838
4319,27,49.5724
4320,27,49.5609
4321,27,49.5494
4322,27,49.5379
4323,27,49.5265
4324,27,49.515
4325,27,49.5036
4326,27,49.4921
4327,27,49.4807
4328,27,49.4693
4329,27,49.4578
4330,27,49.4464
4331,27,49.435
4332,27,49.4236
4333,27,49.4122
4334,27,49.4008
4335,27,49.3894
4336,27,49.378
4337,27,49.3666
4338,27,49.3552
4339,27,49.3439
4340,27,49.3325
4341,27,49.3211
4342,27,49.3098
4343,27,49.2984
4344,27,49.2871
4345,27,49.2757
4346,27,49.2644
4347,27,49.253
4348,27,49.2417
4349,27,49.2304
4350,27,49.2191
4351,27,49.2078
4352,27,49.1965
4353,27,49.1852
4354,27,49.1739
4355,27,49.1626
4356,27,49.1513
4357,27,49.14
4358,27,49.1287
4359,27,49.1175
4360,27,49.1062
4361,27,49.0949
4362,27,49.0837
4363,27,49.0724
4364,27,49.0612
4365,27,49.0499
4366,27,49.0387
4367,27,49.0275
4368,27,49.0163
4369,27,49.005
4370,27,48.9938
4371,27,48.9826
4372,27,48.9714
4373,27,48.9602
4374,27,48.949
4375,27,48.9378
4376,27,48.9266
4377,27,48.9155
4378,27,48.9043
4379,27,48.8931
4380,27,48.882
4381,27,48.8708
4382,27,48.8597
4383,27,48.8485
4384,27,48.8374
4385,27,48.8262
4386,27,48.8151
4387,27,48.804
4388,27,48.7928
4389,27,48.7817
4390,27,48.7706
4391,27,48.7595
4392,27,48.7484
4393,27,48.7373
4394,27,48.7262
4395,27,48.7151
4396,27,48.704
4397,27,48.693
4398,27,48.6819
4399,27,48.6708
4400,27,48.6598
4401,27,48.6487
4402,27,48.6377
4403,27,48.6266
4404,27,48.6156
4405,27,48.6045
4406,27,48.5935
4407,27,48.5825
4408,27,48.5715
4409,26,48.5604
4410,26,48.5494
4411,26,48.5384
4412,26,48.5274
4413,26,48.5164
4414,26,48.5054
4415,26,48.4945
4416,26,48.4835
4417,26,48.4725
4418,26,48.4615
4419,26,48.4506
4420,26,48.4396
4421,26,48.4286
4422,26,48.4177
4423,26,48.4067
4424,26,48.3958
4425,26,48.3849
4426,26,48.3739
4427,26,48.363
4428,26,48.3521
4429,26,48.3412
4430,26,48.3302
4431,26,48.3193
4432,26,48.3084
4433,26,48.2975
4434,26,48.2866
4435,26,48.2758
4436,26,48.2649
4437,26,48.254
4438,26,48.2431
4439,26,48.2323
4440,26,48.2214
4441,26,48.2105
4442,26,48.1997
4443,26,48.1888
4444,26,48.178
4445,26,48.1672
4446,26,48.1563
4447,26,48.1455
4448,26,48.1347
4449,26,48.1238
4450,26,48.113
4451,26,48.1022
4452,26,48.0914
4453,26,48.0806
4454,26,48.0698
4455,26,48.059
4456,26,48.0482
4457,26,48.0375
4458,26,48.0267
4459,26,48.0159
4460,26,48.0052
4461,26,47.9944
4462,26,47.9836
4463,26,47.9729
4464,26,47.9621
4465,26,47.9514
4466,26,47.9407
4467,26,47.9299
4468,26,47.9192
4469,26,47.9085
4470,26,47.8978
4471,26,47.887
4472,26,47.8763
4473,26,47.8656
4474,26,47.8549
4475,26,47.8442
4476,26,47.8336
4477,26,47.8229
4478,26,47.8122
4479,25,47.8015
4480,25,47.7908
4481,25,47.7802
4482,25,47.7695
4483,25,47.7589
4484,25,47.7482
4485,25,47.7376
4486,25,47.7269
4487,25,47.7163
4488,25,47.7057
4489,25,47.695
4490,25,47.6844
4491,25,47.6738
4492,25,47.6632
4493,25,47.6526
4494,25,47.642
4495,25,47.6314
4496,25,47.6208
4497,25,47.6102
4498,25,47.5996
4499,25,47.589
4500,25,47.5784
4501,25,47.5679
4502,25,47.5573
4503,25,47.5467
4504,25,47.5362
4505,25,47.5256
4506,25,47.5151
4507,25,47.5045
4508,25,47.494
4509,25,47.4835
4510,25,47.4729
4511,25,47.4624
4512,25,47.4519
4513,25,47.4414
4514,25,47.4309
4515,25,47.4204
4516,25,47.4099
4517,25,47.3994
4518,25,47.3889
4519,25,47.3784
4520,25,47.3679
4521,25,47.3574
4522,25,47.347
4523,25,47.3365
4524,25,47.326
4525,25,47.3156
4526,25,47.3051
4527,25,47.2947
4528,25,47.2842
4529,25,47.2738
4530,25,47.2634
4531,25,47.2529
4532,25,47.2425
4533,25,47.2321
4534,25,47.2217
4535,25,47.2112
4536,25,47.2008
4537,25,47.1904
4538,25,47.18
4539,25,47.1696
4540,25,47.1593
4541,25,47.1489
4542,25,47.1385
4543,25,47.1281
4544,25,47.1177
4545,25,47.1074
4546,25,47.097
4547,25,47.0867
4548,25,47.0763
4549,25,47.0659
4550,25,47.0556
4551,25,47.0453
4552,25,47.0349
4553,25,47.0246
4554,25,47.0143
4555,25,47.004
4556,25,46.9936
4557,25,46.9833
4558,25,46.973
4559,25,46.9627
4560,25,46.9524
4561,25,46.9421
4562,25,46.9318
4563,25,46.9215
4564,25,46.9113
4565,25,46.901
4566,25,46.8907
4567,25,46.8804
4568,25,46.8702
4569,25,46.8599
4570,25,46.8497
4571,25,46.8394
4572,25,46.8292
4573,25,46.8189
4574,25,46.8087
4575,25,46.7985
4576,25,46.7882
4577,25,46.778
4578,25,46.7678
4579,25,46.7576
4580,24,46.7474
4581,24,46.7372
4582,24,46.727
4583,24,46.7168
4584,24,46.7066
4585,24,46.6964
4586,24,46.6862
4587,24,46.676
4588,24,46.6659
4589,24,46.6557
4590,24,46.6455
4591,24,46.6354
4592,24,46.6252
4593,24,46.6151
4594,24,46.6049
4595,24,46.5948
4596,24,46.5846
4597,24,46.5745
4598,24,46.5644
4599,24,46.5543
4600,24,46.5441
4601,24,46.534
4602,24,46.5239
4603,24,46.5138
4604,24,46.5037
4605,24,46.4936
4606,24,46.4835
4607,24,46.4734
4608,24,46.4633
4609,24,46.4532
4610,24,46.4432
4611,24,46.4331
4612,24,46.423
4613,24,46.413
4614,24,46.4029
4615,24,46.3928
4616,24,46.3828
4617,24,46.3728
4618,24,46.3627
4619,24,46.3527
4620,24,46.3426
4621,24,46.3326
4622,24,46.3226
4623,24,46.3126
4624,24,46.3026
4625,24,46.2925
4626,24,46.2825
4627,24,46.2725
4628,24,46.2625
4629,24,46.2525
4630,24,46.2425
4631,24,46.2326
4632,24,46.2226
4633,24,46.2126
4634,24,46.2026
4635,24,46.1927
4636,24,46.1827
4637,24,46.1727
4638,24,46.1628
4639,24,46.1528
4640,24,46.1429
4641,24,46.1329
4642,24,46.123
4643,24,46.1131
4644,24,46.1031
4645,24,46.0932
4646,24,46.0833
4647,24,46.0734
4648,24,46.0635
4649,24,46.0536
4650,24,46.0437
4651,24,46.0338
4652,24,46.0239
4653,24,46.014
4654,24,46.0041
4655,24,45.9942
4656,24,45.9843
4657,24,45.9744
4658,24,45.9646
4659,24,45.9547
4660,24,45.9448
4661,24,45.935
4662,24,45.9251
4663,24,45.9153
4664,24,45.9054
4665,24,45.8956
4666,24,45.8858
4667,24,45.8759
4668,24,45.8661
4669,24,45.8563
4670,24,45.8465
4671,24,45.8367
4672,24,45.8268
4673,24,45.817
4674,24,45.8072
4675,24,45.7974
4676,24,45.7876
4677,24,45.7778
4678,24,45.7681
4679,24,45.7583
4680,24,45.7485
4681,24,45.7387
4682,24,45.729
4683,24,45.7192
4684,24,45.7094
4685,24,45.6997
4686,24,45.6899
4687,24,45.6802
4688,24,45.6704
4689,24,45.6607
4690,23,45.651
4691,23,45.6412
4692,23,45.6315
4693,23,45.6218
4694,23,45.6121
4695,23,45.6023
4696,23,45.5926
4697,23,45.5829
4698,23,45.5732
4699,23,45.5635
4700,23,45.5538
4701,23,45.5441
4702,23,45.5345
4703,23,45.5248
4704,23,45.5151
4705,23,45.5054
4706,23,45.4958
4707,23,45.4861
4708,23,45.4764
4709,23,45.4668
4710,23,45.4571
4711,23,45.4475
4712,23,45.4378
4713,23,45.4282
4714,23,45.4185
4715,23,45.4089
4716,23,45.3993
4717,23,45.3897
4718,23,45.38
4719,23,45.3704
4720,23,45.3608
4721,23,45.3512
4722,23,45.3416
4723,23,45.332
4724,23,45.3224
4725,23,45.3128
4726,23,45.3032
4727,23,45.2936
4728,23,45.2841
4729,23,45.2745
4730,23,45.2649
4731,23,45.2553
4732,23,45.2458
4733,23,45.2362
4734,23,45.2267
4735,23,45.2171
4736,23,45.2076
4737,23,45.198
4738,23,45.1885
4739,23,45.1789
4740,23,45.1694
4741,23,45.1599
4742,23,45.1504
4743,23,45.1408
4744,23,45.1313
4745,23,45.1218
4746,23,45.1123
4747,23,45.1028
4748,23,45.0933
4749,23,45.0838
4750,23,45.0743
4751,23,45.0648
4752,23,45.0553
4753,23,45.0459
4754,23,45.0364
4755,23,45.0269
4756,23,45.0175
4757,23,45.008
4758,23,44.9985
4759,23,44.9891
4760,23,44.9796
4761,23,44.9702
4762,23,44.9607
4763,23,44.9513
4764,23,44.9419
4765,23,44.9324
4766,23,44.923
4767,23,44.9136
4768,23,44.9042
4769,23,44.8947
4770,23,44.8853
4771,23,44.8759
4772,23,44.8665
4773,23,44.8571
4774,23,44.8477
4775,23,44.8383
4776,23,44.8289
4777,23,44.8196
4778,23,44.8102
4779,23,44.8008
4780,23,44.7914
4781,23,44.7821
4782,23,44.7727
4783,23,44.7633
4784,23,44.754
4785,23,44.7446
4786,23,44.7353
4787,23,44.7259
4788,23,44.7166
4789,23,44.7072
4790,23,44.6979
4791,23,44.6886
4792,23,44.6793
4793,23,44.6699
4794,23,44.6606
4795,23,44.6513
4796,23,44.642
4797,23,44.6327
4798,23,44.6234
4799,23,44.6141
4800,23,44.6048
4801,23,44.5955
4802,23,44.5862
4803,23,44.5769
4804,23,44.5677
4805,23,44.5584
4806,23,44.5491
4807,23,44.5398
4808,23,44.5306
4809,23,44.5213
4810,22,44.5121
4811,22,44.5028
4812,22,44.4936
4813,22,44.4843
4814,22,44.4751
4815,22,44.4658
4816,22,44.4566
4817,22,44.4474
4818,22,44.4381
4819,22,44.4289
4820,22,44.4197
4821,22,44.4105
4822,22,44.4013
4823,22,44.3921
4824,22,44.3829
4825,22,44.3737
4826,22,44.3645
4827,22,44.3553
4828,22,44.3461
4829,22,44.3369
4830,22,44.3277
4831,22,44.3186
4832,22,44.3094
4833,22,44.3002
4834,22,44.2911
4835,22,44.2819
4836,22,44.2727
4837,22,44.2636
4838,22,44.2544
4839,22,44.2453
4840,22,44.2362
4841,22,44.227
4842,22,44.2179
4843,22,44.2088
4844,22,44.1996
4845,22,44.1905
4846,22,44.1814
4847,22,44.1723
4848,22,44.1632
4849,22,44.1541
4850,22,44.1449
4851,22,44.1358
4852,22,44.1268
4853,22,44.1177
4854,22,44.1086
4855,22,44.0995
4856,22,44.0904
4857,22,44.0813
4858,22,44.0723
4859,22,44.0632
4860,22,44.0541
4861,22,44.0451
4862,22,44.036
4863,22,44.0269
4864,22,44.0179
4865,22,44.0088
4866,22,43.9998
4867,22,43.9908
4868,22,43.9817
4869,22,43.9727
4870,22,43.9637
4871,22,43.9546
4872,22,43.9456
4873,22,43.9366
4874,22,43.9276
4875,22,43.9186
4876,22,43.9096
4877,22,43.9006
4878,22,43.8916
4879,22,43.8826
4880,22,43.8736
4881,22,43.8646
4882,22,43.8556
4883,22,43.8466
4884,22,43.8376
4885,22,43.8287
4886,22,43.8197
4887,22,43.8107
4888,22,43.8018
4889,22,43.7928
4890,22,43.7838
4891,22,43.7749
4892,22,43.7659
4893,22,43.757
4894,22,43.7481
4895,22,43.7391
4896,22,43.7302
4897,22,43.7213
4898,22,43.7123
4899,22,43.7034
4900,22,43.6945
4901,22,43.6856
4902,22,43.6767
4903,22,43.6678
4904,22,43.6588
4905,22,43.6499
4906,22,43.6411
4907,22,43.6322
4908,22,43.6233
4909,22,43.6144
4910,22,43.6055
4911,22,43.5966
4912,22,43.5877
4913,22,43.5789
4914,22,43.57
4915,22,43.5611
4916,22,43.5523
4917,22,43.5434
4918,22,43.5346
4919,22,43.5257
4920,22,43.5169
4921,22,43.508
4922,22,43.4992
4923,22,43.4904
4924,22,43.4815
4925,22,43.4727
4926,22,43.4639
4927,22,43.455
4928,22,43.4462
4929,22,43.4374
4930,22,43.4286
4931,22,43.4198
4932,22,43.411
4933,22,43.4022
4934,22,43.3934
4935,22,43.3846
4936,22,43.3758
4937,22,43.367
4938,22,43.3582
4939,22,43.3495
4940,22,43.3407
4941,22,43.3319
4942,22,43.3231
4943,22,43.3144
4944,22,43.3056
4945,22,43.2969
4946,22,43.2881
4947,21,43.2794
4948,21,43.2706
4949,21,43.2619
4950,21,43.2531
4951,21,43.2444
4952,21,43.2357
4953,21,43.2269
4954,21,43.2182
4955,21,43.2095
4956,21,43.2008
4957,21,43.1921
4958,21,43.1833
4959,21,43.1746
4960,21,43.1659
4961,21,43.1572
4962,21,43.1485
4963,21,43.1398
4964,21,43.1311
4965,21,43.1225
4966,21,43.1138
4967,21,43.1051
4968,21,43.0964
4969,21,43.0877
4970,21,43.0791
4971,21,43.0704
4972,21,43.0617
4973,21,43.0531
4974,21,43.0444
4975,21,43.0358
4976,21,43.0271
4977,21,43.0185
4978,21,43.0098
4979,21,43.0012
4980,21,42.9926
4981,21,42.9839
4982,21,42.9753
4983,21,42.9667
4984,21,42.9581
4985,21,42.9494
4986,21,42.9408
4987,21,42.9322
4988,21,42.9236
4989,21,42.915
4990,21,42.9064
4991,21,42.8978
4992,21,42.8892
4993,21,42.8806
4994,21,42.872
4995,21,42.8635
4996,21,42.8549
4997,21,42.8463
4998,21,42.8377
4999,21,42.8292
5000,21,42.8206
5001,21,42.812
5002,21,42.8035
5003,21,42.7949
5004,21,42.7864
5005,21,42.7778
5006,21,42.7693
5007,21,42.7607
5008,21,42.7522
5009,21,42.7437
5010,21,42.7351
5011,21,42.7266
5012,21,42.7181
5013,21,42.7096
5014,21,42.701
5015,21,42.6925
5016,21,42.684
5017,21,42.6755
5018,21,42.667
5019,21,42.6585
5020,21,42.65
5021,21,42.6415
5022,21,42.633
5023,21,42.6245
5024,21,42.616
5025,21,42.6076
5026,21,42.5991
5027,21,42.5906
5028,21,42.5821
5029,21,42.5737
5030,21,42.5652
5031,21,42.5567
5032,21,42.5483
5033,21,42.5398
5034,21,42.5314
5035,21,42.5229
5036,21,42.5145
5037,21,42.5061
5038,21,42.4976
5039,21,42.4892
5040,21,42.4808
5041,21,42.4723
5042,21,42.4639
5043,21,42.4555
5044,21,42.4471
5045,21,42.4387
5046,21,42.4302
5047,21,42.4218
5048,21,42.4134
5049,21,42.405
5050,21,42.3966
5051,21,42.3882
5052,21,42.3798
5053,21,42.3715
5054,21,42.3631
5055,21,42.3547
5056,21,42.3463
5057,21,42.3379
5058,21,42.3296
5059,21,42.3212
5060,21,42.3128
5061,21,42.3045
5062,21,42.2961
5063,21,42.2878
5064,21,42.2794
5065,21,42.2711
5066,21,42.2627
5067,21,42.2544
5068,21,42.2461
5069,21,42.2377
5070,21,42.2294
5071,21,42.2211
5072,21,42.2127
5073,21,42.2044
5074,21,42.1961
5075,21,42.1878
5076,21,42.1795
5077,21,42.1712
5078,21,42.1629
5079,21,42.1546
5080,21,42.1463
5081,21,42.138
5082,21,42.1297
5083,21,42.1214
5084,21,42.1131
5085,21,42.1048
5086,21,42.0965
5087,21,42.0883
5088,21,42.08
5089,20,42.0717
5090,20,42.0635
5091,20,42.0552
5092,20,42.0469
5093,20,42.0387
5094,20,42.0304
5095,20,42.0222
5096,20,42.0139
5097,20,42.0057
5098,20,41.9974
5099,20,41.9892
5100,20,41.981
5101,20,41.9728
5102,20,41.9645
5103,20,41.9563
5104,20,41.9481
5105,20,41.9399
5106,20,41.9316
5107,20,41.9234
5108,20,41.9152
5109,20,41.907
5110,20,41.8988
5111,20,41.8906
5112,20,41.8824
5113,20,41.8742
5114,20,41.8661
5115,20,41.8579
5116,20,41.8497
5117,20,41.8415
5118,20,41.8333
5119,20,41.8252
5120,20,41.817
5121,20,41.8088
5122,20,41.8007
5123,20,41.7925
5124,20,41.7843
5125,20,41.7762
5126,20,41.768
5127,20,41.7599
5128,20,41.7518
5129,20,41.7436
5130,20,41.7355
5131,20,41.7273
5132,20,41.7192
5133,20,41.7111
5134,20,41.703
5135,20,41.6948
5136,20,41.6867
5137,20,41.6786
5138,20,41.6705
5139,20,41.6624
5140,20,41.6543
5141,20,41.6462
5142,20,41.6381
5143,20,41.63
5144,20,41.6219
5145,20,41.6138
5146,20,41.6057
5147,20,41.5976
5148,20,41.5895
5149,20,41.5815
5150,20,41.5734
5151,20,41.5653
5152,20,41.5573
5153,20,41.5492
5154,20,41.5411
5155,20,41.5331
5156,20,41.525
5157,20,41.517
5158,20,41.5089
5159,20,41.5009
5160,20,41.4928
5161,20,41.4848
5162,20,41.4768
5163,20,41.4687
5164,20,41.4607
5165,20,41.4527
5166,20,41.4446
5167,20,41.4366
5168,20,41.4286
5169,20,41.4206
5170,20,41.4126
5171,20,41.4046
5172,20,41.3966
5173,20,41.3886
5174,20,41.3806
5175,20,41.3726
5176,20,41.3646
5177,20,41.3566
5178,20,41.3486
5179,20,41.3406
5180,20,41.3326
5181,20,41.3246
5182,20,41.3167
5183,20,41.3087
5184,20,41.3007
5185,20,41.2928
5186,20,41.2848
5187,20,41.2768
5188,20,41.2689
5189,20,41.2609
5190,20,41.253
5191,20,41.245
5192,20,41.2371
5193,20,41.2292
5194,20,41.2212
5195,20,41.2133
5196,20,41.2054
5197,20,41.1974
5198,20,41.1895
5199,20,41.1816
5200,20,41.1737
5201,20,41.1657
5202,20,41.1578
5203,20,41.1499
5204,20,41.142
5205,20,41.1341
5206,20,41.1262
5207,20,41.1183
5208,20,41.1104
5209,20,41.1025
5210,20,41.0946
5211,20,41.0867
5212,20,41.0789
5213,20,41.071
5214,20,41.0631
5215,20,41.0552
5216,20,41.0474
5217,20,41.0395
5218,20,41.0316
5219,20,41.0238
5220,20,41.0159
5221,20,41.008
5222,20,41.0002
5223,20,40.9923
5224,20,40.9845
5225,20,40.9767
5226,20,40.9688
5227,20,40.961
5228,20,40.9531
5229,20,40.9453
5230,20,40.9375
5231,20,40.9297
5232,20,40.9218
5233,20,40.914
5234,20,40.9062
5235,20,40.8984
5236,20,40.8906
5237,19,40.8828
5238,19,40.875
5239,19,40.8672
5240,19,40.8594
5241,19,40.8516
5242,19,40.8438
5243,19,40.836
5244,19,40.8282
5245,19,40.8204
5246,19,40.8126
5247,19,40.8048
5248,19,40.7971
5249,19,40.7893
5250,19,40.7815
5251,19,40.7738
5252,19,40.766
5253,19,40.7582
5254,19,40.7505
5255,19,40.7427
5256,19,40.735
5257,19,40.7272
5258,19,40.7195
5259,19,40.7117
5260,19,40.704
5261,19,40.6963
5262,19,40.6885
5263,19,40.6808
5264,19,40.6731
5265,19,40.6653
5266,19,40.6576
5267,19,40.6499
5268,19,40.6422
5269,19,40.6345
5270,19,40.6268
5271,19,40.619
5272,19,40.6113
5273,19,40.6036
5274,19,40.5959
5275,19,40.5882
5276,19,40.5806
5277,19,40.5729
5278,19,40.5652
5279,19,40.5575
5280,19,40.5498
5281,19,40.5421
5282,19,40.5345
5283,19,40.5268
5284,19,40.5191
5285,19,40.5114
5286,19,40.5038
5287,19,40.4961
5288,19,40.4885
5289,19,40.4808
5290,19,40.4732
5291,19,40.4655
5292,19,40.4579
5293,19,40.4502
5294,19,40.4426
5295,19,40.4349
5296,19,40.4273
5297,19,40.4197
5298,19,40.412
5299,19,40.4044
5300,19,40.3968
5301,19,40.3892
5302,19,40.3816
5303,19,40.3739
5304,19,40.3663
5305,19,40.3587
5306,19,40.3511
5307,19,40.3435
5308,19,40.3359
5309,19,40.3283
5310,19,40.3207
5311,19,40.3131
5312,19,40.3055
5313,19,40.2979
5314,19,40.2904
5315,19,40.2828
5316,19,40.2752
5317,19,40.2676
5318,19,40.2601
5319,19,40.2525
5320,19,40.2449
5321,19,40.2374
5322,19,40.2298
5323,19,40.2222
5324,19,40.2147
5325,19,40.2071
5326,19,40.1996
5327,19,40.192
5328,19,40.1845
5329,19,40.177
5330,19,40.1694
5331,19,40.1619
5332,19,40.1544
5333,19,40.1468
5334,19,40.1393
5335,19,40.1318
5336,19,40.1243
5337,19,40.1167
5338,19,40.1092
5339,19,40.1017
5340,19,40.0942
5341,19,40.0867
5342,19,40.0792
5343,19,40.0717
5344,19,40.0642
5345,19,40.0567
5346,19,40.0492
5347,19,40.0417
5348,19,40.0342
5349,19,40.0267
5350,19,40.0193
5351,19,40.0118
5352,19,40.0043
5353,19,39.9968
5354,19,39.9894
5355,19,39.9819
5356,19,39.9744
5357,19,39.967
5358,19,39.9595
5359,19,39.952
5360,19,39.9446
5361,19,39.9371
5362,19,39.9297
5363,19,39.9222
5364,19,39.9148
5365,19,39.9074
5366,19,39.8999
5367,19,39.8925
5368,19,39.8851
5369,19,39.8776
5370,19,39.8702
5371,19,39.8628
5372,19,39.8554
5373,19,39.8479
5374,19,39.8405
5375,19,39.8331
5376,19,39.8257
5377,19,39.8183
5378,19,39.8109
5379,19,39.8035
5380,19,39.7961
5381,19,39.7887
5382,19,39.7813
5383,19,39.7739
5384,19,39.7665
5385,19,39.7591
5386,19,39.7518
5387,19,39.7444
5388,19,39.737
5389,19,39.7296
5390,19,39.7223
5391,19,39.7149
5392,19,39.7075
5393,19,39.7002
5394,19,39.6928
5395,19,39.6854
5396,19,39.6781
5397,19,39.6707
5398,19,39.6634
5399,19,39.656
5400,19,39.6487
5401,19,39.6414
5402,19,39.634
5403,19,39.6267
5404,19,39.6194
5405,19,39.612
5406,19,39.6047
5407,19,39.5974
5408,19,39.5901
5409,19,39.5827
5410,19,39.5754
5411,19,39.5681
5412,19,39.5608
5413,19,39.5535
5414,19,39.5462
5415,19,39.5389
5416,18,39.5316
5417,18,39.5243
5418,18,39.517
5419,18,39.5097
5420,18,39.5024
5421,18,39.4951
5422,18,39.4878
5423,18,39.4805
5424,18,39.4733
5425,18,39.466
5426,18,39.4587
5427,18,39.4514
5428,18,39.4442
5429,18,39.4369
5430,18,39.4297
5431,18,39.4224
5432,18,39.4151
5433,18,39.4079
5434,18,39.4006
5435,18,39.3934
5436,18,39.3861
5437,18,39.3789
5438,18,39.3716
5439,18,39.3644
5440,18,39.3572
5441,18,39.3499
5442,18,39.3427
5443,18,39.3355
5444,18,39.3283
5445,18,39.321
5446,18,39.3138
5447,18,39.3066
5448,18,39.2994
5449,18,39.2922
5450,18,39.285
5451,18,39.2777
5452,18,39.2705
5453,18,39.2633
5454,18,39.2561
5455,18,39.2489
5456,18,39.2418
5457,18,39.2346
5458,18,39.2274
5459,18,39.2202
5460,18,39.213
5461,18,39.2058
5462,18,39.1986
5463,18,39.1915
5464,18,39.1843
5465,18,39.1771
5466,18,39.17
5467,18,39.1628
5468,18,39.1556
5469,18,39.1485
5470,18,39.1413
5471,18,39.1342
5472,18,39.127
5473,18,39.1199
5474,18,39.1127
5475,18,39.1056
5476,18,39.0984
5477,18,39.0913
5478,18,39.0842
5479,18,39.077
5480,18,39.0699
5481,18,39.0628
5482,18,39.0556
5483,18,39.0485
5484,18,39.0414
5485,18,39.0343
5486,18,39.0272
5487,18,39.02
5488,18,39.0129
5489,18,39.0058
5490,18,38.9987
5491,18,38.9916
5492,18,38.9845
5493,18,38.9774
5494,18,38.9703
5495,18,38.9632
5496,18,38.9561
5497,18,38.9491
5498,18,38.942
5499,18,38.9349
5500,18,38.9278
5501,18,38.9207
5502,18,38.9137
5503,18,38.9066
5504,18,38.8995
5505,18,38.8925
5506,18,38.8854
5507,18,38.8783
5508,18,38.8713
5509,18,38.8642
5510,18,38.8572
5511,18,38.8501
5512,18,38.8431
5513,18,38.836
5514,18,38.829
5515,18,38.8219
5516,18,38.8149
5517,18,38.8079
5518,18,38.8008
5519,18,38.7938
5520,18,38.7868
5521,18,38.7798
5522,18,38.7727
5523,18,38.7657
5524,18,38.7587
5525,18,38.7517
5526,18,38.7447
5527,18,38.7377
5528,18,38.7306
5529,18,38.7236
5530,18,38.7166
5531,18,38.7096
5532,18,38.7026
5533,18,38.6956
5534,18,38.6887
5535,18,38.6817
5536,18,38.6747
5537,18,38.6677
5538,18,38.6607
5539,18,38.6537
5540,18,38.6468
5541,18,38.6398
5542,18,38.6328
5543,18,38.6258
5544,18,38.6189
5545,18,38.6119
5546,18,38.6049
5547,18,38.598
5548,18,38.591
5549,18,38.5841
5550,18,38.5771
5551,18,38.5702
5552,18,38.5632
5553,18,38.5563
5554,18,38.5493
5555,18,38.5424
5556,18,38.5355
5557,18,38.5285
5558,18,38.5216
5559,18,38.5147
5560,18,38.5077
5561,18,38.5008
5562,18,38.4939
5563,18,38.487
5564,18,38.4801
5565,18,38.4731
5566,18,38.4662
5567,18,38.4593
5568,18,38.4524
5569,18,38.4455
5570,18,38.4386
5571,18,38.4317
5572,18,38.4248
5573,18,38.4179
5574,18,38.411
5575,18,38.4041
5576,18,38.3972
5577,18,38.3904
5578,18,38.3835
5579,18,38.3766
5580,18,38.3697
5581,18,38.3628
5582,18,38.356
5583,18,38.3491
5584,18,38.3422
5585,18,38.3354
5586,18,38.3285
5587,18,38.3216
5588,18,38.3148
5589,18,38.3079
5590,18,38.3011
5591,18,38.2942
5592,18,38.2874
5593,18,38.2805
5594,18,38.2737
5595,18,38.2668
5596,18,38.26
5597,17,38.2532
5598,17,38.2463
5599,17,38.2395
5600,17,38.2327
5601,17,38.2259
5602,17,38.219
5603,17,38.2122
5604,17,38.2054
5605,17,38.1986
5606,17,38.1918
5607,17,38.1849
5608,17,38.1781
5609,17,38.1713
5610,17,38.1645
5611,17,38.1577
5612,17,38.1509
5613,17,38.1441
5614,17,38.1373
5615,17,38.1305
5616,17,38.1238
5617,17,38.117
5618,17,38.1102
5619,17,38.1034
5620,17,38.0966
5621,17,38.0898
5622,17,38.0831
5623,17,38.0763
5624,17,38.0695
5625,17,38.0628
5626,17,38.056
5627,17,38.0492
5628,17,38.0425
5629,17,38.0357
5630,17,38.029
5631,17,38.0222
5632,17,38.0154
5633,17,38.0087
5634,17,38.002
5635,17,37.9952
5636,17,37.9885
5637,17,37.9817
5638,17,37.975
5639,17,37.9683
5640,17,37.9615
5641,17,37.9548
5642,17,37.9481
5643,17,37.9413
5644,17,37.9346
5645,17,37.9279
5646,17,37.9212
5647,17,37.9145
5648,17,37.9078
5649,17,37.901
5650,17,37.8943
5651,17,37.8876
5652,17,37.8809
5653,17,37.8742
5654,17,37.8675
5655,17,37.8608
5656,17,37.8541
5657,17,37.8474
5658,17,37.8408
5659,17,37.8341
5660,17,37.8274
5661,17,37.8207
5662,17,37.814
5663,17,37.8073
5664,17,37.8007
5665,17,37.794
5666,17,37.7873
5667,17,37.7807
5668,17,37.774
5669,17,37.7673
5670,17,37.7607
5671,17,37.754
5672,17,37.7474
5673,17,37.7407
5674,17,37.7341
5675,17,37.7274
5676,17,37.7208
5677,17,37.7141
5678,17,37.7075
5679,17,37.7008
5680,17,37.6942
5681,17,37.6876
5682,17,37.6809
5683,17,37.6743
5684,17,37.6677
5685,17,37.661
5686,17,37.6544
5687,17,37.6478
5688,17,37.6412
5689,17,37.6346
5690,17,37.6279
5691,17,37.6213
5692,17,37.6147
5693,17,37.6081
5694,17,37.6015
5695,17,37.5949
5696,17,37.5883
5697,17,37.5817
5698,17,37.5751
5699,17,37.5685
5700,17,37.5619
5701,17,37.5553
5702,17,37.5488
5703,17,37.5422
5704,17,37.5356
5705,17,37.529
5706,17,37.5224
5707,17,37.5159
5708,17,37.5093
5709,17,37.5027
5710,17,37.4961
5711,17,37.4896
5712,17,37.483
5713,17,37.4765
5714,17,37.4699
5715,17,37.4633
5716,17,37.4568
5717,17,37.4502
5718,17,37.4437
5719,17,37.4371
5720,17,37.4306
5721,17,37.4241
5722,17,37.4175
5723,17,37.411
5724,17,37.4044
5725,17,37.3979
5726,17,37.3914
5727,17,37.3848
5728,17,37.3783
5729,17,37.3718
5730,17,37.3653
5731,17,37.3588
5732,17,37.3522
5733,17,37.3457
5734,17,37.3392
5735,17,37.3327
5736,17,37.3262
5737,17,37.3197
5738,17,37.3132
5739,17,37.3067
5740,17,37.3002
5741,17,37.2937
5742,17,37.2872
5743,17,37.2807
5744,17,37.2742
5745,17,37.2677
5746,17,37.2612
5747,17,37.2547
5748,17,37.2483
5749,17,37.2418
5750,17,37.2353
5751,17,37.2288
5752,17,37.2224
5753,17,37.2159
5754,17,37.2094
5755,17,37.203
5756,17,37.1965
5757,17,37.19
5758,17,37.1836
5759,17,37.1771
5760,17,37.1707
5761,17,37.1642
5762,17,37.1578
5763,17,37.1513
5764,17,37.1449
5765,17,37.1384
5766,17,37.132
5767,17,37.1255
5768,17,37.1191
5769,17,37.1127
5770,17,37.1062
5771,17,37.0998
5772,17,37.0934
5773,17,37.087
5774,17,37.0805
5775,17,37.0741
5776,17,37.0677
5777,17,37.0613
5778,17,37.0549
5779,17,37.0485
5780,17,37.042
5781,17,37.0356
5782,17,37.0292
5783,17,37.0228
5784,17,37.0164
5785,17,37.01
5786,17,37.0036
5787,17,36.9972
5788,17,36.9908
5789,17,36.9845
5790,17,36.9781
5791,17,36.9717
5792,17,36.9653
5793,17,36.9589
5794,17,36.9525
5795,17,36.9462
5796,17,36.9398
5797,17,36.9334
5798,17,36.927
5799,17,36.9207
5800,17,36.9143
5801,17,36.9079
5802,17,36.9016
5803,17,36.8952
5804,17,36.8889
5805,17,36.8825
5806,17,36.8762
5807,17,36.8698
5808,16,36.8635
5809,16,36.8571
5810,16,36.8508
5811,16,36.8444
5812,16,36.8381
5813,16,36.8318
5814,16,36.8254
5815,16,36.8191
5816,16,36.8128
5817,16,36.8064
5818,16,36.8001
5819,16,36.7938
5820,16,36.7875
5821,16,36.7811
5822,16,36.7748
5823,16,36.7685
5824,16,36.7622
5825,16,36.7559
5826,16,36.7496
5827,16,36.7433
5828,16,36.737
5829,16,36.7307
5830,16,36.7244
5831,16,36.7181
5832,16,36.7118
5833,16,36.7055
5834,16,36.6992
5835,16,36.6929
5836,16,36.6866
5837,16,36.6803
5838,16,36.674
5839,16,36.6678
5840,16,36.6615
5841,16,36.6552
5842,16,36.6489
5843,16,36.6426
5844,16,36.6364
5845,16,36.6301
5846,16,36.6238
5847,16,36.6176
5848,16,36.6113
5849,16,36.6051
5850,16,36.5988
5851,16,36.5925
5852,16,36.5863
5853,16,36.58
5854,16,36.5738
5855,16,36.5675
5856,16,36.5613
5857,16,36.5551
5858,16,36.5488
5859,16,36.5426
5860,16,36.5363
5861,16,36.5301
5862,16,36.5239
5863,16,36.5177
5864,16,36.5114
5865,16,36.5052
5866,16,36.499
5867,16,36.4928
5868,16,36.4865
5869,16,36.4803
5870,16,36.4741
5871,16,36.4679
5872,16,36.4617
5873,16,36.4555
5874,16,36.4493
5875,16,36.4431
5876,16,36.4369
5877,16,36.4307
5878,16,36.4245
5879,16,36.4183
5880,16,36.4121
5881,16,36.4059
5882,16,36.3997
5883,16,36.3935
5884,16,36.3873
5885,16,36.3811
5886,16,36.375
5887,16,36.3688
5888,16,36.3626
5889,16,36.3564
5890,16,36.3503
5891,16,36.3441
5892,16,36.3379
5893,16,36.3317
5894,16,36.3256
5895,16,36.3194
5896,16,36.3133
5897,16,36.3071
5898,16,36.3009
5899,16,36.2948
5900,16,36.2886
5901,16,36.2825
5902,16,36.2763
5903,16,36.2702
5904,16,36.2641
5905,16,36.2579
5906,16,36.2518
5907,16,36.2456
5908,16,36.2395
5909,16,36.2334
5910,16,36.2272
5911,16,36.2211
5912,16,36.215
5913,16,36.2089
5914,16,36.2027
5915,16,36.1966
5916,16,36.1905
5917,16,36.1844
5918,16,36.1783
5919,16,36.1722
5920,16,36.166
5921,16,36.1599
5922,16,36.1538
5923,16,36.1477
5924,16,36.1416
5925,16,36.1355
5926,16,36.1294
5927,16,36.1233
5928,16,36.1172
5929,16,36.1111
5930,16,36.1051
5931,16,36.099
5932,16,36.0929
5933,16,36.0868
5934,16,36.0807
5935,16,36.0746
5936,16,36.0686
5937,16,36.0625
5938,16,36.0564
5939,16,36.0503
5940,16,36.0443
5941,16,36.0382
5942,16,36.0321
5943,16,36.0261
5944,16,36.02
5945,16,36.014
5946,16,36.0079
5947,16,36.0018
5948,16,35.9958
5949,16,35.9897
5950,16,35.9837
5951,16,35.9777
5952,16,35.9716
5953,16,35.9656
5954,16,35.9595
5955,16,35.9535
5956,16,35.9474
5957,16,35.9414
5958,16,35.9354
5959,16,35.9294
5960,16,35.9233
5961,16,35.9173
5962,16,35.9113
5963,16,35.9052
5964,16,35.8992
5965,16,35.8932
5966,16,35.8872
5967,16,35.8812
5968,16,35.8752
5969,16,35.8692
5970,16,35.8631
5971,16,35.8571
5972,16,35.8511
5973,16,35.8451
5974,16,35.8391
5975,16,35.8331
5976,16,35.8271
5977,16,35.8211
5978,16,35.8152
5979,16,35.8092
5980,16,35.8032
5981,16,35.7972
5982,16,35.7912
5983,16,35.7852
5984,16,35.7792
5985,16,35.7733
5986,16,35.7673
5987,16,35.7613
5988,16,35.7553
5989,16,35.7494
5990,16,35.7434
5991,16,35.7374
5992,16,35.7315
5993,16,35.7255
5994,16,35.7196
5995,16,35.7136
5996,16,35.7076
5997,16,35.7017
5998,16,35.6957
5999,16,35.6898
6000,16,35.6838
6001,16,35.6779
6002,16,35.6719
6003,16,35.666
6004,16,35.6601
6005,16,35.6541
6006,16,35.6482
6007,16,35.6423
6008,16,35.6363
6009,16,35.6304
6010,16,35.6245
6011,16,35.6185
6012,16,35.6126
6013,16,35.6067
6014,16,35.6008
6015,16,35.5948
6016,16,35.5889
6017,16,35.583
6018,16,35.5771
6019,16,35.5712
6020,16,35.5653
6021,16,35.5594
6022,16,35.5535
6023,16,35.5476
6024,16,35.5417
6025,16,35.5358
6026,16,35.5299
6027,16,35.524
6028,16,35.5181
6029,16,35.5122
6030,16,35.5063
6031,16,35.5004
6032,16,35.4945
6033,16,35.4886
6034,16,35.4828
6035,16,35.4769
6036,16,35.471
6037,16,35.4651
6038,15,35.4593
6039,15,35.4534
6040,15,35.4475
6041,15,35.4416
6042,15,35.4358
6043,15,35.4299
6044,15,35.4241
6045,15,35.4182
6046,15,35.4123
6047,15,35.4065
6048,15,35.4006
6049,15,35.3948
6050,15,35.3889
6051,15,35.3831
6052,15,35.3772
6053,15,35.3714
6054,15,35.3655
6055,15,35.3597
6056,15,35.3539
6057,15,35.348
6058,15,35.3422
6059,15,35.3364
6060,15,35.3305
6061,15,35.3247
6062,15,35.3189
6063,15,35.313
6064,15,35.3072
6065,15,35.3014
6066,15,35.2956
6067,15,35.2898
6068,15,35.2839
6069,15,35.2781
6070,15,35.2723
6071,15,35.2665
6072,15,35.2607
6073,15,35.2549
6074,15,35.2491
6075,15,35.2433
6076,15,35.2375
6077,15,35.2317
6078,15,35.2259
6079,15,35.2201
6080,15,35.2143
6081,15,35.2085
6082,15,35.2027
6083,15,35.1969
6084,15,35.1912
6085,15,35.1854
6086,15,35.1796
6087,15,35.1738
6088,15,35.168
6089,15,35.1623
6090,15,35.1565
6091,15,35.1507
6092,15,35.1449
6093,15,35.1392
6094,15,35.1334
6095,15,35.1276
6096,15,35.1219
6097,15,35.1161
6098,15,35.1104
6099,15,35.1046
6100,15,35.0989
6101,15,35.0931
6102,15,35.0873
6103,15,35.0816
6104,15,35.0759
6105,15,35.0701
6106,15,35.0644
6107,15,35.0586
6108,15,35.0529
6109,15,35.0471
6110,15,35.0414
6111,15,35.0357
6112,15,35.0299
6113,15,35.0242
6114,15,35.0185
6115,15,35.0128
6116,15,35.007
6117,15,35.0013
6118,15,34.9956
6119,15,34.9899
6120,15,34.9842
6121,15,34.9784
6122,15,34.9727
6123,15,34.967
6124,15,34.9613
6125,15,34.9556
6126,15,34.9499
6127,15,34.9442
6128,15,34.9385
6129,15,34.9328
6130,15,34.9271
6131,15,34.9214
6132,15,34.9157
6133,15,34.91
6134,15,34.9043
6135,15,34.8986
6136,15,34.8929
6137,15,34.8872
6138,15,34.8816
6139,15,34.8759
6140,15,34.8702
6141,15,34.8645
6142,15,34.8588
6143,15,34.8532
6144,15,34.8475
6145,15,34.8418
6146,15,34.8362
6147,15,34.8305
6148,15,34.8248
6149,15,34.8192
6150,15,34.8135
6151,15,34.8078
6152,15,34.8022
6153,15,34.7965
6154,15,34.7909
6155,15,34.7852
6156,15,34.7796
6157,15,34.7739
6158,15,34.7683
6159,15,34.7626
6160,15,34.757
6161,15,34.7513
6162,15,34.7457
6163,15,34.7401
6164,15,34.7344
6165,15,34.7288
6166,15,34.7232
6167,15,34.7175
6168,15,34.7119
6169,15,34.7063
6170,15,34.7006
6171,15,34.695
6172,15,34.6894
6173,15,34.6838
6174,15,34.6782
6175,15,34.6726
6176,15,34.6669
6177,15,34.6613
6178,15,34.6557
6179,15,34.6501
6180,15,34.6445
6181,15,34.6389
6182,15,34.6333
6183,15,34.6277
6184,15,34.6221
6185,15,34.6165
6186,15,34.6109
6187,15,34.6053
6188,15,34.5997
6189,15,34.5941
6190,15,34.5885
6191,15,34.5829
6192,15,34.5774
6193,15,34.5718
6194,15,34.5662
6195,15,34.5606
6196,15,34.555
6197,15,34.5495
6198,15,34.5439
6199,15,34.5383
6200,15,34.5327
6201,15,34.5272
6202,15,34.5216
6203,15,34.516
6204,15,34.5105
6205,15,34.5049
6206,15,34.4994
6207,15,34.4938
6208,15,34.4882
6209,15,34.4827
6210,15,34.4771
6211,15,34.4716
6212,15,34.466
6213,15,34.4605
6214,15,34.4549
6215,15,34.4494
6216,15,34.4439
6217,15,34.4383
6218,15,34.4328
6219,15,34.4272
6220,15,34.4217
6221,15,34.4162
6222,15,34.4106
6223,15,34.4051
6224,15,34.3996
6225,15,34.3941
6226,15,34.3885
6227,15,34.383
6228,15,34.3775
6229,15,34.372
6230,15,34.3665
6231,15,34.3609
6232,15,34.3554
6233,15,34.3499
6234,15,34.3444
6235,15,34.3389
6236,15,34.3334
6237,15,34.3279
6238,15,34.3224
6239,15,34.3169
6240,15,34.3114
6241,15,34.3059
6242,15,34.3004
6243,15,34.2949
6244,15,34.2894
6245,15,34.2839
6246,15,34.2784
6247,15,34.2729
6248,15,34.2674
6249,15,34.262
6250,15,34.2565
6251,15,34.251
6252,15,34.2455
6253,15,34.24
6254,15,34.2346
6255,15,34.2291
6256,15,34.2236
6257,15,34.2182
6258,15,34.2127
6259,15,34.2072
6260,15,34.2018
6261,15,34.1963
6262,15,34.1908
6263,15,34.1854
6264,15,34.1799
6265,15,34.1745
6266,15,34.169
6267,15,34.1636
6268,15,34.1581
6269,15,34.1527
6270,15,34.1472
6271,15,34.1418
6272,15,34.1363
6273,15,34.1309
6274,15,34.1254
6275,15,34.12
6276,15,34.1146
6277,15,34.1091
6278,15,34.1037
6279,15,34.0983
6280,15,34.0928
6281,15,34.0874
6282,15,34.082
6283,15,34.0766
6284,15,34.0711
6285,15,34.0657
6286,15,34.0603
6287,15,34.0549
6288,15,34.0495
6289,15,34.044
6290,15,34.0386
6291,15,34.0332
6292,15,34.0278
6293,15,34.0224
6294,15,34.017
6295,15,34.0116
6296,15,34.0062
6297,15,34.0008
6298,15,33.9954
6299,15,33.99
6300,15,33.9846
6301,15,33.9792
6302,15,33.9738
6303,14,33.9684
6304,14,33.963
6305,14,33.9577
6306,14,33.9523
6307,14,33.9469
6308,14,33.9415
6309,14,33.9361
6310,14,33.9307
6311,14,33.9254
6312,14,33.92
6313,14,33.9146
6314,14,33.9092
6315,14,33.9039
6316,14,33.8985
6317,14,33.8931
6318,14,33.8878
6319,14,33.8824
6320,14,33.8771
6321,14,33.8717
6322,14,33.8663
6323,14,33.861
6324,14,33.8556
6325,14,33.8503
6326,14,33.8449
6327,14,33.8396
6328,14,33.8342
6329,14,33.8289
6330,14,33.8235
6331,14,33.8182
6332,14,33.8129
6333,14,33.8075
6334,14,33.8022
6335,14,33.7968
6336,14,33.7915
6337,14,33.7862
6338,14,33.7808
6339,14,33.7755
6340,14,33.7702
6341,14,33.7649
6342,14,33.7595
6343,14,33.7542
6344,14,33.7489
6345,14,33.7436
6346,14,33.7383
6347,14,33.7329
6348,14,33.7276
6349,14,33.7223
6350,14,33.717
6351,14,33.7117
6352,14,33.7064
6353,14,33.7011
6354,14,33.6958
6355,14,33.6905
6356,14,33.6852
6357,14,33.6799
6358,14,33.6746
6359,14,33.6693
6360,14,33.664
6361,14,33.6587
6362,14,33.6534
6363,14,33.6481
6364,14,33.6428
6365,14,33.6375
6366,14,33.6323
6367,14,33.627
6368,14,33.6217
6369,14,33.6164
6370,14,33.6111
6371,14,33.6059
6372,14,33.6006
6373,14,33.5953
6374,14,33.5901
6375,14,33.5848
6376,14,33.5795
6377,14,33.5743
6378,14,33.569
6379,14,33.5637
6380,14,33.5585
6381,14,33.5532
6382,14,33.5479
6383,14,33.5427
6384,14,33.5374
6385,14,33.5322
6386,14,33.5269
6387,14,33.5217
6388,14,33.5164
6389,14,33.5112
6390,14,33.5059
6391,14,33.5007
6392,14,33.4955
6393,14,33.4902
6394,14,33.485
6395,14,33.4797
6396,14,33.4745
6397,14,33.4693
6398,14,33.4641
6399,14,33.4588
6400,14,33.4536
6401,14,33.4484
6402,14,33.4431
6403,14,33.4379
6404,14,33.4327
6405,14,33.4275
6406,14,33.4223
6407,14,33.417
6408,14,33.4118
6409,14,33.4066
6410,14,33.4014
6411,14,33.3962
6412,14,33.391
6413,14,33.3858
6414,14,33.3806
6415,14,33.3754
6416,14,33.3702
6417,14,33.365
6418,14,33.3598
6419,14,33.3546
6420,14,33.3494
6421,14,33.3442
6422,14,33.339
6423,14,33.3338
6424,14,33.3286
6425,14,33.3234
6426,14,33.3182
6427,14,33.3131
6428,14,33.3079
6429,14,33.3027
6430,14,33.2975
6431,14,33.2923
6432,14,33.2872
6433,14,33.282
6434,14,33.2768
6435,14,33.2716
6436,14,33.2665
6437,14,33.2613
6438,14,33.2561
6439,14,33.251
6440,14,33.2458
6441,14,33.2406
6442,14,33.2355
6443,14,33.2303
6444,14,33.2252
6445,14,33.22
6446,14,33.2149
6447,14,33.2097
6448,14,33.2046
6449,14,33.1994
6450,14,33.1943
6451,14,33.1891
6452,14,33.184
6453,14,33.1788
6454,14,33.1737
6455,14,33.1686
6456,14,33.1634
6457,14,33.1583
6458,14,33.1531
6459,14,33.148
6460,14,33.1429
6461,14,33.1377
6462,14,33.1326
6463,14,33.1275
6464,14,33.1224
6465,14,33.1172
6466,14,33.1121
6467,14,33.107
6468,14,33.1019
6469,14,33.0968
6470,14,33.0917
6471,14,33.0865
6472,14,33.0814
6473,14,33.0763
6474,14,33.0712
6475,14,33.0661
6476,14,33.061
6477,14,33.0559
6478,14,33.0508
6479,14,33.0457
6480,14,33.0406
6481,14,33.0355
6482,14,33.0304
6483,14,33.0253
6484,14,33.0202
6485,14,33.0151
6486,14,33.01
6487,14,33.0049
6488,14,32.9998
6489,14,32.9948
6490,14,32.9897
6491,14,32.9846
6492,14,32.9795
6493,14,32.9744
6494,14,32.9694
6495,14,32.9643
6496,14,32.9592
6497,14,32.9541
6498,14,32.9491
6499,14,32.944
6500,14,32.9389
6501,14,32.9339
6502,14,32.9288
6503,14,32.9237
6504,14,32.9187
6505,14,32.9136
6506,14,32.9085
6507,14,32.9035
6508,14,32.8984
6509,14,32.8934
6510,14,32.8883
6511,14,32.8833
6512,14,32.8782
6513,14,32.8732
6514,14,32.8681
6515,14,32.8631
6516,14,32.858
6517,14,32.853
6518,14,32.848
6519,14,32.8429
6520,14,32.8379
6521,14,32.8328
6522,14,32.8278
6523,14,32.8228
6524,14,32.8177
6525,14,32.8127
6526,14,32.8077
6527,14,32.8027
6528,14,32.7976
6529,14,32.7926
6530,14,32.7876
6531,14,32.7826
6532,14,32.7776
6533,14,32.7725
6534,14,32.7675
6535,14,32.7625
6536,14,32.7575
6537,14,32.7525
6538,14,32.7475
6539,14,32.7425
6540,14,32.7375
6541,14,32.7325
6542,14,32.7275
6543,14,32.7225
6544,14,32.7175
6545,14,32.7125
6546,14,32.7075
6547,14,32.7025
6548,14,32.6975
6549,14,32.6925
6550,14,32.6875
6551,14,32.6825
6552,14,32.6775
6553,14,32.6725
6554,14,32.6675
6555,14,32.6625
6556,14,32.6576
6557,14,32.6526
6558,14,32.6476
6559,14,32.6426
6560,14,32.6377
6561,14,32.6327
6562,14,32.6277
6563,14,32.6227
6564,14,32.6178
6565,14,32.6128
6566,14,32.6078
6567,14,32.6029
6568,14,32.5979
6569,14,32.5929
6570,14,32.588
6571,14,32.583
6572,14,32.5781
6573,14,32.5731
6574,14,32.5681
6575,14,32.5632
6576,14,32.5582
6577,14,32.5533
6578,14,32.5483
6579,14,32.5434
6580,14,32.5384
6581,14,32.5335
6582,14,32.5286
6583,14,32.5236
6584,14,32.5187
6585,14,32.5137
6586,14,32.5088
6587,14,32.5039
6588,14,32.4989
6589,14,32.494
6590,14,32.4891
6591,14,32.4841
6592,14,32.4792
6593,13,32.4743
6594,13,32.4694
6595,13,32.4644
6596,13,32.4595
6597,13,32.4546
6598,13,32.4497
6599,13,32.4448
6600,13,32.4398
6601,13,32.4349
6602,13,32.43
6603,13,32.4251
6604,13,32.4202
6605,13,32.4153
6606,13,32.4104
6607,13,32.4055
6608,13,32.4006
6609,13,32.3957
6610,13,32.3908
6611,13,32.3859
6612,13,32.381
6613,13,32.3761
6614,13,32.3712
6615,13,32.3663
6616,13,32.3614
6617,13,32.3565
6618,13,32.3516
6619,13,32.3467
6620,13,32.3418
6621,13,32.337
6622,13,32.3321
6623,13,32.3272
6624,13,32.3223
6625,13,32.3174
6626,13,32.3126
6627,13,32.3077
6628,13,32.3028
6629,13,32.2979
6630,13,32.2931
6631,13,32.2882
6632,13,32.2833
6633,13,32.2785
6634,13,32.2736
6635,13,32.2687
6636,13,32.2639
6637,13,32.259
6638,13,32.2541
6639,13,32.2493
6640,13,32.2444
6641,13,32.2396
6642,13,32.2347
6643,13,32.2299
6644,13,32.225
6645,13,32.2202
6646,13,32.2153
6647,13,32.2105
6648,13,32.2056
6649,13,32.2008
6650,13,32.1959
6651,13,32.1911
6652,13,32.1863
6653,13,32.1814
6654,13,32.1766
6655,13,32.1718
6656,13,32.1669
6657,13,32.1621
6658,13,32.1573
6659,13,32.1524
6660,13,32.1476
6661,13,32.1428
6662,13,32.1379
6663,13,32.1331
6664,13,32.1283
6665,13,32.1235
6666,13,32.1187
6667,13,32.1138
6668,13,32.109
6669,13,32.1042
6670,13,32.0994
6671,13,32.0946
6672,13,32.0898
6673,13,32.085
6674,13,32.0802
6675,13,32.0754
6676,13,32.0706
6677,13,32.0657
6678,13,32.0609
6679,13,32.0561
6680,13,32.0513
6681,13,32.0465
6682,13,32.0418
6683,13,32.037
6684,13,32.0322
6685,13,32.0274
6686,13,32.0226
6687,13,32.0178
6688,13,32.013
6689,13,32.0082
6690,13,32.0034
6691,13,31.9987
6692,13,31.9939
6693,13,31.9891
6694,13,31.9843
6695,13,31.9795
6696,13,31.9748
6697,13,31.97
6698,13,31.9652
6699,13,31.9604
6700,13,31.9557
6701,13,31.9509
6702,13,31.9461
6703,13,31.9414
6704,13,31.9366
6705,13,31.9318
6706,13,31.9271
6707,13,31.9223
6708,13,31.9176
6709,13,31.9128
6710,13,31.908
6711,13,31.9033
6712,13,31.8985
6713,13,31.8938
6714,13,31.889
6715,13,31.8843
6716,13,31.8795
6717,13,31.8748
6718,13,31.8701
6719,13,31.8653
6720,13,31.8606
6721,13,31.8558
6722,13,31.8511
6723,13,31.8463
6724,13,31.8416
6725,13,31.8369
6726,13,31.8321
6727,13,31.8274
6728,13,31.8227
6729,13,31.818
6730,13,31.8132
6731,13,31.8085
6732,13,31.8038
6733,13,31.799
6734,13,31.7943
6735,13,31.7896
6736,13,31.7849
6737,13,31.7802
6738,13,31.7755
6739,13,31.7707
6740,13,31.766
6741,13,31.7613
6742,13,31.7566
6743,13,31.7519
6744,13,31.7472
6745,13,31.7425
6746,13,31.7378
6747,13,31.7331
6748,13,31.7284
6749,13,31.7237
6750,13,31.719
6751,13,31.7143
6752,13,31.7096
6753,13,31.7049
6754,13,31.7002
6755,13,31.6955
6756,13,31.6908
6757,13,31.6861
6758,13,31.6814
6759,13,31.6767
6760,13,31.672
6761,13,31.6674
6762,13,31.6627
6763,13,31.658
6764,13,31.6533
6765,13,31.6486
6766,13,31.644
6767,13,31.6393
6768,13,31.6346
6769,13,31.6299
6770,13,31.6253
6771,13,31.6206
6772,13,31.6159
6773,13,31.6113
6774,13,31.6066
6775,13,31.6019
6776,13,31.5973
6777,13,31.5926
6778,13,31.5879
6779,13,31.5833
6780,13,31.5786
6781,13,31.574
6782,13,31.5693
6783,13,31.5646
6784,13,31.56
6785,13,31.5553
6786,13,31.5507
6787,13,31.546
6788,13,31.5414
6789,13,31.5368
6790,13,31.5321
6791,13,31.5275
6792,13,31.5228
6793,13,31.5182
6794,13,31.5135
6795,13,31.5089
6796,13,31.5043
6797,13,31.4996
6798,13,31.495
6799,13,31.4904
6800,13,31.4857
6801,13,31.4811
6802,13,31.4765
6803,13,31.4719
6804,13,31.4672
6805,13,31.4626
6806,13,31.458
6807,13,31.4534
6808,13,31.4487
6809,13,31.4441
6810,13,31.4395
6811,13,31.4349
6812,13,31.4303
6813,13,31.4257
6814,13,31.421
6815,13,31.4164
6816,13,31.4118
6817,13,31.4072
6818,13,31.4026
6819,13,31.398
6820,13,31.3934
6821,13,31.3888
6822,13,31.3842
6823,13,31.3796
6824,13,31.375
6825,13,31.3704
6826,13,31.3658
6827,13,31.3612
6828,13,31.3566
6829,13,31.352
6830,13,31.3474
6831,13,31.3428
6832,13,31.3383
6833,13,31.3337
6834,13,31.3291
6835,13,31.3245
6836,13,31.3199
6837,13,31.3153
6838,13,31.3108
6839,13,31.3062
6840,13,31.3016
6841,13,31.297
6842,13,31.2925
6843,13,31.2879
6844,13,31.2833
6845,13,31.2787
6846,13,31.2742
6847,13,31.2696
6848,13,31.265
6849,13,31.2605
6850,13,31.2559
6851,13,31.2514
6852,13,31.2468
6853,13,31.2422
6854,13,31.2377
6855,13,31.2331
6856,13,31.2286
6857,13,31.224
6858,13,31.2195
6859,13,31.2149
6860,13,31.2103
6861,13,31.2058
6862,13,31.2013
6863,13,31.1967
6864,13,31.1922
6865,13,31.1876
6866,13,31.1831
6867,13,31.1785
6868,13,31.174
6869,13,31.1695
6870,13,31.1649
6871,13,31.1604
6872,13,31.1558
6873,13,31.1513
6874,13,31.1468
6875,13,31.1423
6876,13,31.1377
6877,13,31.1332
6878,13,31.1287
6879,13,31.1241
6880,13,31.1196
6881,13,31.1151
6882,13,31.1106
6883,13,31.1061
6884,13,31.1015
6885,13,31.097
6886,13,31.0925
6887,13,31.088
6888,13,31.0835
6889,13,31.079
6890,13,31.0745
6891,13,31.0699
6892,13,31.0654
6893,13,31.0609
6894,13,31.0564
6895,13,31.0519
6896,13,31.0474
6897,13,31.0429
6898,13,31.0384
6899,13,31.0339
6900,13,31.0294
6901,12,31.0249
6902,12,31.0204
6903,12,31.0159
6904,12,31.0114
6905,12,31.007
6906,12,31.0025
6907,12,30.998
6908,12,30.9935
6909,12,30.989
6910,12,30.9845
6911,12,30.98
6912,12,30.9755
6913,12,30.9711
6914,12,30.9666
6915,12,30.9621
6916,12,30.9576
6917,12,30.9532
6918,12,30.9487
6919,12,30.9442
6920,12,30.9397
6921,12,30.9353
6922,12,30.9308
6923,12,30.9263
6924,12,30.9219
6925,12,30.9174
6926,12,30.9129
6927,12,30.9085
6928,12,30.904
6929,12,30.8996
6930,12,30.8951
6931,12,30.8906
6932,12,30.8862
6933,12,30.8817
6934,12,30.8773
6935,12,30.8728
6936,12,30.8684
6937,12,30.8639
6938,12,30.8595
6939,12,30.855
6940,12,30.8506
6941,12,30.8461
6942,12,30.8417
6943,12,30.8372
6944,12,30.8328
6945,12,30.8284
6946,12,30.8239
6947,12,30.8195
6948,12,30.8151
6949,12,30.8106
6950,12,30.8062
6951,12,30.8018
6952,12,30.7973
6953,12,30.7929
6954,12,30.7885
6955,12,30.784
6956,12,30.7796
6957,12,30.7752
6958,12,30.7708
6959,12,30.7663
6960,12,30.7619
6961,12,30.7575
6962,12,30.7531
6963,12,30.7487
6964,12,30.7443
6965,12,30.7398
6966,12,30.7354
6967,12,30.731
6968,12,30.7266
6969,12,30.7222
6970,12,30.7178
6971,12,30.7134
6972,12,30.709
6973,12,30.7046
6974,12,30.7002
6975,12,30.6958
6976,12,30.6914
6977,12,30.687
6978,12,30.6826
6979,12,30.6782
6980,12,30.6738
6981,12,30.6694
6982,12,30.665
6983,12,30.6606
6984,12,30.6562
6985,12,30.6518
6986,12,30.6474
6987,12,30.6431
6988,12,30.6387
6989,12,30.6343
6990,12,30.6299
6991,12,30.6255
6992,12,30.6211
6993,12,30.6168
6994,12,30.6124
6995,12,30.608
6996,12,30.6036
6997,12,30.5993
6998,12,30.5949
6999,12,30.5905
7000,12,30.5861
7001,12,30.5818
7002,12,30.5774
7003,12,30.573
7004,12,30.5687
7005,12,30.5643
7006,12,30.5599
7007,12,30.5556
7008,12,30.5512
7009,12,30.5469
7010,12,30.5425
7011,12,30.5382
7012,12,30.5338
7013,12,30.5294
7014,12,30.5251
7015,12,30.5207
7016,12,30.5164
7017,12,30.512
7018,12,30.5077
7019,12,30.5033
7020,12,30.499
7021,12,30.4947
7022,12,30.4903
7023,12,30.486
7024,12,30.4816
7025,12,30.4773
7026,12,30.473
7027,12,30.4686
7028,12,30.4643
7029,12,30.46
7030,12,30.4556
7031,12,30.4513
7032,12,30.447
7033,12,30.4426
7034,12,30.4383
7035,12,30.434
7036,12,30.4296
7037,12,30.4253
7038,12,30.421
7039,12,30.4167
7040,12,30.4124
7041,12,30.408
7042,12,30.4037
7043,12,30.3994
7044,12,30.3951
7045,12,30.3908
7046,12,30.3865
7047,12,30.3821
7048,12,30.3778
7049,12,30.3735
7050,12,30.3692
7051,12,30.3649
7052,12,30.3606
7053,12,30.3563
7054,12,30.352
7055,12,30.3477
7056,12,30.3434
7057,12,30.3391
7058,12,30.3348
7059,12,30.3305
7060,12,30.3262
7061,12,30.3219
7062,12,30.3176
7063,12,30.3133
7064,12,30.309
7065,12,30.3047
7066,12,30.3005
7067,12,30.2962
7068,12,30.2919
7069,12,30.2876
7070,12,30.2833
7071,12,30.279
7072,12,30.2747
7073,12,30.2705
7074,12,30.2662
7075,12,30.2619
7076,12,30.2576
7077,12,30.2534
7078,12,30.2491
7079,12,30.2448
7080,12,30.2405
7081,12,30.2363
7082,12,30.232
7083,12,30.2277
7084,12,30.2235
7085,12,30.2192
7086,12,30.2149
7087,12,30.2107
7088,12,30.2064
7089,12,30.2021
7090,12,30.1979
7091,12,30.1936
7092,12,30.1894
7093,12,30.1851
7094,12,30.1809
7095,12,30.1766
7096,12,30.1724
7097,12,30.1681
7098,12,30.1638
7099,12,30.1596
7100,12,30.1554
7101,12,30.1511
7102,12,30.1469
7103,12,30.1426
7104,12,30.1384
7105,12,30.1341
7106,12,30.1299
7107,12,30.1257
7108,12,30.1214
7109,12,30.1172
7110,12,30.1129
7111,12,30.1087
7112,12,30.1045
7113,12,30.1002
7114,12,30.096
7115,12,30.0918
7116,12,30.0875
7117,12,30.0833
7118,12,30.0791
7119,12,30.0749
7120,12,30.0706
7121,12,30.0664
7122,12,30.0622
7123,12,30.058
7124,12,30.0538
7125,12,30.0495
7126,12,30.0453
7127,12,30.0411
7128,12,30.0369
7129,12,30.0327
7130,12,30.0285
7131,12,30.0243
7132,12,30.0201
7133,12,30.0158
7134,12,30.0116
7135,12,30.0074
7136,12,30.0032
7137,12,29.999
7138,12,29.9948
7139,12,29.9906
7140,12,29.9864
7141,12,29.9822
7142,12,29.978
7143,12,29.9738
7144,12,29.9696
7145,12,29.9654
7146,12,29.9612
7147,12,29.957
7148,12,29.9529
7149,12,29.9487
7150,12,29.9445
7151,12,29.9403
7152,12,29.9361
7153,12,29.9319
7154,12,29.9277
7155,12,29.9235
7156,12,29.9194
7157,12,29.9152
7158,12,29.911
7159,12,29.9068
7160,12,29.9027
7161,12,29.8985
7162,12,29.8943
7163,12,29.8901
7164,12,29.886
7165,12,29.8818
7166,12,29.8776
7167,12,29.8734
7168,12,29.8693
7169,12,29.8651
7170,12,29.8609
7171,12,29.8568
7172,12,29.8526
7173,12,29.8485
7174,12,29.8443
7175,12,29.8401
7176,12,29.836
7177,12,29.8318
7178,12,29.8277
7179,12,29.8235
7180,12,29.8194
7181,12,29.8152
7182,12,29.8111
7183,12,29.8069
7184,12,29.8028
7185,12,29.7986
7186,12,29.7945
7187,12,29.7903
7188,12,29.7862
7189,12,29.782
7190,12,29.7779
7191,12,29.7737
7192,12,29.7696
7193,12,29.7655
7194,12,29.7613
7195,12,29.7572
7196,12,29.7531
7197,12,29.7489
7198,12,29.7448
7199,12,29.7407
7200,12,29.7365
7201,12,29.7324
7202,12,29.7283
7203,12,29.7241
7204,12,29.72
7205,12,29.7159
7206,12,29.7118
7207,12,29.7076
7208,12,29.7035
7209,12,29.6994
7210,12,29.6953
7211,12,29.6912
7212,12,29.687
7213,12,29.6829
7214,12,29.6788
7215,12,29.6747
7216,12,29.6706
7217,12,29.6665
7218,12,29.6624
7219,12,29.6583
7220,12,29.6542
7221,12,29.65
7222,12,29.6459
7223,12,29.6418
7224,12,29.6377
7225,12,29.6336
7226,12,29.6295
7227,12,29.6254
7228,12,29.6213
7229,12,29.6172
7230,12,29.6131
7231,12,29.609
7232,12,29.605
7233,12,29.6009
7234,12,29.5968
7235,12,29.5927
7236,12,29.5886
7237,12,29.5845
7238,12,29.5804
7239,12,29.5763
7240,12,29.5722
7241,12,29.5682
7242,12,29.5641
7243,12,29.56
7244,12,29.5559
7245,12,29.5518
7246,12,29.5478
7247,12,29.5437
7248,12,29.5396
7249,12,29.5355
7250,12,29.5314
7251,12,29.5274
7252,12,29.5233
7253,12,29.5192
7254,12,29.5152
7255,12,29.5111
7256,12,29.507
7257,12,29.503
7258,12,29.4989
7259,12,29.4948
7260,12,29.4908
7261,12,29.4867
7262,12,29.4826
7263,12,29.4786
7264,12,29.4745
7265,12,29.4705
7266,12,29.4664
7267,12,29.4624
7268,11,29.4583
7269,11,29.4543
7270,11,29.4502
7271,11,29.4462
7272,11,29.4421
7273,11,29.4381
7274,11,29.434
7275,11,29.43
7276,11,29.4259
7277,11,29.4219
7278,11,29.4178
7279,11,29.4138
7280,11,29.4098
7281,11,29.4057
7282,11,29.4017
7283,11,29.3976
7284,11,29.3936
7285,11,29.3896
7286,11,29.3855
7287,11,29.3815
7288,11,29.3775
7289,11,29.3734
7290,11,29.3694
7291,11,29.3654
7292,11,29.3614
7293,11,29.3573
7294,11,29.3533
7295,11,29.3493
7296,11,29.3453
7297,11,29.3412
7298,11,29.3372
7299,11,29.3332
7300,11,29.3292
7301,11,29.3252
7302,11,29.3211
7303,11,29.3171
7304,11,29.3131
7305,11,29.3091
7306,11,29.3051
7307,11,29.3011
7308,11,29.2971
7309,11,29.2931
7310,11,29.2891
7311,11,29.285
7312,11,29.281
7313,11,29.277
7314,11,29.273
7315,11,29.269
7316,11,29.265
7317,11,29.261
7318,11,29.257
7319,11,29.253
7320,11,29.249
7321,11,29.245
7322,11,29.2411
7323,11,29.2371
7324,11,29.2331
7325,11,29.2291
7326,11,29.2251
7327,11,29.2211
7328,11,29.2171
7329,11,29.2131
7330,11,29.2091
7331,11,29.2052
7332,11,29.2012
7333,11,29.1972
7334,11,29.1932
7335,11,29.1892
7336,11,29.1853
7337,11,29.1813
7338,11,29.1773
7339,11,29.1733
7340,11,29.1693
7341,11,29.1654
7342,11,29.1614
7343,11,29.1574
7344,11,29.1535
7345,11,29.1495
7346,11,29.1455
7347,11,29.1416
7348,11,29.1376
7349,11,29.1336
7350,11,29.1297
7351,11,29.1257
7352,11,29.1217
7353,11,29.1178
7354,11,29.1138
7355,11,29.1099
7356,11,29.1059
7357,11,29.1019
7358,11,29.098
7359,11,29.094
7360,11,29.0901
7361,11,29.0861
7362,11,29.0822
7363,11,29.0782
7364,11,29.0743
7365,11,29.0703
7366,11,29.0664
7367,11,29.0624
7368,11,29.0585
7369,11,29.0546
7370,11,29.0506
7371,11,29.0467
7372,11,29.0427
7373,11,29.0388
7374,11,29.0349
7375,11,29.0309
7376,11,29.027
7377,11,29.023
7378,11,29.0191
7379,11,29.0152
7380,11,29.0112
7381,11,29.0073
7382,11,29.0034
7383,11,28.9995
7384,11,28.9955
7385,11,28.9916
7386,11,28.9877
7387,11,28.9838
7388,11,28.9798
7389,11,28.9759
7390,11,28.972
7391,11,28.9681
7392,11,28.9642
7393,11,28.9602
7394,11,28.9563
7395,11,28.9524
7396,11,28.9485
7397,11,28.9446
7398,11,28.9407
7399,11,28.9367
7400,11,28.9328
7401,11,28.9289
7402,11,28.925
7403,11,28.9211
7404,11,28.9172
7405,11,28.9133
7406,11,28.9094
7407,11,28.9055
7408,11,28.9016
7409,11,28.8977
7410,11,28.8938
7411,11,28.8899
7412,11,28.886
7413,11,28.8821
7414,11,28.8782
7415,11,28.8743
7416,11,28.8704
7417,11,28.8665
7418,11,28.8626
7419,11,28.8587
7420,11,28.8549
7421,11,28.851
7422,11,28.8471
7423,11,28.8432
7424,11,28.8393
7425,11,28.8354
7426,11,28.8315
7427,11,28.8277
7428,11,28.8238
7429,11,28.8199
7430,11,28.816
7431,11,28.8121
7432,11,28.8083
7433,11,28.8044
7434,11,28.8005
7435,11,28.7966
7436,11,28.7928
7437,11,28.7889
7438,11,28.785
7439,11,28.7812
7440,11,28.7773
7441,11,28.7734
7442,11,28.7696
7443,11,28.7657
7444,11,28.7618
7445,11,28.758
7446,11,28.7541
7447,11,28.7502
7448,11,28.7464
7449,11,28.7425
7450,11,28.7387
7451,11,28.7348
7452,11,28.7309
7453,11,28.7271
7454,11,28.7232
7455,11,28.7194
7456,11,28.7155
7457,11,28.7117
7458,11,28.7078
7459,11,28.704
7460,11,28.7001
7461,11,28.6963
7462,11,28.6924
7463,11,28.6886
7464,11,28.6848
7465,11,28.6809
7466,11,28.6771
7467,11,28.6732
7468,11,28.6694
7469,11,28.6656
7470,11,28.6617
7471,11,28.6579
7472,11,28.654
7473,11,28.6502
7474,11,28.6464
7475,11,28.6425
7476,11,28.6387
7477,11,28.6349
7478,11,28.6311
7479,11,28.6272
7480,11,28.6234
7481,11,28.6196
7482,11,28.6157
7483,11,28.6119
7484,11,28.6081
7485,11,28.6043
7486,11,28.6005
7487,11,28.5966
7488,11,28.5928
7489,11,28.589
7490,11,28.5852
7491,11,28.5814
7492,11,28.5775
7493,11,28.5737
7494,11,28.5699
7495,11,28.5661
7496,11,28.5623
7497,11,28.5585
7498,11,28.5547
7499,11,28.5509
7500,11,28.5471
7501,11,28.5433
7502,11,28.5395
7503,11,28.5357
7504,11,28.5318
7505,11,28.528
7506,11,28.5242
7507,11,28.5204
7508,11,28.5166
7509,11,28.5129
7510,11,28.5091
7511,11,28.5053
7512,11,28.5015
7513,11,28.4977
7514,11,28.4939
7515,11,28.4901
7516,11,28.4863
7517,11,28.4825
7518,11,28.4787
7519,11,28.4749
7520,11,28.4711
7521,11,28.4674
7522,11,28.4636
7523,11,28.4598
7524,11,28.456
7525,11,28.4522
7526,11,28.4484
7527,11,28.4447
7528,11,28.4409
7529,11,28.4371
7530,11,28.4333
7531,11,28.4296
7532,11,28.4258
7533,11,28.422
7534,11,28.4182
7535,11,28.4145
7536,11,28.4107
7537,11,28.4069
7538,11,28.4032
7539,11,28.3994
7540,11,28.3956
7541,11,28.3919
7542,11,28.3881
7543,11,28.3843
7544,11,28.3806
7545,11,28.3768
7546,11,28.373
7547,11,28.3693
7548,11,28.3655
7549,11,28.3618
7550,11,28.358
7551,11,28.3543
7552,11,28.3505
7553,11,28.3467
7554,11,28.343
7555,11,28.3392
7556,11,28.3355
7557,11,28.3317
7558,11,28.328
7559,11,28.3242
7560,11,28.3205
7561,11,28.3168
7562,11,28.313
7563,11,28.3093
7564,11,28.3055
7565,11,28.3018
7566,11,28.298
7567,11,28.2943
7568,11,28.2906
7569,11,28.2868
7570,11,28.2831
7571,11,28.2794
7572,11,28.2756
7573,11,28.2719
7574,11,28.2682
7575,11,28.2644
7576,11,28.2607
7577,11,28.257
7578,11,28.2532
7579,11,28.2495
7580,11,28.2458
7581,11,28.2421
7582,11,28.2383
7583,11,28.2346
7584,11,28.2309
7585,11,28.2272
7586,11,28.2234
7587,11,28.2197
7588,11,28.216
7589,11,28.2123
7590,11,28.2086
7591,11,28.2048
7592,11,28.2011
7593,11,28.1974
7594,11,28.1937
7595,11,28.19
7596,11,28.1863
7597,11,28.1826
7598,11,28.1789
7599,11,28.1752
7600,11,28.1714
7601,11,28.1677
7602,11,28.164
7603,11,28.1603
7604,11,28.1566
7605,11,28.1529
7606,11,28.1492
7607,11,28.1455
7608,11,28.1418
7609,11,28.1381
7610,11,28.1344
7611,11,28.1307
7612,11,28.127
7613,11,28.1233
7614,11,28.1196
7615,11,28.116
7616,11,28.1123
7617,11,28.1086
7618,11,28.1049
7619,11,28.1012
7620,11,28.0975
7621,11,28.0938
7622,11,28.0901
7623,11,28.0864
7624,11,28.0828
7625,11,28.0791
7626,11,28.0754
7627,11,28.0717
7628,11,28.068
7629,11,28.0644
7630,11,28.0607
7631,11,28.057
7632,11,28.0533
7633,11,28.0497
7634,11,28.046
7635,11,28.0423
7636,11,28.0386
7637,11,28.035
7638,11,28.0313
7639,11,28.0276
7640,11,28.024
7641,11,28.0203
7642,11,28.0166
7643,11,28.013
7644,11,28.0093
7645,11,28.0056
7646,11,28.002
7647,11,27.9983
7648,11,27.9946
7649,11,27.991
7650,11,27.9873
7651,11,27.9837
7652,11,27.98
7653,11,27.9763
7654,11,27.9727
7655,11,27.969
7656,11,27.9654
7657,11,27.9617
7658,11,27.9581
7659,11,27.9544
7660,11,27.9508
7661,11,27.9471
7662,11,27.9435
7663,11,27.9398
7664,11,27.9362
7665,11,27.9326
7666,11,27.9289
7667,11,27.9253
7668,11,27.9216
7669,11,27.918
7670,11,27.9143
7671,11,27.9107
7672,11,27.9071
7673,11,27.9034
7674,11,27.8998
7675,11,27.8962
7676,11,27.8925
7677,11,27.8889
7678,11,27.8853
7679,11,27.8816
7680,11,27.878
7681,11,27.8744
7682,11,27.8707
7683,11,27.8671
7684,11,27.8635
7685,11,27.8599
7686,11,27.8562
7687,11,27.8526
7688,11,27.849
7689,11,27.8454
7690,11,27.8417
7691,11,27.8381
7692,11,27.8345
7693,11,27.8309
7694,11,27.8273
7695,11,27.8237
7696,11,27.82
7697,11,27.8164
7698,11,27.8128
7699,11,27.8092
7700,11,27.8056
7701,11,27.802
7702,11,27.7984
7703,11,27.7948
7704,11,27.7911
7705,11,27.7875
7706,11,27.7839
7707,11,27.7803
7708,10,27.7767
7709,10,27.7731
7710,10,27.7695
7711,10,27.7659
7712,10,27.7623
7713,10,27.7587
7714,10,27.7551
7715,10,27.7515
7716,10,27.7479
7717,10,27.7443
7718,10,27.7407
7719,10,27.7371
7720,10,27.7335
7721,10,27.73
7722,10,27.7264
7723,10,27.7228
7724,10,27.7192
7725,10,27.7156
7726,10,27.712
7727,10,27.7084
7728,10,27.7048
7729,10,27.7013
7730,10,27.6977
7731,10,27.6941
7732,10,27.6905
7733,10,27.6869
7734,10,27.6833
7735,10,27.6798
7736,10,27.6762
7737,10,27.6726
7738,10,27.669
7739,10,27.6655
7740,10,27.6619
7741,10,27.6583
7742,10,27.6547
7743,10,27.6512
7744,10,27.6476
7745,10,27.644
7746,10,27.6405
7747,10,27.6369
7748,10,27.6333
7749,10,27.6298
7750,10,27.6262
7751,10,27.6226
7752,10,27.6191
7753,10,27.6155
7754,10,27.6119
7755,10,27.6084
7756,10,27.6048
7757,10,27.6013
7758,10,27.5977
7759,10,27.5941
7760,10,27.5906
7761,10,27.587
7762,10,27.5835
7763,10,27.5799
7764,10,27.5764
7765,10,27.5728
7766,10,27.5693
7767,10,27.5657
7768,10,27.5622
7769,10,27.5586
7770,10,27.5551
7771,10,27.5515
7772,10,27.548
7773,10,27.5444
7774,10,27.5409
7775,10,27.5374
7776,10,27.5338
7777,10,27.5303
7778,10,27.5267
7779,10,27.5232
7780,10,27.5197
7781,10,27.5161
7782,10,27.5126
7783,10,27.5091
7784,10,27.5055
7785,10,27.502
7786,10,27.4985
7787,10,27.4949
7788,10,27.4914
7789,10,27.4879
7790,10,27.4843
7791,10,27.4808
7792,10,27.4773
7793,10,27.4738
7794,10,27.4702
7795,10,27.4667
7796,10,27.4632
7797,10,27.4597
7798,10,27.4561
7799,10,27.4526
7800,10,27.4491
7801,10,27.4456
7802,10,27.4421
7803,10,27.4385
7804,10,27.435
7805,10,27.4315
7806,10,27.428
7807,10,27.4245
7808,10,27.421
7809,10,27.4175
7810,10,27.414
7811,10,27.4104
7812,10,27.4069
7813,10,27.4034
7814,10,27.3999
7815,10,27.3964
7816,10,27.3929
7817,10,27.3894
7818,10,27.3859
7819,10,27.3824
7820,10,27.3789
7821,10,27.3754
7822,10,27.3719
7823,10,27.3684
7824,10,27.3649
7825,10,27.3614
7826,10,27.3579
7827,10,27.3544
7828,10,27.3509
7829,10,27.3474
7830,10,27.3439
7831,10,27.3404
7832,10,27.337
7833,10,27.3335
7834,10,27.33
7835,10,27.3265
7836,10,27.323
7837,10,27.3195
7838,10,27.316
7839,10,27.3125
7840,10,27.3091
7841,10,27.3056
7842,10,27.3021
7843,10,27.2986
7844,10,27.2951
7845,10,27.2917
7846,10,27.2882
7847,10,27.2847
7848,10,27.2812
7849,10,27.2777
7850,10,27.2743
7851,10,27.2708
7852,10,27.2673
7853,10,27.2638
7854,10,27.2604
7855,10,27.2569
7856,10,27.2534
7857,10,27.25
7858,10,27.2465
7859,10,27.243
7860,10,27.2396
7861,10,27.2361
7862,10,27.2326
7863,10,27.2292
7864,10,27.2257
7865,10,27.2223
7866,10,27.2188
7867,10,27.2153
7868,10,27.2119
7869,10,27.2084
7870,10,27.205
7871,10,27.2015
7872,10,27.198
7873,10,27.1946
7874,10,27.1911
7875,10,27.1877
7876,10,27.1842
7877,10,27.1808
7878,10,27.1773
7879,10,27.1739
7880,10,27.1704
7881,10,27.167
7882,10,27.1635
7883,10,27.1601
7884,10,27.1566
7885,10,27.1532
7886,10,27.1498
7887,10,27.1463
7888,10,27.1429
7889,10,27.1394
7890,10,27.136
7891,10,27.1326
7892,10,27.1291
7893,10,27.1257
7894,10,27.1222
7895,10,27.1188
7896,10,27.1154
7897,10,27.1119
7898,10,27.1085
7899,10,27.1051
7900,10,27.1016
7901,10,27.0982
7902,10,27.0948
7903,10,27.0914
7904,10,27.0879
7905,10,27.0845
7906,10,27.0811
7907,10,27.0777
7908,10,27.0742
7909,10,27.0708
7910,10,27.0674
7911,10,27.064
7912,10,27.0605
7913,10,27.0571
7914,10,27.0537
7915,10,27.0503
7916,10,27.0469
7917,10,27.0435
7918,10,27.04
7919,10,27.0366
7920,10,27.0332
7921,10,27.0298
7922,10,27.0264
7923,10,27.023
7924,10,27.0196
7925,10,27.0162
7926,10,27.0127
7927,10,27.0093
7928,10,27.0059
7929,10,27.0025
7930,10,26.9991
7931,10,26.9957
7932,10,26.9923
7933,10,26.9889
7934,10,26.9855
7935,10,26.9821
7936,10,26.9787
7937,10,26.9753
7938,10,26.9719
7939,10,26.9685
7940,10,26.9651
7941,10,26.9617
7942,10,26.9583
7943,10,26.9549
7944,10,26.9515
7945,10,26.9481
7946,10,26.9448
7947,10,26.9414
7948,10,26.938
7949,10,26.9346
7950,10,26.9312
7951,10,26.9278
7952,10,26.9244
7953,10,26.921
7954,10,26.9177
7955,10,26.9143
7956,10,26.9109
7957,10,26.9075
7958,10,26.9041
7959,10,26.9007
7960,10,26.8974
7961,10,26.894
7962,10,26.8906
7963,10,26.8872
7964,10,26.8839
7965,10,26.8805
7966,10,26.8771
7967,10,26.8737
7968,10,26.8704
7969,10,26.867
7970,10,26.8636
7971,10,26.8602
7972,10,26.8569
7973,10,26.8535
7974,10,26.8501
7975,10,26.8468
7976,10,26.8434
7977,10,26.84
7978,10,26.8367
7979,10,26.8333
7980,10,26.8299
7981,10,26.8266
7982,10,26.8232
7983,10,26.8199
7984,10,26.8165
7985,10,26.8131
7986,10,26.8098
7987,10,26.8064
7988,10,26.8031
7989,10,26.7997
7990,10,26.7964
7991,10,26.793
7992,10,26.7897
7993,10,26.7863
7994,10,26.783
7995,10,26.7796
7996,10,26.7763
7997,10,26.7729
7998,10,26.7696
7999,10,26.7662
8000,10,26.7629
8001,10,26.7595
8002,10,26.7562
8003,10,26.7528
8004,10,26.7495
8005,10,26.7462
8006,10,26.7428
8007,10,26.7395
8008,10,26.7361
8009,10,26.7328
8010,10,26.7295
8011,10,26.7261
8012,10,26.7228
8013,10,26.7195
8014,10,26.7161
8015,10,26.7128
8016,10,26.7095
8017,10,26.7061
8018,10,26.7028
8019,10,26.6995
8020,10,26.6961
8021,10,26.6928
8022,10,26.6895
8023,10,26.6862
8024,10,26.6828
8025,10,26.6795
8026,10,26.6762
8027,10,26.6729
8028,10,26.6695
8029,10,26.6662
8030,10,26.6629
8031,10,26.6596
8032,10,26.6562
8033,10,26.6529
8034,10,26.6496
8035,10,26.6463
8036,10,26.643
8037,10,26.6397
8038,10,26.6364
8039,10,26.633
8040,10,26.6297
8041,10,26.6264
8042,10,26.6231
8043,10,26.6198
8044,10,26.6165
8045,10,26.6132
8046,10,26.6099
8047,10,26.6066
8048,10,26.6033
8049,10,26.6
8050,10,26.5966
8051,10,26.5933
8052,10,26.59
8053,10,26.5867
8054,10,26.5834
8055,10,26.5801
8056,10,26.5768
8057,10,26.5735
8058,10,26.5702
8059,10,26.5669
8060,10,26.5636
8061,10,26.5604
8062,10,26.5571
8063,10,26.5538
8064,10,26.5505
8065,10,26.5472
8066,10,26.5439
8067,10,26.5406
8068,10,26.5373
8069,10,26.534
8070,10,26.5307
8071,10,26.5274
8072,10,26.5242
8073,10,26.5209
8074,10,26.5176
8075,10,26.5143
8076,10,26.511
8077,10,26.5077
8078,10,26.5045
8079,10,26.5012
8080,10,26.4979
8081,10,26.4946
8082,10,26.4913
8083,10,26.4881
8084,10,26.4848
8085,10,26.4815
8086,10,26.4782
8087,10,26.475
8088,10,26.4717
8089,10,26.4684
8090,10,26.4651
8091,10,26.4619
8092,10,26.4586
8093,10,26.4553
8094,10,26.4521
8095,10,26.4488
8096,10,26.4455
8097,10,26.4423
8098,10,26.439
8099,10,26.4357
8100,10,26.4325
8101,10,26.4292
8102,10,26.4259
8103,10,26.4227
8104,10,26.4194
8105,10,26.4162
8106,10,26.4129
8107,10,26.4096
8108,10,26.4064
8109,10,26.4031
8110,10,26.3999
8111,10,26.3966
8112,10,26.3934
8113,10,26.3901
8114,10,26.3869
8115,10,26.3836
8116,10,26.3804
8117,10,26.3771
8118,10,26.3739
8119,10,26.3706
8120,10,26.3674
8121,10,26.3641
8122,10,26.3609
8123,10,26.3576
8124,10,26.3544
8125,10,26.3511
8126,10,26.3479
8127,10,26.3447
8128,10,26.3414
8129,10,26.3382
8130,10,26.3349
8131,10,26.3317
8132,10,26.3285
8133,10,26.3252
8134,10,26.322
8135,10,26.3187
8136,10,26.3155
8137,10,26.3123
8138,10,26.309
8139,10,26.3058
8140,10,26.3026
8141,10,26.2993
8142,10,26.2961
8143,10,26.2929
8144,10,26.2897
8145,10,26.2864
8146,10,26.2832
8147,10,26.28
8148,10,26.2768
8149,10,26.2735
8150,10,26.2703
8151,10,26.2671
8152,10,26.2639
8153,10,26.2606
8154,10,26.2574
8155,10,26.2542
8156,10,26.251
8157,10,26.2478
8158,10,26.2445
8159,10,26.2413
8160,10,26.2381
8161,10,26.2349
8162,10,26.2317
8163,10,26.2285
8164,10,26.2253
8165,10,26.222
8166,10,26.2188
8167,10,26.2156
8168,10,26.2124
8169,10,26.2092
8170,10,26.206
8171,10,26.2028
8172,10,26.1996
8173,10,26.1964
8174,10,26.1932
8175,10,26.19
8176,10,26.1868
8177,10,26.1836
8178,10,26.1804
8179,10,26.1772
8180,10,26.174
8181,10,26.1708
8182,10,26.1676
8183,10,26.1644
8184,10,26.1612
8185,10,26.158
8186,10,26.1548
8187,10,26.1516
8188,10,26.1484
8189,10,26.1452
8190,10,26.142
8191,10,26.1388
8192,10,26.1356
8193,10,26.1324
8194,10,26.1292
8195,10,26.1261
8196,10,26.1229
8197,10,26.1197
8198,10,26.1165
8199,10,26.1133
8200,10,26.1101
8201,10,26.1069
8202,10,26.1038
8203,10,26.1006
8204,10,26.0974
8205,10,26.0942
8206,10,26.091
8207,10,26.0879
8208,10,26.0847
8209,10,26.0815
8210,10,26.0783
8211,10,26.0751
8212,10,26.072
8213,10,26.0688
8214,10,26.0656
8215,10,26.0624
8216,10,26.0593
8217,10,26.0561
8218,10,26.0529
8219,10,26.0498
8220,10,26.0466
8221,10,26.0434
8222,10,26.0403
8223,10,26.0371
8224,10,26.0339
8225,10,26.0308
8226,10,26.0276
8227,10,26.0244
8228,10,26.0213
8229,10,26.0181
8230,10,26.0149
8231,10,26.0118
8232,10,26.0086
8233,10,26.0055
8234,10,26.0023
8235,10,25.9991
8236,10,25.996
8237,10,25.9928
8238,10,25.9897
8239,10,25.9865
8240,10,25.9834
8241,10,25.9802
8242,10,25.9771
8243,10,25.9739
8244,10,25.9708
8245,10,25.9676
8246,10,25.9645
8247,10,25.9613
8248,10,25.9582
8249,10,25.955
8250,10,25.9519
8251,10,25.9487
8252,10,25.9456
8253,10,25.9424
8254,10,25.9393
8255,10,25.9362
8256,10,25.933
8257,10,25.9299
8258,10,25.9267
8259,10,25.9236
8260,10,25.9205
8261,10,25.9173
8262,10,25.9142
8263,10,25.911
8264,10,25.9079
8265,10,25.9048
8266,10,25.9016
8267,10,25.8985
8268,10,25.8954
8269,10,25.8922
8270,10,25.8891
8271,10,25.886
8272,10,25.8829
8273,10,25.8797
8274,10,25.8766
8275,10,25.8735
8276,10,25.8703
8277,10,25.8672
8278,10,25.8641
8279,10,25.861
8280,10,25.8579
8281,10,25.8547
8282,10,25.8516
8283,10,25.8485
8284,10,25.8454
8285,10,25.8422
8286,10,25.8391
8287,10,25.836
8288,10,25.8329
8289,10,25.8298
8290,10,25.8267
8291,9,25.8235
8292,9,25.8204
8293,9,25.8173
8294,9,25.8142
8295,9,25.8111
8296,9,25.808
8297,9,25.8049
8298,9,25.8018
8299,9,25.7987
8300,9,25.7955
8301,9,25.7924
8302,9,25.7893
8303,9,25.7862
8304,9,25.7831
8305,9,25.78
8306,9,25.7769
8307,9,25.7738
8308,9,25.7707
8309,9,25.7676
8310,9,25.7645
8311,9,25.7614
8312,9,25.7583
8313,9,25.7552
8314,9,25.7521
8315,9,25.749
8316,9,25.7459
8317,9,25.7428
8318,9,25.7397
8319,9,25.7366
8320,9,25.7335
8321,9,25.7304
8322,9,25.7273
8323,9,25.7243
8324,9,25.7212
8325,9,25.7181
8326,9,25.715
8327,9,25.7119
8328,9,25.7088
8329,9,25.7057
8330,9,25.7026
8331,9,25.6996
8332,9,25.6965
8333,9,25.6934
8334,9,25.6903
8335,9,25.6872
8336,9,25.6841
8337,9,25.6811
8338,9,25.678
8339,9,25.6749
8340,9,25.6718
8341,9,25.6687
8342,9,25.6657
8343,9,25.6626
8344,9,25.6595
8345,9,25.6564
8346,9,25.6534
8347,9,25.6503
8348,9,25.6472
8349,9,25.6441
8350,9,25.6411
8351,9,25.638
8352,9,25.6349
8353,9,25.6319
8354,9,25.6288
8355,9,25.6257
8356,9,25.6227
8357,9,25.6196
8358,9,25.6165
8359,9,25.6135
8360,9,25.6104
8361,9,25.6073
8362,9,25.6043
8363,9,25.6012
8364,9,25.5982
8365,9,25.5951
8366,9,25.592
8367,9,25.589
8368,9,25.5859
8369,9,25.5829
8370,9,25.5798
8371,9,25.5768
8372,9,25.5737
8373,9,25.5706
8374,9,25.5676
8375,9,25.5645
8376,9,25.5615
8377,9,25.5584
8378,9,25.5554
8379,9,25.5523
8380,9,25.5493
8381,9,25.5462
8382,9,25.5432
8383,9,25.5401
8384,9,25.5371
8385,9,25.534
8386,9,25.531
8387,9,25.528
8388,9,25.5249
8389,9,25.5219
8390,9,25.5188
8391,9,25.5158
8392,9,25.5128
8393,9,25.5097
8394,9,25.5067
8395,9,25.5036
8396,9,25.5006
8397,9,25.4976
8398,9,25.4945
8399,9,25.4915
8400,9,25.4885
8401,9,25.4854
8402,9,25.4824
8403,9,25.4794
8404,9,25.4763
8405,9,25.4733
8406,9,25.4703
8407,9,25.4672
8408,9,25.4642
8409,9,25.4612
8410,9,25.4581
8411,9,25.4551
8412,9,25.4521
8413,9,25.4491
8414,9,25.446
8415,9,25.443
8416,9,25.44
8417,9,25.437
8418,9,25.434
8419,9,25.4309
8420,9,25.4279
8421,9,25.4249
8422,9,25.4219
8423,9,25.4189
8424,9,25.4158
8425,9,25.4128
8426,9,25.4098
8427,9,25.4068
8428,9,25.4038
8429,9,25.4008
8430,9,25.3977
8431,9,25.3947
8432,9,25.3917
8433,9,25.3887
8434,9,25.3857
8435,9,25.3827
8436,9,25.3797
8437,9,25.3767
8438,9,25.3737
8439,9,25.3707
8440,9,25.3677
8441,9,25.3646
8442,9,25.3616
8443,9,25.3586
8444,9,25.3556
8445,9,25.3526
8446,9,25.3496
8447,9,25.3466
8448,9,25.3436
8449,9,25.3406
8450,9,25.3376
8451,9,25.3346
8452,9,25.3316
8453,9,25.3286
8454,9,25.3256
8455,9,25.3226
8456,9,25.3197
8457,9,25.3167
8458,9,25.3137
8459,9,25.3107
8460,9,25.3077
8461,9,25.3047
8462,9,25.3017
8463,9,25.2987
8464,9,25.2957
8465,9,25.2927
8466,9,25.2897
8467,9,25.2868
8468,9,25.2838
8469,9,25.2808
8470,9,25.2778
8471,9,25.2748
8472,9,25.2718
8473,9,25.2689
8474,9,25.2659
8475,9,25.2629
8476,9,25.2599
8477,9,25.2569
8478,9,25.254
8479,9,25.251
8480,9,25.248
8481,9,25.245
8482,9,25.242
8483,9,25.2391
8484,9,25.2361
8485,9,25.2331
8486,9,25.2301
8487,9,25.2272
8488,9,25.2242
8489,9,25.2212
8490,9,25.2183
8491,9,25.2153
8492,9,25.2123
8493,9,25.2093
8494,9,25.2064
8495,9,25.2034
8496,9,25.2004
8497,9,25.1975
8498,9,25.1945
8499,9,25.1916
8500,9,25.1886
8501,9,25.1856
8502,9,25.1827
8503,9,25.1797
8504,9,25.1767
8505,9,25.1738
8506,9,25.1708
8507,9,25.1679
8508,9,25.1649
8509,9,25.1619
8510,9,25.159
8511,9,25.156
8512,9,25.1531
8513,9,25.1501
8514,9,25.1472
8515,9,25.1442
8516,9,25.1413
8517,9,25.1383
8518,9,25.1354
8519,9,25.1324
8520,9,25.1295
8521,9,25.1265
8522,9,25.1236
8523,9,25.1206
8524,9,25.1177
8525,9,25.1147
8526,9,25.1118
8527,9,25.1088
8528,9,25.1059
8529,9,25.1029
8530,9,25.1
8531,9,25.0971
8532,9,25.0941
8533,9,25.0912
8534,9,25.0882
8535,9,25.0853
8536,9,25.0824
8537,9,25.0794
8538,9,25.0765
8539,9,25.0735
8540,9,25.0706
8541,9,25.0677
8542,9,25.0647
8543,9,25.0618
8544,9,25.0589
8545,9,25.0559
8546,9,25.053
8547,9,25.0501
8548,9,25.0471
8549,9,25.0442
8550,9,25.0413
8551,9,25.0384
8552,9,25.0354
8553,9,25.0325
8554,9,25.0296
8555,9,25.0267
8556,9,25.0237
8557,9,25.0208
8558,9,25.0179
8559,9,25.015
8560,9,25.012
8561,9,25.0091
8562,9,25.0062
8563,9,25.0033
8564,9,25.0004
8565,9,24.9974
8566,9,24.9945
8567,9,24.9916
8568,9,24.9887
8569,9,24.9858
8570,9,24.9828
8571,9,24.9799
8572,9,24.977
8573,9,24.9741
8574,9,24.9712
8575,9,24.9683
8576,9,24.9654
8577,9,24.9625
8578,9,24.9595
8579,9,24.9566
8580,9,24.9537
8581,9,24.9508
8582,9,24.9479
8583,9,24.945
8584,9,24.9421
8585,9,24.9392
8586,9,24.9363
8587,9,24.9334
8588,9,24.9305
8589,9,24.9276
8590,9,24.9247
8591,9,24.9218
8592,9,24.9189
8593,9,24.916
8594,9,24.9131
8595,9,24.9102
8596,9,24.9073
8597,9,24.9044
8598,9,24.9015
8599,9,24.8986
8600,9,24.8957
8601,9,24.8928
8602,9,24.8899
8603,9,24.887
8604,9,24.8841
8605,9,24.8812
8606,9,24.8783
8607,9,24.8755
8608,9,24.8726
8609,9,24.8697
8610,9,24.8668
8611,9,24.8639
8612,9,24.861
8613,9,24.8581
8614,9,24.8552
8615,9,24.8524
8616,9,24.8495
8617,9,24.8466
8618,9,24.8437
8619,9,24.8408
8620,9,24.8379
8621,9,24.8351
8622,9,24.8322
8623,9,24.8293
8624,9,24.8264
8625,9,24.8235
8626,9,24.8207
8627,9,24.8178
8628,9,24.8149
8629,9,24.812
8630,9,24.8092
8631,9,24.8063
8632,9,24.8034
8633,9,24.8005
8634,9,24.7977
8635,9,24.7948
8636,9,24.7919
8637,9,24.789
8638,9,24.7862
8639,9,24.7833
8640,9,24.7804
8641,9,24.7776
8642,9,24.7747
8643,9,24.7718
8644,9,24.769
8645,9,24.7661
8646,9,24.7632
8647,9,24.7604
8648,9,24.7575
8649,9,24.7547
8650,9,24.7518
8651,9,24.7489
8652,9,24.7461
8653,9,24.7432
8654,9,24.7404
8655,9,24.7375
8656,9,24.7346
8657,9,24.7318
8658,9,24.7289
8659,9,24.7261
8660,9,24.7232
8661,9,24.7204
8662,9,24.7175
8663,9,24.7146
8664,9,24.7118
8665,9,24.7089
8666,9,24.7061
8667,9,24.7032
8668,9,24.7004
8669,9,24.6975
8670,9,24.6947
8671,9,24.6918
8672,9,24.689
8673,9,24.6862
8674,9,24.6833
8675,9,24.6805
8676,9,24.6776
8677,9,24.6748
8678,9,24.6719
8679,9,24.6691
8680,9,24.6662
8681,9,24.6634
8682,9,24.6606
8683,9,24.6577
8684,9,24.6549
8685,9,24.652
8686,9,24.6492
8687,9,24.6464
8688,9,24.6435
8689,9,24.6407
8690,9,24.6379
8691,9,24.635
8692,9,24.6322
8693,9,24.6294
8694,9,24.6265
8695,9,24.6237
8696,9,24.6209
8697,9,24.618
8698,9,24.6152
8699,9,24.6124
8700,9,24.6095
8701,9,24.6067
8702,9,24.6039
8703,9,24.6011
8704,9,24.5982
8705,9,24.5954
8706,9,24.5926
8707,9,24.5898
8708,9,24.5869
8709,9,24.5841
8710,9,24.5813
8711,9,24.5785
8712,9,24.5756
8713,9,24.5728
8714,9,24.57
8715,9,24.5672
8716,9,24.5644
8717,9,24.5615
8718,9,24.5587
8719,9,24.5559
8720,9,24.5531
8721,9,24.5503
8722,9,24.5475
8723,9,24.5447
8724,9,24.5418
8725,9,24.539
8726,9,24.5362
8727,9,24.5334
8728,9,24.5306
8729,9,24.5278
8730,9,24.525
8731,9,24.5222
8732,9,24.5194
8733,9,24.5165
8734,9,24.5137
8735,9,24.5109
8736,9,24.5081
8737,9,24.5053
8738,9,24.5025
8739,9,24.4997
8740,9,24.4969
8741,9,24.4941
8742,9,24.4913
8743,9,24.4885
8744,9,24.4857
8745,9,24.4829
8746,9,24.4801
8747,9,24.4773
8748,9,24.4745
8749,9,24.4717
8750,9,24.4689
8751,9,24.4661
8752,9,24.4633
8753,9,24.4605
8754,9,24.4577
8755,9,24.4549
8756,9,24.4521
8757,9,24.4494
8758,9,24.4466
8759,9,24.4438
8760,9,24.441
8761,9,24.4382
8762,9,24.4354
8763,9,24.4326
8764,9,24.4298
8765,9,24.427
8766,9,24.4243
8767,9,24.4215
8768,9,24.4187
8769,9,24.4159
8770,9,24.4131
8771,9,24.4103
8772,9,24.4075
8773,9,24.4048
8774,9,24.402
8775,9,24.3992
8776,9,24.3964
8777,9,24.3936
8778,9,24.3909
8779,9,24.3881
8780,9,24.3853
8781,9,24.3825
8782,9,24.3798
8783,9,24.377
8784,9,24.3742
8785,9,24.3714
8786,9,24.3687
8787,9,24.3659
8788,9,24.3631
8789,9,24.3603
8790,9,24.3576
8791,9,24.3548
8792,9,24.352
8793,9,24.3493
8794,9,24.3465
8795,9,24.3437
8796,9,24.341
8797,9,24.3382
8798,9,24.3354
8799,9,24.3327
8800,9,24.3299
8801,9,24.3271
8802,9,24.3244
8803,9,24.3216
8804,9,24.3188
8805,9,24.3161
8806,9,24.3133
8807,9,24.3105
8808,9,24.3078
8809,9,24.305
8810,9,24.3023
8811,9,24.2995
8812,9,24.2968
8813,9,24.294
8814,9,24.2912
8815,9,24.2885
8816,9,24.2857
8817,9,24.283
8818,9,24.2802
8819,9,24.2775
8820,9,24.2747
8821,9,24.272
8822,9,24.2692
8823,9,24.2665
8824,9,24.2637
8825,9,24.261
8826,9,24.2582
8827,9,24.2555
8828,9,24.2527
8829,9,24.25
8830,9,24.2472
8831,9,24.2445
8832,9,24.2417
8833,9,24.239
8834,9,24.2362
8835,9,24.2335
8836,9,24.2308
8837,9,24.228
8838,9,24.2253
8839,9,24.2225
8840,9,24.2198
8841,9,24.2171
8842,9,24.2143
8843,9,24.2116
8844,9,24.2088
8845,9,24.2061
8846,9,24.2034
8847,9,24.2006
8848,9,24.1979
8849,9,24.1952
8850,9,24.1924
8851,9,24.1897
8852,9,24.187
8853,9,24.1842
8854,9,24.1815
8855,9,24.1788
8856,9,24.176
8857,9,24.1733
8858,9,24.1706
8859,9,24.1679
8860,9,24.1651
8861,9,24.1624
8862,9,24.1597
8863,9,24.1569
8864,9,24.1542
8865,9,24.1515
8866,9,24.1488
8867,9,24.146
8868,9,24.1433
8869,9,24.1406
8870,9,24.1379
8871,9,24.1352
8872,9,24.1324
8873,9,24.1297
8874,9,24.127
8875,9,24.1243
8876,9,24.1216
8877,9,24.1188
8878,9,24.1161
8879,9,24.1134
8880,9,24.1107
8881,9,24.108
8882,9,24.1053
8883,9,24.1026
8884,9,24.0998
8885,9,24.0971
8886,9,24.0944
8887,9,24.0917
8888,9,24.089
8889,9,24.0863
8890,9,24.0836
8891,9,24.0809
8892,9,24.0782
8893,9,24.0755
8894,9,24.0727
8895,9,24.07
8896,9,24.0673
8897,9,24.0646
8898,9,24.0619
8899,9,24.0592
8900,9,24.0565
8901,9,24.0538
8902,9,24.0511
8903,9,24.0484
8904,9,24.0457
8905,9,24.043
8906,9,24.0403
8907,9,24.0376
8908,9,24.0349
8909,9,24.0322
8910,9,24.0295
8911,9,24.0268
8912,9,24.0241
8913,9,24.0214
8914,9,24.0187
8915,9,24.016
8916,9,24.0133
8917,9,24.0107
8918,9,24.008
8919,9,24.0053
8920,9,24.0026
8921,9,23.9999
8922,9,23.9972
8923,9,23.9945
8924,9,23.9918
8925,9,23.9891
8926,9,23.9864
8927,9,23.9838
8928,9,23.9811
8929,9,23.9784
8930,9,23.9757
8931,9,23.973
8932,9,23.9703
8933,9,23.9676
8934,9,23.965
8935,9,23.9623
8936,9,23.9596
8937,9,23.9569
8938,9,23.9542
8939,9,23.9516
8940,9,23.9489
8941,9,23.9462
8942,9,23.9435
8943,9,23.9408
8944,9,23.9382
8945,9,23.9355
8946,9,23.9328
8947,9,23.9301
8948,9,23.9275
8949,9,23.9248
8950,9,23.9221
8951,9,23.9195
8952,9,23.9168
8953,9,23.9141
8954,9,23.9114
8955,9,23.9088
8956,9,23.9061
8957,9,23.9034
8958,9,23.9008
8959,9,23.8981
8960,9,23.8954
8961,9,23.8928
8962,9,23.8901
8963,9,23.8874
8964,9,23.8848
8965,9,23.8821
8966,9,23.8794
8967,9,23.8768
8968,9,23.8741
8969,9,23.8714
8970,9,23.8688
8971,9,23.8661
8972,9,23.8635
8973,9,23.8608
8974,9,23.8581
8975,9,23.8555
8976,9,23.8528
8977,9,23.8502
8978,9,23.8475
8979,9,23.8449
8980,9,23.8422
8981,9,23.8396
8982,9,23.8369
8983,9,23.8342
8984,9,23.8316
8985,9,23.8289
8986,9,23.8263
8987,9,23.8236
8988,9,23.821
8989,9,23.8183
8990,9,23.8157
8991,9,23.813
8992,9,23.8104
8993,9,23.8077
8994,9,23.8051
8995,9,23.8024
8996,9,23.7998
8997,9,23.7972
8998,9,23.7945
8999,9,23.7919
9000,9,23.7892
9001,9,23.7866
9002,9,23.7839
9003,9,23.7813
9004,9,23.7787
9005,9,23.776
9006,9,23.7734
9007,9,23.7707
9008,9,23.7681
9009,9,23.7655
9010,9,23.7628
9011,9,23.7602
9012,9,23.7575
9013,8,23.7549
9014,8,23.7523
9015,8,23.7496
9016,8,23.747
9017,8,23.7444
9018,8,23.7417
9019,8,23.7391
9020,8,23.7365
9021,8,23.7338
9022,8,23.7312
9023,8,23.7286
9024,8,23.726
9025,8,23.7233
9026,8,23.7207
9027,8,23.7181
9028,8,23.7154
9029,8,23.7128
9030,8,23.7102
9031,8,23.7076
9032,8,23.7049
9033,8,23.7023
9034,8,23.6997
9035,8,23.6971
9036,8,23.6944
9037,8,23.6918
9038,8,23.6892
9039,8,23.6866
9040,8,23.684
9041,8,23.6813
9042,8,23.6787
9043,8,23.6761
9044,8,23.6735
9045,8,23.6709
9046,8,23.6683
9047,8,23.6656
9048,8,23.663
9049,8,23.6604
9050,8,23.6578
9051,8,23.6552
9052,8,23.6526
9053,8,23.65
9054,8,23.6473
9055,8,23.6447
9056,8,23.6421
9057,8,23.6395
9058,8,23.6369
9059,8,23.6343
9060,8,23.6317
9061,8,23.6291
9062,8,23.6265
9063,8,23.6239
9064,8,23.6212
9065,8,23.6186
9066,8,23.616
9067,8,23.6134
9068,8,23.6108
9069,8,23.6082
9070,8,23.6056
9071,8,23.603
9072,8,23.6004
9073,8,23.5978
9074,8,23.5952
9075,8,23.5926
9076,8,23.59
9077,8,23.5874
9078,8,23.5848
9079,8,23.5822
9080,8,23.5796
9081,8,23.577
9082,8,23.5744
9083,8,23.5718
9084,8,23.5692
9085,8,23.5666
9086,8,23.5641
9087,8,23.5615
9088,8,23.5589
9089,8,23.5563
9090,8,23.5537
9091,8,23.5511
9092,8,23.5485
9093,8,23.5459
9094,8,23.5433
9095,8,23.5407
9096,8,23.5381
9097,8,23.5356
9098,8,23.533
9099,8,23.5304
9100,8,23.5278
9101,8,23.5252
9102,8,23.5226
9103,8,23.52
9104,8,23.5175
9105,8,23.5149
9106,8,23.5123
9107,8,23.5097
9108,8,23.5071
9109,8,23.5046
9110,8,23.502
9111,8,23.4994
9112,8,23.4968
9113,8,23.4942
9114,8,23.4917
9115,8,23.4891
9116,8,23.4865
9117,8,23.4839
9118,8,23.4814
9119,8,23.4788
9120,8,23.4762
9121,8,23.4736
9122,8,23.4711
9123,8,23.4685
9124,8,23.4659
9125,8,23.4633
9126,8,23.4608
9127,8,23.4582
9128,8,23.4556
9129,8,23.4531
9130,8,23.4505
9131,8,23.4479
9132,8,23.4454
9133,8,23.4428
9134,8,23.4402
9135,8,23.4377
9136,8,23.4351
9137,8,23.4325
9138,8,23.43
9139,8,23.4274
9140,8,23.4248
9141,8,23.4223
9142,8,23.4197
9143,8,23.4171
9144,8,23.4146
9145,8,23.412
9146,8,23.4095
9147,8,23.4069
9148,8,23.4044
9149,8,23.4018
9150,8,23.3992
9151,8,23.3967
9152,8,23.3941
9153,8,23.3916
9154,8,23.389
9155,8,23.3865
9156,8,23.3839
9157,8,23.3813
9158,8,23.3788
9159,8,23.3762
9160,8,23.3737
9161,8,23.3711
9162,8,23.3686
9163,8,23.366
9164,8,23.3635
9165,8,23.3609
9166,8,23.3584
9167,8,23.3558
9168,8,23.3533
9169,8,23.3507
9170,8,23.3482
9171,8,23.3457
9172,8,23.3431
9173,8,23.3406
9174,8,23.338
9175,8,23.3355
9176,8,23.3329
9177,8,23.3304
9178,8,23.3278
9179,8,23.3253
9180,8,23.3228
9181,8,23.3202
9182,8,23.3177
9183,8,23.3151
9184,8,23.3126
9185,8,23.3101
9186,8,23.3075
9187,8,23.305
9188,8,23.3025
9189,8,23.2999
9190,8,23.2974
9191,8,23.2949
9192,8,23.2923
9193,8,23.2898
9194,8,23.2873
9195,8,23.2847
9196,8,23.2822
9197,8,23.2797
9198,8,23.2771
9199,8,23.2746
9200,8,23.2721
9201,8,23.2695
9202,8,23.267
9203,8,23.2645
9204,8,23.262
9205,8,23.2594
9206,8,23.2569
9207,8,23.2544
9208,8,23.2518
9209,8,23.2493
9210,8,23.2468
9211,8,23.2443
9212,8,23.2417
9213,8,23.2392
9214,8,23.2367
9215,8,23.2342
9216,8,23.2317
9217,8,23.2291
9218,8,23.2266
9219,8,23.2241
9220,8,23.2216
9221,8,23.2191
9222,8,23.2165
9223,8,23.214
9224,8,23.2115
9225,8,23.209
9226,8,23.2065
9227,8,23.204
9228,8,23.2015
9229,8,23.1989
9230,8,23.1964
9231,8,23.1939
9232,8,23.1914
9233,8,23.1889
9234,8,23.1864
9235,8,23.1839
9236,8,23.1814
9237,8,23.1788
9238,8,23.1763
9239,8,23.1738
9240,8,23.1713
9241,8,23.1688
9242,8,23.1663
9243,8,23.1638
9244,8,23.1613
9245,8,23.1588
9246,8,23.1563
9247,8,23.1538
9248,8,23.1513
9249,8,23.1488
9250,8,23.1463
9251,8,23.1438
9252,8,23.1413
9253,8,23.1388
9254,8,23.1363
9255,8,23.1338
9256,8,23.1313
9257,8,23.1288
9258,8,23.1263
9259,8,23.1238
9260,8,23.1213
9261,8,23.1188
9262,8,23.1163
9263,8,23.1138
9264,8,23.1113
9265,8,23.1088
9266,8,23.1063
9267,8,23.1038
9268,8,23.1013
9269,8,23.0988
9270,8,23.0963
9271,8,23.0938
9272,8,23.0914
9273,8,23.0889
9274,8,23.0864
9275,8,23.0839
9276,8,23.0814
9277,8,23.0789
9278,8,23.0764
9279,8,23.0739
9280,8,23.0714
9281,8,23.069
9282,8,23.0665
9283,8,23.064
9284,8,23.0615
9285,8,23.059
9286,8,23.0565
9287,8,23.0541
9288,8,23.0516
9289,8,23.0491
9290,8,23.0466
9291,8,23.0441
9292,8,23.0416
9293,8,23.0392
9294,8,23.0367
9295,8,23.0342
9296,8,23.0317
9297,8,23.0293
9298,8,23.0268
9299,8,23.0243
9300,8,23.0218
9301,8,23.0194
9302,8,23.0169
9303,8,23.0144
9304,8,23.0119
9305,8,23.0095
9306,8,23.007
9307,8,23.0045
9308,8,23.002
9309,8,22.9996
9310,8,22.9971
9311,8,22.9946
9312,8,22.9922
9313,8,22.9897
9314,8,22.9872
9315,8,22.9848
9316,8,22.9823
9317,8,22.9798
9318,8,22.9774
9319,8,22.9749
9320,8,22.9724
9321,8,22.97
9322,8,22.9675
9323,8,22.965
9324,8,22.9626
9325,8,22.9601
9326,8,22.9576
9327,8,22.9552
9328,8,22.9527
9329,8,22.9503
9330,8,22.9478
9331,8,22.9453
9332,8,22.9429
9333,8,22.9404
9334,8,22.938
9335,8,22.9355
9336,8,22.9331
9337,8,22.9306
9338,8,22.9281
9339,8,22.9257
9340,8,22.9232
9341,8,22.9208
9342,8,22.9183
9343,8,22.9159
9344,8,22.9134
9345,8,22.911
9346,8,22.9085
9347,8,22.9061
9348,8,22.9036
9349,8,22.9012
9350,8,22.8987
9351,8,22.8963
9352,8,22.8938
9353,8,22.8914
9354,8,22.8889
9355,8,22.8865
9356,8,22.884
9357,8,22.8816
9358,8,22.8791
9359,8,22.8767
9360,8,22.8743
9361,8,22.8718
9362,8,22.8694
9363,8,22.8669
9364,8,22.8645
9365,8,22.862
9366,8,22.8596
9367,8,22.8572
9368,8,22.8547
9369,8,22.8523
9370,8,22.8498
9371,8,22.8474
9372,8,22.845
9373,8,22.8425
9374,8,22.8401
9375,8,22.8377
9376,8,22.8352
9377,8,22.8328
9378,8,22.8303
9379,8,22.8279
9380,8,22.8255
9381,8,22.823
9382,8,22.8206
9383,8,22.8182
9384,8,22.8158
9385,8,22.8133
9386,8,22.8109
9387,8,22.8085
9388,8,22.806
9389,8,22.8036
9390,8,22.8012
9391,8,22.7987
9392,8,22.7963
9393,8,22.7939
9394,8,22.7915
9395,8,22.789
9396,8,22.7866
9397,8,22.7842
9398,8,22.7818
9399,8,22.7793
9400,8,22.7769
9401,8,22.7745
9402,8,22.7721
9403,8,22.7696
9404,8,22.7672
9405,8,22.7648
9406,8,22.7624
9407,8,22.76
9408,8,22.7575
9409,8,22.7551
9410,8,22.7527
9411,8,22.7503
9412,8,22.7479
9413,8,22.7455
9414,8,22.743
9415,8,22.7406
9416,8,22.7382
9417,8,22.7358
9418,8,22.7334
9419,8,22.731
9420,8,22.7286
9421,8,22.7261
9422,8,22.7237
9423,8,22.7213
9424,8,22.7189
9425,8,22.7165
9426,8,22.7141
9427,8,22.7117
9428,8,22.7093
9429,8,22.7069
9430,8,22.7045
9431,8,22.702
9432,8,22.6996
9433,8,22.6972
9434,8,22.6948
9435,8,22.6924
9436,8,22.69
9437,8,22.6876
9438,8,22.6852
9439,8,22.6828
9440,8,22.6804
9441,8,22.678
9442,8,22.6756
9443,8,22.6732
9444,8,22.6708
9445,8,22.6684
9446,8,22.666
9447,8,22.6636
9448,8,22.6612
9449,8,22.6588
9450,8,22.6564
9451,8,22.654
9452,8,22.6516
9453,8,22.6492
9454,8,22.6468
9455,8,22.6444
9456,8,22.642
9457,8,22.6396
9458,8,22.6372
9459,8,22.6348
9460,8,22.6325
9461,8,22.6301
9462,8,22.6277
9463,8,22.6253
9464,8,22.6229
9465,8,22.6205
9466,8,22.6181
9467,8,22.6157
9468,8,22.6133
9469,8,22.6109
9470,8,22.6086
9471,8,22.6062
9472,8,22.6038
9473,8,22.6014
9474,8,22.599
9475,8,22.5966
9476,8,22.5942
9477,8,22.5919
9478,8,22.5895
9479,8,22.5871
9480,8,22.5847
9481,8,22.5823
9482,8,22.5799
9483,8,22.5776
9484,8,22.5752
9485,8,22.5728
9486,8,22.5704
9487,8,22.568
9488,8,22.5657
9489,8,22.5633
9490,8,22.5609
9491,8,22.5585
9492,8,22.5562
9493,8,22.5538
9494,8,22.5514
9495,8,22.549
9496,8,22.5467
9497,8,22.5443
9498,8,22.5419
9499,8,22.5395
9500,8,22.5372
9501,8,22.5348
9502,8,22.5324
9503,8,22.53
9504,8,22.5277
9505,8,22.5253
9506,8,22.5229
9507,8,22.5206
9508,8,22.5182
9509,8,22.5158
9510,8,22.5135
9511,8,22.5111
9512,8,22.5087
9513,8,22.5064
9514,8,22.504
9515,8,22.5016
9516,8,22.4993
9517,8,22.4969
9518,8,22.4945
9519,8,22.4922
9520,8,22.4898
9521,8,22.4874
9522,8,22.4851
9523,8,22.4827
9524,8,22.4804
9525,8,22.478
9526,8,22.4756
9527,8,22.4733
9528,8,22.4709
9529,8,22.4686
9530,8,22.4662
9531,8,22.4639
9532,8,22.4615
9533,8,22.4591
9534,8,22.4568
9535,8,22.4544
9536,8,22.4521
9537,8,22.4497
9538,8,22.4474
9539,8,22.445
9540,8,22.4427
9541,8,22.4403
9542,8,22.438
9543,8,22.4356
9544,8,22.4333
9545,8,22.4309
9546,8,22.4286
9547,8,22.4262
9548,8,22.4239
9549,8,22.4215
9550,8,22.4192
9551,8,22.4168
9552,8,22.4145
9553,8,22.4121
9554,8,22.4098
9555,8,22.4074
9556,8,22.4051
9557,8,22.4027
9558,8,22.4004
9559,8,22.3981
9560,8,22.3957
9561,8,22.3934
9562,8,22.391
9563,8,22.3887
9564,8,22.3863
9565,8,22.384
9566,8,22.3817
9567,8,22.3793
9568,8,22.377
9569,8,22.3746
9570,8,22.3723
9571,8,22.37
9572,8,22.3676
9573,8,22.3653
9574,8,22.363
9575,8,22.3606
9576,8,22.3583
9577,8,22.356
9578,8,22.3536
9579,8,22.3513
9580,8,22.349
9581,8,22.3466
9582,8,22.3443
9583,8,22.342
9584,8,22.3396
9585,8,22.3373
9586,8,22.335
9587,8,22.3326
9588,8,22.3303
9589,8,22.328
9590,8,22.3257
9591,8,22.3233
9592,8,22.321
9593,8,22.3187
9594,8,22.3163
9595,8,22.314
9596,8,22.3117
9597,8,22.3094
9598,8,22.307
9599,8,22.3047
9600,8,22.3024
9601,8,22.3001
9602,8,22.2978
9603,8,22.2954
9604,8,22.2931
9605,8,22.2908
9606,8,22.2885
9607,8,22.2861
9608,8,22.2838
9609,8,22.2815
9610,8,22.2792
9611,8,22.2769
9612,8,22.2746
9613,8,22.2722
9614,8,22.2699
9615,8,22.2676
9616,8,22.2653
9617,8,22.263
9618,8,22.2607
9619,8,22.2583
9620,8,22.256
9621,8,22.2537
9622,8,22.2514
9623,8,22.2491
9624,8,22.2468
9625,8,22.2445
9626,8,22.2422
9627,8,22.2398
9628,8,22.2375
9629,8,22.2352
9630,8,22.2329
9631,8,22.2306
9632,8,22.2283
9633,8,22.226
9634,8,22.2237
9635,8,22.2214
9636,8,22.2191
9637,8,22.2168
9638,8,22.2145
9639,8,22.2122
9640,8,22.2099
9641,8,22.2076
9642,8,22.2052
9643,8,22.2029
9644,8,22.2006
9645,8,22.1983
9646,8,22.196
9647,8,22.1937
9648,8,22.1914
9649,8,22.1891
9650,8,22.1868
9651,8,22.1845
9652,8,22.1822
9653,8,22.1799
9654,8,22.1776
9655,8,22.1753
9656,8,22.1731
9657,8,22.1708
9658,8,22.1685
9659,8,22.1662
9660,8,22.1639
9661,8,22.1616
9662,8,22.1593
9663,8,22.157
9664,8,22.1547
9665,8,22.1524
9666,8,22.1501
9667,8,22.1478
9668,8,22.1455
9669,8,22.1432
9670,8,22.141
9671,8,22.1387
9672,8,22.1364
9673,8,22.1341
9674,8,22.1318
9675,8,22.1295
9676,8,22.1272
9677,8,22.1249
9678,8,22.1226
9679,8,22.1204
9680,8,22.1181
9681,8,22.1158
9682,8,22.1135
9683,8,22.1112
9684,8,22.1089
9685,8,22.1067
9686,8,22.1044
9687,8,22.1021
9688,8,22.0998
9689,8,22.0975
9690,8,22.0953
9691,8,22.093
9692,8,22.0907
9693,8,22.0884
9694,8,22.0861
9695,8,22.0839
9696,8,22.0816
9697,8,22.0793
9698,8,22.077
9699,8,22.0747
9700,8,22.0725
9701,8,22.0702
9702,8,22.0679
9703,8,22.0656
9704,8,22.0634
9705,8,22.0611
9706,8,22.0588
9707,8,22.0566
9708,8,22.0543
9709,8,22.052
9710,8,22.0497
9711,8,22.0475
9712,8,22.0452
9713,8,22.0429
9714,8,22.0407
9715,8,22.0384
9716,8,22.0361
9717,8,22.0339
9718,8,22.0316
9719,8,22.0293
9720,8,22.0271
9721,8,22.0248
9722,8,22.0225
9723,8,22.0203
9724,8,22.018
9725,8,22.0157
9726,8,22.0135
9727,8,22.0112
9728,8,22.0089
9729,8,22.0067
9730,8,22.0044
9731,8,22.0022
9732,8,21.9999
9733,8,21.9976
9734,8,21.9954
9735,8,21.9931
9736,8,21.9909
9737,8,21.9886
9738,8,21.9863
9739,8,21.9841
9740,8,21.9818
9741,8,21.9796
9742,8,21.9773
9743,8,21.9751
9744,8,21.9728
9745,8,21.9705
9746,8,21.9683
9747,8,21.966
9748,8,21.9638
9749,8,21.9615
9750,8,21.9593
9751,8,21.957
9752,8,21.9548
9753,8,21.9525
9754,8,21.9503
9755,8,21.948
9756,8,21.9458
9757,8,21.9435
9758,8,21.9413
9759,8,21.939
9760,8,21.9368
9761,8,21.9345
9762,8,21.9323
9763,8,21.93
9764,8,21.9278
9765,8,21.9256
9766,8,21.9233
9767,8,21.9211
9768,8,21.9188
9769,8,21.9166
9770,8,21.9143
9771,8,21.9121
9772,8,21.9098
9773,8,21.9076
9774,8,21.9054
9775,8,21.9031
9776,8,21.9009
9777,8,21.8986
9778,8,21.8964
9779,8,21.8942
9780,8,21.8919
9781,8,21.8897
9782,8,21.8874
9783,8,21.8852
9784,8,21.883
9785,8,21.8807
9786,8,21.8785
9787,8,21.8763
9788,8,21.874
9789,8,21.8718
9790,8,21.8696
9791,8,21.8673
9792,8,21.8651
9793,8,21.8629
9794,8,21.8606
9795,8,21.8584
9796,8,21.8562
9797,8,21.8539
9798,8,21.8517
9799,8,21.8495
9800,8,21.8472
9801,8,21.845
9802,8,21.8428
9803,8,21.8406
9804,8,21.8383
9805,8,21.8361
9806,8,21.8339
9807,8,21.8317
9808,8,21.8294
9809,8,21.8272
9810,8,21.825
9811,8,21.8227
9812,8,21.8205
9813,8,21.8183
9814,8,21.8161
9815,8,21.8139
9816,8,21.8116
9817,8,21.8094
9818,8,21.8072
9819,8,21.805
9820,8,21.8027
9821,8,21.8005
9822,8,21.7983
9823,8,21.7961
9824,8,21.7939
9825,8,21.7917
9826,8,21.7894
9827,8,21.7872
9828,8,21.785
9829,8,21.7828
9830,7,21.7806
9831,7,21.7784
9832,7,21.7761
9833,7,21.7739
9834,7,21.7717
9835,7,21.7695
9836,7,21.7673
9837,7,21.7651
9838,7,21.7629
9839,7,21.7606
9840,7,21.7584
9841,7,21.7562
9842,7,21.754
9843,7,21.7518
9844,7,21.7496
9845,7,21.7474
9846,7,21.7452
9847,7,21.743
9848,7,21.7408
9849,7,21.7386
9850,7,21.7363
9851,7,21.7341
9852,7,21.7319
9853,7,21.7297
9854,7,21.7275
9855,7,21.7253
9856,7,21.7231
9857,7,21.7209
9858,7,21.7187
9859,7,21.7165
9860,7,21.7143
9861,7,21.7121
9862,7,21.7099
9863,7,21.7077
9864,7,21.7055
9865,7,21.7033
9866,7,21.7011
9867,7,21.6989
9868,7,21.6967
9869,7,21.6945
9870,7,21.6923
9871,7,21.6901
9872,7,21.6879
9873,7,21.6857
9874,7,21.6835
9875,7,21.6813
9876,7,21.6791
9877,7,21.6769
9878,7,21.6747
9879,7,21.6725
9880,7,21.6703
9881,7,21.6682
9882,7,21.666
9883,7,21.6638
9884,7,21.6616
9885,7,21.6594
9886,7,21.6572
9887,7,21.655
9888,7,21.6528
9889,7,21.6506
9890,7,21.6484
9891,7,21.6462
9892,7,21.6441
9893,7,21.6419
9894,7,21.6397
9895,7,21.6375
9896,7,21.6353
9897,7,21.6331
9898,7,21.6309
9899,7,21.6288
9900,7,21.6266
9901,7,21.6244
9902,7,21.6222
9903,7,21.62
9904,7,21.6178
9905,7,21.6156
9906,7,21.6135
9907,7,21.6113
9908,7,21.6091
9909,7,21.6069
9910,7,21.6047
9911,7,21.6026
9912,7,21.6004
9913,7,21.5982
9914,7,21.596
9915,7,21.5938
9916,7,21.5917
9917,7,21.5895
9918,7,21.5873
9919,7,21.5851
9920,7,21.583
9921,7,21.5808
9922,7,21.5786
9923,7,21.5764
9924,7,21.5743
9925,7,21.5721
9926,7,21.5699
9927,7,21.5677
9928,7,21.5656
9929,7,21.5634
9930,7,21.5612
9931,7,21.5591
9932,7,21.5569
9933,7,21.5547
9934,7,21.5525
9935,7,21.5504
9936,7,21.5482
9937,7,21.546
9938,7,21.5439
9939,7,21.5417
9940,7,21.5395
9941,7,21.5374
9942,7,21.5352
9943,7,21.533
9944,7,21.5309
9945,7,21.5287
9946,7,21.5265
9947,7,21.5244
9948,7,21.5222
9949,7,21.5201
9950,7,21.5179
9951,7,21.5157
9952,7,21.5136
9953,7,21.5114
9954,7,21.5092
9955,7,21.5071
9956,7,21.5049
9957,7,21.5028
9958,7,21.5006
9959,7,21.4984
9960,7,21.4963
9961,7,21.4941
9962,7,21.492
9963,7,21.4898
9964,7,21.4877
9965,7,21.4855
9966,7,21.4833
9967,7,21.4812
9968,7,21.479
9969,7,21.4769
9970,7,21.4747
9971,7,21.4726
9972,7,21.4704
9973,7,21.4683
9974,7,21.4661
9975,7,21.464
9976,7,21.4618
9977,7,21.4597
9978,7,21.4575
9979,7,21.4554
9980,7,21.4532
9981,7,21.4511
9982,7,21.4489
9983,7,21.4468
9984,7,21.4446
9985,7,21.4425
9986,7,21.4403
9987,7,21.4382
9988,7,21.436
9989,7,21.4339
9990,7,21.4317
9991,7,21.4296
9992,7,21.4274
9993,7,21.4253
9994,7,21.4232
9995,7,21.421
9996,7,21.4189
9997,7,21.4167
9998,7,21.4146
9999,7,21.4124
10000,7,21.4103
10001,7,21.4082
10002,7,21.406
10003,7,21.4039
10004,7,21.4017
10005,7,21.3996
10006,7,21.3975
10007,7,21.3953
10008,7,21.3932
10009,7,21.391
10010,7,21.3889
10011,7,21.3868
10012,7,21.3846
10013,7,21.3825
10014,7,21.3804
10015,7,21.3782
10016,7,21.3761
10017,7,21.374
10018,7,21.3718
10019,7,21.3697
10020,7,21.3676
10021,7,21.3654
10022,7,21.3633
10023,7,21.3612
10024,7,21.359
10025,7,21.3569
10026,7,21.3548
10027,7,21.3526
10028,7,21.3505
10029,7,21.3484
10030,7,21.3463
10031,7,21.3441
10032,7,21.342
10033,7,21.3399
10034,7,21.3378
10035,7,21.3356
10036,7,21.3335
10037,7,21.3314
10038,7,21.3292
10039,7,21.3271
10040,7,21.325
10041,7,21.3229
10042,7,21.3208
10043,7,21.3186
10044,7,21.3165
10045,7,21.3144
10046,7,21.3123
10047,7,21.3101
10048,7,21.308
10049,7,21.3059
10050,7,21.3038
10051,7,21.3017
10052,7,21.2995
10053,7,21.2974
10054,7,21.2953
10055,7,21.2932
10056,7,21.2911
10057,7,21.289
10058,7,21.2868
10059,7,21.2847
10060,7,21.2826
10061,7,21.2805
10062,7,21.2784
10063,7,21.2763
10064,7,21.2741
10065,7,21.272
10066,7,21.2699
10067,7,21.2678
10068,7,21.2657
10069,7,21.2636
10070,7,21.2615
10071,7,21.2594
10072,7,21.2572
10073,7,21.2551
10074,7,21.253
10075,7,21.2509
10076,7,21.2488
10077,7,21.2467
10078,7,21.2446
10079,7,21.2425
10080,7,21.2404
10081,7,21.2383
10082,7,21.2362
10083,7,21.2341
10084,7,21.232
10085,7,21.2298
10086,7,21.2277
10087,7,21.2256
10088,7,21.2235
10089,7,21.2214
10090,7,21.2193
10091,7,21.2172
10092,7,21.2151
10093,7,21.213
10094,7,21.2109
10095,7,21.2088
10096,7,21.2067
10097,7,21.2046
10098,7,21.2025
10099,7,21.2004
10100,7,21.1983
10101,7,21.1962
10102,7,21.1941
10103,7,21.192
10104,7,21.1899
10105,7,21.1878
10106,7,21.1857
10107,7,21.1836
10108,7,21.1815
10109,7,21.1794
10110,7,21.1773
10111,7,21.1753
10112,7,21.1732
10113,7,21.1711
10114,7,21.169
10115,7,21.1669
10116,7,21.1648
10117,7,21.1627
10118,7,21.1606
10119,7,21.1585
10120,7,21.1564
10121,7,21.1543
10122,7,21.1522
10123,7,21.1502
10124,7,21.1481
10125,7,21.146
10126,7,21.1439
10127,7,21.1418
10128,7,21.1397
10129,7,21.1376
10130,7,21.1355
10131,7,21.1335
10132,7,21.1314
10133,7,21.1293
10134,7,21.1272
10135,7,21.1251
10136,7,21.123
10137,7,21.1209
10138,7,21.1189
10139,7,21.1168
10140,7,21.1147
10141,7,21.1126
10142,7,21.1105
10143,7,21.1084
10144,7,21.1064
10145,7,21.1043
10146,7,21.1022
10147,7,21.1001
10148,7,21.098
10149,7,21.096
10150,7,21.0939
10151,7,21.0918
10152,7,21.0897
10153,7,21.0877
10154,7,21.0856
10155,7,21.0835
10156,7,21.0814
10157,7,21.0794
10158,7,21.0773
10159,7,21.0752
10160,7,21.0731
10161,7,21.0711
10162,7,21.069
10163,7,21.0669
10164,7,21.0648
10165,7,21.0628
10166,7,21.0607
10167,7,21.0586
10168,7,21.0565
10169,7,21.0545
10170,7,21.0524
10171,7,21.0503
10172,7,21.0483
10173,7,21.0462
10174,7,21.0441
10175,7,21.0421
10176,7,21.04
10177,7,21.0379
10178,7,21.0359
10179,7,21.0338
10180,7,21.0317
10181,7,21.0297
10182,7,21.0276
10183,7,21.0255
10184,7,21.0235
10185,7,21.0214
10186,7,21.0193
10187,7,21.0173
10188,7,21.0152
10189,7,21.0132
10190,7,21.0111
10191,7,21.009
10192,7,21.007
10193,7,21.0049
10194,7,21.0028
10195,7,21.0008
10196,7,20.9987
10197,7,20.9967
10198,7,20.9946
10199,7,20.9925
10200,7,20.9905
10201,7,20.9884
10202,7,20.9864
10203,7,20.9843
10204,7,20.9823
10205,7,20.9802
10206,7,20.9782
10207,7,20.9761
10208,7,20.974
10209,7,20.972
10210,7,20.9699
10211,7,20.9679
10212,7,20.9658
10213,7,20.9638
10214,7,20.9617
10215,7,20.9597
10216,7,20.9576
10217,7,20.9556
10218,7,20.9535
10219,7,20.9515
10220,7,20.9494
10221,7,20.9474
10222,7,20.9453
10223,7,20.9433
10224,7,20.9412
10225,7,20.9392
10226,7,20.9371
10227,7,20.9351
10228,7,20.933
10229,7,20.931
10230,7,20.9289
10231,7,20.9269
10232,7,20.9248
10233,7,20.9228
10234,7,20.9208
10235,7,20.9187
10236,7,20.9167
10237,7,20.9146
10238,7,20.9126
10239,7,20.9105
10240,7,20.9085
10241,7,20.9065
10242,7,20.9044
10243,7,20.9024
10244,7,20.9003
10245,7,20.8983
10246,7,20.8963
10247,7,20.8942
10248,7,20.8922
10249,7,20.8901
10250,7,20.8881
10251,7,20.8861
10252,7,20.884
10253,7,20.882
10254,7,20.8799
10255,7,20.8779
10256,7,20.8759
10257,7,20.8738
10258,7,20.8718
10259,7,20.8698
10260,7,20.8677
10261,7,20.8657
10262,7,20.8637
10263,7,20.8616
10264,7,20.8596
10265,7,20.8576
10266,7,20.8555
10267,7,20.8535
10268,7,20.8515
10269,7,20.8494
10270,7,20.8474
10271,7,20.8454
10272,7,20.8434
10273,7,20.8413
10274,7,20.8393
10275,7,20.8373
10276,7,20.8352
10277,7,20.8332
10278,7,20.8312
10279,7,20.8292
10280,7,20.8271
10281,7,20.8251
10282,7,20.8231
10283,7,20.8211
10284,7,20.819
10285,7,20.817
10286,7,20.815
10287,7,20.813
10288,7,20.8109
10289,7,20.8089
10290,7,20.8069
10291,7,20.8049
10292,7,20.8029
10293,7,20.8008
10294,7,20.7988
10295,7,20.7968
10296,7,20.7948
10297,7,20.7928
10298,7,20.7907
10299,7,20.7887
10300,7,20.7867
10301,7,20.7847
10302,7,20.7827
10303,7,20.7806
10304,7,20.7786
10305,7,20.7766
10306,7,20.7746
10307,7,20.7726
10308,7,20.7706
10309,7,20.7686
10310,7,20.7665
10311,7,20.7645
10312,7,20.7625
10313,7,20.7605
10314,7,20.7585
10315,7,20.7565
10316,7,20.7545
10317,7,20.7524
10318,7,20.7504
10319,7,20.7484
10320,7,20.7464
10321,7,20.7444
10322,7,20.7424
10323,7,20.7404
10324,7,20.7384
10325,7,20.7364
10326,7,20.7344
10327,7,20.7324
10328,7,20.7303
10329,7,20.7283
10330,7,20.7263
10331,7,20.7243
10332,7,20.7223
10333,7,20.7203
10334,7,20.7183
10335,7,20.7163
10336,7,20.7143
10337,7,20.7123
10338,7,20.7103
10339,7,20.7083
10340,7,20.7063
10341,7,20.7043
10342,7,20.7023
10343,7,20.7003
10344,7,20.6983
10345,7,20.6963
10346,7,20.6943
10347,7,20.6923
10348,7,20.6903
10349,7,20.6883
10350,7,20.6863
10351,7,20.6843
10352,7,20.6823
10353,7,20.6803
10354,7,20.6783
10355,7,20.6763
10356,7,20.6743
10357,7,20.6723
10358,7,20.6703
10359,7,20.6683
10360,7,20.6663
10361,7,20.6643
10362,7,20.6623
10363,7,20.6603
10364,7,20.6583
10365,7,20.6563
10366,7,20.6544
10367,7,20.6524
10368,7,20.6504
10369,7,20.6484
10370,7,20.6464
10371,7,20.6444
10372,7,20.6424
10373,7,20.6404
10374,7,20.6384
10375,7,20.6364
10376,7,20.6344
10377,7,20.6325
10378,7,20.6305
10379,7,20.6285
10380,7,20.6265
10381,7,20.6245
10382,7,20.6225
10383,7,20.6205
10384,7,20.6185
10385,7,20.6166
10386,7,20.6146
10387,7,20.6126
10388,7,20.6106
10389,7,20.6086
10390,7,20.6066
10391,7,20.6047
10392,7,20.6027
10393,7,20.6007
10394,7,20.5987
10395,7,20.5967
10396,7,20.5947
10397,7,20.5928
10398,7,20.5908
10399,7,20.5888
10400,7,20.5868
10401,7,20.5848
10402,7,20.5829
10403,7,20.5809
10404,7,20.5789
10405,7,20.5769
10406,7,20.575
10407,7,20.573
10408,7,20.571
10409,7,20.569
10410,7,20.5671
10411,7,20.5651
10412,7,20.5631
10413,7,20.5611
10414,7,20.5592
10415,7,20.5572
10416,7,20.5552
10417,7,20.5532
10418,7,20.5513
10419,7,20.5493
10420,7,20.5473
10421,7,20.5453
10422,7,20.5434
10423,7,20.5414
10424,7,20.5394
10425,7,20.5375
10426,7,20.5355
10427,7,20.5335
10428,7,20.5315
10429,7,20.5296
10430,7,20.5276
10431,7,20.5256
10432,7,20.5237
10433,7,20.5217
10434,7,20.5197
10435,7,20.5178
10436,7,20.5158
10437,7,20.5138
10438,7,20.5119
10439,7,20.5099
10440,7,20.508
10441,7,20.506
10442,7,20.504
10443,7,20.5021
10444,7,20.5001
10445,7,20.4981
10446,7,20.4962
10447,7,20.4942
10448,7,20.4922
10449,7,20.4903
10450,7,20.4883
10451,7,20.4864
10452,7,20.4844
10453,7,20.4824
10454,7,20.4805
10455,7,20.4785
10456,7,20.4766
10457,7,20.4746
10458,7,20.4727
10459,7,20.4707
10460,7,20.4687
10461,7,20.4668
10462,7,20.4648
10463,7,20.4629
10464,7,20.4609
10465,7,20.459
10466,7,20.457
10467,7,20.455
10468,7,20.4531
10469,7,20.4511
10470,7,20.4492
10471,7,20.4472
10472,7,20.4453
10473,7,20.4433
10474,7,20.4414
10475,7,20.4394
10476,7,20.4375
10477,7,20.4355
10478,7,20.4336
10479,7,20.4316
10480,7,20.4297
10481,7,20.4277
10482,7,20.4258
10483,7,20.4238
10484,7,20.4219
10485,7,20.4199
10486,7,20.418
10487,7,20.416
10488,7,20.4141
10489,7,20.4121
10490,7,20.4102
10491,7,20.4083
10492,7,20.4063
10493,7,20.4044
10494,7,20.4024
10495,7,20.4005
10496,7,20.3985
10497,7,20.3966
10498,7,20.3946
10499,7,20.3927
10500,7,20.3908
10501,7,20.3888
10502,7,20.3869
10503,7,20.3849
10504,7,20.383
10505,7,20.3811
10506,7,20.3791
10507,7,20.3772
10508,7,20.3752
10509,7,20.3733
10510,7,20.3714
10511,7,20.3694
10512,7,20.3675
10513,7,20.3655
10514,7,20.3636
10515,7,20.3617
10516,7,20.3597
10517,7,20.3578
10518,7,20.3559
10519,7,20.3539
10520,7,20.352
10521,7,20.3501
10522,7,20.3481
10523,7,20.3462
10524,7,20.3443
10525,7,20.3423
10526,7,20.3404
10527,7,20.3385
10528,7,20.3365
10529,7,20.3346
10530,7,20.3327
10531,7,20.3307
10532,7,20.3288
10533,7,20.3269
10534,7,20.3249
10535,7,20.323
10536,7,20.3211
10537,7,20.3192
10538,7,20.3172
10539,7,20.3153
10540,7,20.3134
10541,7,20.3115
10542,7,20.3095
10543,7,20.3076
10544,7,20.3057
10545,7,20.3037
10546,7,20.3018
10547,7,20.2999
10548,7,20.298
10549,7,20.296
10550,7,20.2941
10551,7,20.2922
10552,7,20.2903
10553,7,20.2884
10554,7,20.2864
10555,7,20.2845
10556,7,20.2826
10557,7,20.2807
10558,7,20.2787
10559,7,20.2768
10560,7,20.2749
10561,7,20.273
10562,7,20.2711
10563,7,20.2691
10564,7,20.2672
10565,7,20.2653
10566,7,20.2634
10567,7,20.2615
10568,7,20.2596
10569,7,20.2576
10570,7,20.2557
10571,7,20.2538
10572,7,20.2519
10573,7,20.25
10574,7,20.2481
10575,7,20.2461
10576,7,20.2442
10577,7,20.2423
10578,7,20.2404
10579,7,20.2385
10580,7,20.2366
10581,7,20.2347
10582,7,20.2328
10583,7,20.2308
10584,7,20.2289
10585,7,20.227
10586,7,20.2251
10587,7,20.2232
10588,7,20.2213
10589,7,20.2194
10590,7,20.2175
10591,7,20.2156
10592,7,20.2137
10593,7,20.2117
10594,7,20.2098
10595,7,20.2079
10596,7,20.206
10597,7,20.2041
10598,7,20.2022
10599,7,20.2003
10600,7,20.1984
10601,7,20.1965
10602,7,20.1946
10603,7,20.1927
10604,7,20.1908
10605,7,20.1889
10606,7,20.187
10607,7,20.1851
10608,7,20.1832
10609,7,20.1813
10610,7,20.1794
10611,7,20.1775
10612,7,20.1756
10613,7,20.1737
10614,7,20.1718
10615,7,20.1699
10616,7,20.168
10617,7,20.1661
10618,7,20.1642
10619,7,20.1623
10620,7,20.1604
10621,7,20.1585
10622,7,20.1566
10623,7,20.1547
10624,7,20.1528
10625,7,20.1509
10626,7,20.149
10627,7,20.1471
10628,7,20.1452
10629,7,20.1433
10630,7,20.1414
10631,7,20.1395
10632,7,20.1376
10633,7,20.1357
10634,7,20.1338
10635,7,20.1319
10636,7,20.13
10637,7,20.1281
10638,7,20.1262
10639,7,20.1244
10640,7,20.1225
10641,7,20.1206
10642,7,20.1187
10643,7,20.1168
10644,7,20.1149
10645,7,20.113
10646,7,20.1111
10647,7,20.1092
10648,7,20.1073
10649,7,20.1055
10650,7,20.1036
10651,7,20.1017
10652,7,20.0998
10653,7,20.0979
10654,7,20.096
10655,7,20.0941
10656,7,20.0922
10657,7,20.0904
10658,7,20.0885
10659,7,20.0866
10660,7,20.0847
10661,7,20.0828
10662,7,20.0809
10663,7,20.0791
10664,7,20.0772
10665,7,20.0753
10666,7,20.0734
10667,7,20.0715
10668,7,20.0696
10669,7,20.0678
10670,7,20.0659
10671,7,20.064
10672,7,20.0621
10673,7,20.0602
10674,7,20.0584
10675,7,20.0565
10676,7,20.0546
10677,7,20.0527
10678,7,20.0509
10679,7,20.049
10680,7,20.0471
10681,7,20.0452
10682,7,20.0433
10683,7,20.0415
10684,7,20.0396
10685,7,20.0377
10686,7,20.0358
10687,7,20.034
10688,7,20.0321
10689,7,20.0302
10690,7,20.0283
10691,7,20.0265
10692,7,20.0246
10693,7,20.0227
10694,7,20.0209
10695,7,20.019
10696,7,20.0171
10697,7,20.0152
10698,7,20.0134
10699,7,20.0115
10700,7,20.0096
10701,7,20.0078
10702,7,20.0059
10703,7,20.004
10704,7,20.0021
10705,7,20.0003
10706,7,19.9984
10707,7,19.9965
10708,7,19.9947
10709,7,19.9928
10710,7,19.9909
10711,7,19.9891
10712,7,19.9872
10713,7,19.9853
10714,7,19.9835
10715,7,19.9816
10716,7,19.9797
10717,7,19.9779
10718,7,19.976
10719,7,19.9742
10720,7,19.9723
10721,7,19.9704
10722,7,19.9686
10723,7,19.9667
10724,7,19.9648
10725,7,19.963
10726,7,19.9611
10727,7,19.9593
10728,7,19.9574
10729,7,19.9555
10730,7,19.9537
10731,7,19.9518
10732,7,19.95
10733,7,19.9481
10734,7,19.9462
10735,7,19.9444
10736,7,19.9425
10737,7,19.9407
10738,7,19.9388
10739,7,19.937
10740,7,19.9351
10741,7,19.9332
10742,7,19.9314
10743,7,19.9295
10744,7,19.9277
10745,7,19.9258
10746,7,19.924
10747,7,19.9221
10748,7,19.9203
10749,7,19.9184
10750,7,19.9166
10751,7,19.9147
10752,7,19.9129
10753,7,19.911
10754,7,19.9092
10755,7,19.9073
10756,7,19.9054
10757,7,19.9036
10758,7,19.9017
10759,7,19.8999
10760,7,19.898
10761,7,19.8962
10762,7,19.8944
10763,7,19.8925
10764,7,19.8907
10765,7,19.8888
10766,7,19.887
10767,7,19.8851
10768,7,19.8833
10769,7,19.8814
10770,7,19.8796
10771,7,19.8777
10772,6,19.8759
10773,6,19.874
10774,6,19.8722
10775,6,19.8703
10776,6,19.8685
10777,6,19.8667
10778,6,19.8648
10779,6,19.863
10780,6,19.8611
10781,6,19.8593
10782,6,19.8574
10783,6,19.8556
10784,6,19.8538
10785,6,19.8519
10786,6,19.8501
10787,6,19.8482
10788,6,19.8464
10789,6,19.8446
10790,6,19.8427
10791,6,19.8409
10792,6,19.839
10793,6,19.8372
10794,6,19.8354
10795,6,19.8335
10796,6,19.8317
10797,6,19.8299
10798,6,19.828
10799,6,19.8262
10800,6,19.8244
10801,6,19.8225
10802,6,19.8207
10803,6,19.8188
10804,6,19.817
10805,6,19.8152
10806,6,19.8133
10807,6,19.8115
10808,6,19.8097
10809,6,19.8078
10810,6,19.806
10811,6,19.8042
10812,6,19.8023
10813,6,19.8005
10814,6,19.7987
10815,6,19.7969
10816,6,19.795
10817,6,19.7932
10818,6,19.7914
10819,6,19.7895
10820,6,19.7877
10821,6,19.7859
10822,6,19.7841
10823,6,19.7822
10824,6,19.7804
10825,6,19.7786
10826,6,19.7767
10827,6,19.7749
10828,6,19.7731
10829,6,19.7713
10830,6,19.7694
10831,6,19.7676
10832,6,19.7658
10833,6,19.764
10834,6,19.7621
10835,6,19.7603
10836,6,19.7585
10837,6,19.7567
10838,6,19.7548
10839,6,19.753
10840,6,19.7512
10841,6,19.7494
10842,6,19.7476
10843,6,19.7457
10844,6,19.7439
10845,6,19.7421
10846,6,19.7403
10847,6,19.7385
10848,6,19.7366
10849,6,19.7348
10850,6,19.733
10851,6,19.7312
10852,6,19.7294
10853,6,19.7275
10854,6,19.7257
10855,6,19.7239
10856,6,19.7221
10857,6,19.7203
10858,6,19.7185
10859,6,19.7166
10860,6,19.7148
10861,6,19.713
10862,6,19.7112
10863,6,19.7094
10864,6,19.7076
10865,6,19.7058
10866,6,19.7039
10867,6,19.7021
10868,6,19.7003
10869,6,19.6985
10870,6,19.6967
10871,6,19.6949
10872,6,19.6931
10873,6,19.6913
10874,6,19.6894
10875,6,19.6876
10876,6,19.6858
10877,6,19.684
10878,6,19.6822
10879,6,19.6804
10880,6,19.6786
10881,6,19.6768
10882,6,19.675
10883,6,19.6732
10884,6,19.6714
10885,6,19.6695
10886,6,19.6677
10887,6,19.6659
10888,6,19.6641
10889,6,19.6623
10890,6,19.6605
10891,6,19.6587
10892,6,19.6569
10893,6,19.6551
10894,6,19.6533
10895,6,19.6515
10896,6,19.6497
10897,6,19.6479
10898,6,19.6461
10899,6,19.6443
10900,6,19.6425
10901,6,19.6407
10902,6,19.6389
10903,6,19.6371
10904,6,19.6353
10905,6,19.6335
10906,6,19.6317
10907,6,19.6299
10908,6,19.6281
10909,6,19.6263
10910,6,19.6245
10911,6,19.6227
10912,6,19.6209
10913,6,19.6191
10914,6,19.6173
10915,6,19.6155
10916,6,19.6137
10917,6,19.6119
10918,6,19.6101
10919,6,19.6083
10920,6,19.6065
10921,6,19.6047
10922,6,19.6029
10923,6,19.6011
10924,6,19.5993
10925,6,19.5975
10926,6,19.5957
10927,6,19.5939
10928,6,19.5921
10929,6,19.5904
10930,6,19.5886
10931,6,19.5868
10932,6,19.585
10933,6,19.5832
10934,6,19.5814
10935,6,19.5796
10936,6,19.5778
10937,6,19.576
10938,6,19.5742
10939,6,19.5724
10940,6,19.5707
10941,6,19.5689
10942,6,19.5671
10943,6,19.5653
10944,6,19.5635
10945,6,19.5617
10946,6,19.5599
10947,6,19.5581
10948,6,19.5564
10949,6,19.5546
10950,6,19.5528
10951,6,19.551
10952,6,19.5492
10953,6,19.5474
10954,6,19.5456
10955,6,19.5439
10956,6,19.5421
10957,6,19.5403
10958,6,19.5385
10959,6,19.5367
10960,6,19.5349
10961,6,19.5332
10962,6,19.5314
10963,6,19.5296
10964,6,19.5278
10965,6,19.526
10966,6,19.5243
10967,6,19.5225
10968,6,19.5207
10969,6,19.5189
10970,6,19.5171
10971,6,19.5154
10972,6,19.5136
10973,6,19.5118
10974,6,19.51
10975,6,19.5082
10976,6,19.5065
10977,6,19.5047
10978,6,19.5029
10979,6,19.5011
10980,6,19.4994
10981,6,19.4976
10982,6,19.4958
10983,6,19.494
10984,6,19.4923
10985,6,19.4905
10986,6,19.4887
10987,6,19.4869
10988,6,19.4852
10989,6,19.4834
10990,6,19.4816
10991,6,19.4798
10992,6,19.4781
10993,6,19.4763
10994,6,19.4745
10995,6,19.4728
10996,6,19.471
10997,6,19.4692
10998,6,19.4674
10999,6,19.4657
11000,6,19.4639
11001,6,19.4621
11002,6,19.4604
11003,6,19.4586
11004,6,19.4568
11005,6,19.4551
11006,6,19.4533
11007,6,19.4515
11008,6,19.4498
11009,6,19.448
11010,6,19.4462
11011,6,19.4445
11012,6,19.4427
11013,6,19.4409
11014,6,19.4392
11015,6,19.4374
11016,6,19.4356
11017,6,19.4339
11018,6,19.4321
11019,6,19.4303
11020,6,19.4286
11021,6,19.4268
11022,6,19.4251
11023,6,19.4233
11024,6,19.4215
11025,6,19.4198
11026,6,19.418
11027,6,19.4163
11028,6,19.4145
11029,6,19.4127
11030,6,19.411
11031,6,19.4092
11032,6,19.4075
11033,6,19.4057
11034,6,19.4039
11035,6,19.4022
11036,6,19.4004
11037,6,19.3987
11038,6,19.3969
11039,6,19.3951
11040,6,19.3934
11041,6,19.3916
11042,6,19.3899
11043,6,19.3881
11044,6,19.3864
11045,6,19.3846
11046,6,19.3829
11047,6,19.3811
11048,6,19.3793
11049,6,19.3776
11050,6,19.3758
11051,6,19.3741
11052,6,19.3723
11053,6,19.3706
11054,6,19.3688
11055,6,19.3671
11056,6,19.3653
11057,6,19.3636
11058,6,19.3618
11059,6,19.3601
11060,6,19.3583
11061,6,19.3566
11062,6,19.3548
11063,6,19.3531
11064,6,19.3513
11065,6,19.3496
11066,6,19.3478
11067,6,19.3461
11068,6,19.3443
11069,6,19.3426
11070,6,19.3408
11071,6,19.3391
11072,6,19.3373
11073,6,19.3356
11074,6,19.3338
11075,6,19.3321
11076,6,19.3304
11077,6,19.3286
11078,6,19.3269
11079,6,19.3251
11080,6,19.3234
11081,6,19.3216
11082,6,19.3199
11083,6,19.3181
11084,6,19.3164
11085,6,19.3147
11086,6,19.3129
11087,6,19.3112
11088,6,19.3094
11089,6,19.3077
11090,6,19.306
11091,6,19.3042
11092,6,19.3025
11093,6,19.3007
11094,6,19.299
11095,6,19.2973
11096,6,19.2955
11097,6,19.2938
11098,6,19.292
11099,6,19.2903
11100,6,19.2886
11101,6,19.2868
11102,6,19.2851
11103,6,19.2833
11104,6,19.2816
11105,6,19.2799
11106,6,19.2781
11107,6,19.2764
11108,6,19.2747
11109,6,19.2729
11110,6,19.2712
11111,6,19.2695
11112,6,19.2677
11113,6,19.266
11114,6,19.2643
11115,6,19.2625
11116,6,19.2608
11117,6,19.2591
11118,6,19.2573
11119,6,19.2556
11120,6,19.2539
11121,6,19.2521
11122,6,19.2504
11123,6,19.2487
11124,6,19.2469
11125,6,19.2452
11126,6,19.2435
11127,6,19.2418
11128,6,19.24
11129,6,19.2383
11130,6,19.2366
11131,6,19.2348
11132,6,19.2331
11133,6,19.2314
11134,6,19.2297
11135,6,19.2279
11136,6,19.2262
11137,6,19.2245
11138,6,19.2228
11139,6,19.221
11140,6,19.2193
11141,6,19.2176
11142,6,19.2158
11143,6,19.2141
11144,6,19.2124
11145,6,19.2107
11146,6,19.209
11147,6,19.2072
11148,6,19.2055
11149,6,19.2038
11150,6,19.2021
11151,6,19.2003
11152,6,19.1986
11153,6,19.1969
11154,6,19.1952
11155,6,19.1935
11156,6,19.1917
11157,6,19.19
11158,6,19.1883
11159,6,19.1866
11160,6,19.1849
11161,6,19.1831
11162,6,19.1814
11163,6,19.1797
11164,6,19.178
11165,6,19.1763
11166,6,19.1745
11167,6,19.1728
11168,6,19.1711
11169,6,19.1694
11170,6,19.1677
11171,6,19.166
11172,6,19.1642
11173,6,19.1625
11174,6,19.1608
11175,6,19.1591
11176,6,19.1574
11177,6,19.1557
11178,6,19.154
11179,6,19.1522
11180,6,19.1505
11181,6,19.1488
11182,6,19.1471
11183,6,19.1454
11184,6,19.1437
11185,6,19.142
11186,6,19.1403
11187,6,19.1386
11188,6,19.1368
11189,6,19.1351
11190,6,19.1334
11191,6,19.1317
11192,6,19.13
11193,6,19.1283
11194,6,19.1266
11195,6,19.1249
11196,6,19.1232
11197,6,19.1215
11198,6,19.1198
11199,6,19.118
11200,6,19.1163
11201,6,19.1146
11202,6,19.1129
11203,6,19.1112
11204,6,19.1095
11205,6,19.1078
11206,6,19.1061
11207,6,19.1044
11208,6,19.1027
11209,6,19.101
11210,6,19.0993
11211,6,19.0976
11212,6,19.0959
11213,6,19.0942
11214,6,19.0925
11215,6,19.0908
11216,6,19.0891
11217,6,19.0874
11218,6,19.0857
11219,6,19.084
11220,6,19.0823
11221,6,19.0806
11222,6,19.0789
11223,6,19.0772
11224,6,19.0755
11225,6,19.0738
11226,6,19.0721
11227,6,19.0704
11228,6,19.0687
11229,6,19.067
11230,6,19.0653
11231,6,19.0636
11232,6,19.0619
11233,6,19.0602
11234,6,19.0585
11235,6,19.0568
11236,6,19.0551
11237,6,19.0534
11238,6,19.0517
11239,6,19.05
11240,6,19.0483
11241,6,19.0466
11242,6,19.0449
11243,6,19.0432
11244,6,19.0415
11245,6,19.0398
11246,6,19.0381
11247,6,19.0365
11248,6,19.0348
11249,6,19.0331
11250,6,19.0314
11251,6,19.0297
11252,6,19.028
11253,6,19.0263
11254,6,19.0246
11255,6,19.0229
11256,6,19.0212
11257,6,19.0195
11258,6,19.0179
11259,6,19.0162
11260,6,19.0145
11261,6,19.0128
11262,6,19.0111
11263,6,19.0094
11264,6,19.0077
11265,6,19.006
11266,6,19.0043
11267,6,19.0027
11268,6,19.001
11269,6,18.9993
11270,6,18.9976
11271,6,18.9959
11272,6,18.9942
11273,6,18.9925
11274,6,18.9909
11275,6,18.9892
11276,6,18.9875
11277,6,18.9858
11278,6,18.9841
11279,6,18.9824
11280,6,18.9808
11281,6,18.9791
11282,6,18.9774
11283,6,18.9757
11284,6,18.974
11285,6,18.9724
11286,6,18.9707
11287,6,18.969
11288,6,18.9673
11289,6,18.9656
11290,6,18.964
11291,6,18.9623
11292,6,18.9606
11293,6,18.9589
11294,6,18.9572
11295,6,18.9556
11296,6,18.9539
11297,6,18.9522
11298,6,18.9505
11299,6,18.9488
11300,6,18.9472
11301,6,18.9455
11302,6,18.9438
11303,6,18.9421
11304,6,18.9405
11305,6,18.9388
11306,6,18.9371
11307,6,18.9354
11308,6,18.9338
11309,6,18.9321
11310,6,18.9304
11311,6,18.9287
11312,6,18.9271
11313,6,18.9254
11314,6,18.9237
11315,6,18.9221
11316,6,18.9204
11317,6,18.9187
11318,6,18.917
11319,6,18.9154
11320,6,18.9137
11321,6,18.912
11322,6,18.9104
11323,6,18.9087
11324,6,18.907
11325,6,18.9053
11326,6,18.9037
11327,6,18.902
11328,6,18.9003
11329,6,18.8987
11330,6,18.897
11331,6,18.8953
11332,6,18.8937
11333,6,18.892
11334,6,18.8903
11335,6,18.8887
11336,6,18.887
11337,6,18.8853
11338,6,18.8837
11339,6,18.882
11340,6,18.8803
11341,6,18.8787
11342,6,18.877
11343,6,18.8753
11344,6,18.8737
11345,6,18.872
11346,6,18.8704
11347,6,18.8687
11348,6,18.867
11349,6,18.8654
11350,6,18.8637
11351,6,18.862
11352,6,18.8604
11353,6,18.8587
11354,6,18.8571
11355,6,18.8554
11356,6,18.8537
11357,6,18.8521
11358,6,18.8504
11359,6,18.8488
11360,6,18.8471
11361,6,18.8454
11362,6,18.8438
11363,6,18.8421
11364,6,18.8405
11365,6,18.8388
11366,6,18.8371
11367,6,18.8355
11368,6,18.8338
11369,6,18.8322
11370,6,18.8305
11371,6,18.8289
11372,6,18.8272
11373,6,18.8256
11374,6,18.8239
11375,6,18.8222
11376,6,18.8206
11377,6,18.8189
11378,6,18.8173
11379,6,18.8156
11380,6,18.814
11381,6,18.8123
11382,6,18.8107
11383,6,18.809
11384,6,18.8074
11385,6,18.8057
11386,6,18.8041
11387,6,18.8024
11388,6,18.8008
11389,6,18.7991
11390,6,18.7975
11391,6,18.7958
11392,6,18.7942
11393,6,18.7925
11394,6,18.7909
11395,6,18.7892
11396,6,18.7876
11397,6,18.7859
11398,6,18.7843
11399,6,18.7826
11400,6,18.781
11401,6,18.7793
11402,6,18.7777
11403,6,18.776
11404,6,18.7744
11405,6,18.7727
11406,6,18.7711
11407,6,18.7694
11408,6,18.7678
11409,6,18.7661
11410,6,18.7645
11411,6,18.7629
11412,6,18.7612
11413,6,18.7596
11414,6,18.7579
11415,6,18.7563
11416,6,18.7546
11417,6,18.753
11418,6,18.7514
11419,6,18.7497
11420,6,18.7481
11421,6,18.7464
11422,6,18.7448
11423,6,18.7431
11424,6,18.7415
11425,6,18.7399
11426,6,18.7382
11427,6,18.7366
11428,6,18.7349
11429,6,18.7333
11430,6,18.7317
11431,6,18.73
11432,6,18.7284
11433,6,18.7268
11434,6,18.7251
11435,6,18.7235
11436,6,18.7218
11437,6,18.7202
11438,6,18.7186
11439,6,18.7169
11440,6,18.7153
11441,6,18.7137
11442,6,18.712
11443,6,18.7104
11444,6,18.7088
11445,6,18.7071
11446,6,18.7055
11447,6,18.7039
11448,6,18.7022
11449,6,18.7006
11450,6,18.699
11451,6,18.6973
11452,6,18.6957
11453,6,18.6941
11454,6,18.6924
11455,6,18.6908
11456,6,18.6892
11457,6,18.6875
11458,6,18.6859
11459,6,18.6843
11460,6,18.6826
11461,6,18.681
11462,6,18.6794
11463,6,18.6777
11464,6,18.6761
11465,6,18.6745
11466,6,18.6729
11467,6,18.6712
11468,6,18.6696
11469,6,18.668
11470,6,18.6663
11471,6,18.6647
11472,6,18.6631
11473,6,18.6615
11474,6,18.6598
11475,6,18.6582
11476,6,18.6566
11477,6,18.655
11478,6,18.6533
11479,6,18.6517
11480,6,18.6501
11481,6,18.6485
11482,6,18.6468
11483,6,18.6452
11484,6,18.6436
11485,6,18.642
11486,6,18.6403
11487,6,18.6387
11488,6,18.6371
11489,6,18.6355
11490,6,18.6339
11491,6,18.6322
11492,6,18.6306
11493,6,18.629
11494,6,18.6274
11495,6,18.6258
11496,6,18.6241
11497,6,18.6225
11498,6,18.6209
11499,6,18.6193
11500,6,18.6177
11501,6,18.616
11502,6,18.6144
11503,6,18.6128
11504,6,18.6112
11505,6,18.6096
11506,6,18.6079
11507,6,18.6063
11508,6,18.6047
11509,6,18.6031
11510,6,18.6015
11511,6,18.5999
11512,6,18.5982
11513,6,18.5966
11514,6,18.595
11515,6,18.5934
11516,6,18.5918
11517,6,18.5902
11518,6,18.5886
11519,6,18.5869
11520,6,18.5853
11521,6,18.5837
11522,6,18.5821
11523,6,18.5805
11524,6,18.5789
11525,6,18.5773
11526,6,18.5757
11527,6,18.574
11528,6,18.5724
11529,6,18.5708
11530,6,18.5692
11531,6,18.5676
11532,6,18.566
11533,6,18.5644
11534,6,18.5628
11535,6,18.5612
11536,6,18.5596
11537,6,18.5579
11538,6,18.5563
11539,6,18.5547
11540,6,18.5531
11541,6,18.5515
11542,6,18.5499
11543,6,18.5483
11544,6,18.5467
11545,6,18.5451
11546,6,18.5435
11547,6,18.5419
11548,6,18.5403
11549,6,18.5387
11550,6,18.5371
11551,6,18.5355
11552,6,18.5338
11553,6,18.5322
11554,6,18.5306
11555,6,18.529
11556,6,18.5274
11557,6,18.5258
11558,6,18.5242
11559,6,18.5226
11560,6,18.521
11561,6,18.5194
11562,6,18.5178
11563,6,18.5162
11564,6,18.5146
11565,6,18.513
11566,6,18.5114
11567,6,18.5098
11568,6,18.5082
11569,6,18.5066
11570,6,18.505
11571,6,18.5034
11572,6,18.5018
11573,6,18.5002
11574,6,18.4986
11575,6,18.497
11576,6,18.4954
11577,6,18.4938
11578,6,18.4922
11579,6,18.4906
11580,6,18.489
11581,6,18.4874
11582,6,18.4858
11583,6,18.4842
11584,6,18.4826
11585,6,18.4811
11586,6,18.4795
11587,6,18.4779
11588,6,18.4763
11589,6,18.4747
11590,6,18.4731
11591,6,18.4715
11592,6,18.4699
11593,6,18.4683
11594,6,18.4667
11595,6,18.4651
11596,6,18.4635
11597,6,18.4619
11598,6,18.4603
11599,6,18.4587
11600,6,18.4572
11601,6,18.4556
11602,6,18.454
11603,6,18.4524
11604,6,18.4508
11605,6,18.4492
11606,6,18.4476
11607,6,18.446
11608,6,18.4444
11609,6,18.4428
11610,6,18.4413
11611,6,18.4397
11612,6,18.4381
11613,6,18.4365
11614,6,18.4349
11615,6,18.4333
11616,6,18.4317
11617,6,18.4301
11618,6,18.4286
11619,6,18.427
11620,6,18.4254
11621,6,18.4238
11622,6,18.4222
11623,6,18.4206
11624,6,18.419
11625,6,18.4175
11626,6,18.4159
11627,6,18.4143
11628,6,18.4127
11629,6,18.4111
11630,6,18.4095
11631,6,18.408
11632,6,18.4064
11633,6,18.4048
11634,6,18.4032
11635,6,18.4016
11636,6,18.4001
11637,6,18.3985
11638,6,18.3969
11639,6,18.3953
11640,6,18.3937
11641,6,18.3921
11642,6,18.3906
11643,6,18.389
11644,6,18.3874
11645,6,18.3858
11646,6,18.3843
11647,6,18.3827
11648,6,18.3811
11649,6,18.3795
11650,6,18.3779
11651,6,18.3764
11652,6,18.3748
11653,6,18.3732
11654,6,18.3716
11655,6,18.3701
11656,6,18.3685
11657,6,18.3669
11658,6,18.3653
11659,6,18.3638
11660,6,18.3622
11661,6,18.3606
11662,6,18.359
11663,6,18.3575
11664,6,18.3559
11665,6,18.3543
11666,6,18.3527
11667,6,18.3512
11668,6,18.3496
11669,6,18.348
11670,6,18.3464
11671,6,18.3449
11672,6,18.3433
11673,6,18.3417
11674,6,18.3402
11675,6,18.3386
11676,6,18.337
11677,6,18.3354
11678,6,18.3339
11679,6,18.3323
11680,6,18.3307
11681,6,18.3292
11682,6,18.3276
11683,6,18.326
11684,6,18.3245
11685,6,18.3229
11686,6,18.3213
11687,6,18.3198
11688,6,18.3182
11689,6,18.3166
11690,6,18.3151
11691,6,18.3135
11692,6,18.3119
11693,6,18.3104
11694,6,18.3088
11695,6,18.3072
11696,6,18.3057
11697,6,18.3041
11698,6,18.3025
11699,6,18.301
11700,6,18.2994
11701,6,18.2978
11702,6,18.2963
11703,6,18.2947
11704,6,18.2931
11705,6,18.2916
11706,6,18.29
11707,6,18.2885
11708,6,18.2869
11709,6,18.2853
11710,6,18.2838
11711,6,18.2822
11712,6,18.2807
11713,6,18.2791
11714,6,18.2775
11715,6,18.276
11716,6,18.2744
11717,6,18.2729
11718,6,18.2713
11719,6,18.2697
11720,6,18.2682
11721,6,18.2666
11722,6,18.2651
11723,6,18.2635
11724,6,18.2619
11725,6,18.2604
11726,6,18.2588
11727,6,18.2573
11728,6,18.2557
11729,6,18.2542
11730,6,18.2526
11731,6,18.251
11732,6,18.2495
11733,6,18.2479
11734,6,18.2464
11735,6,18.2448
11736,6,18.2433
11737,6,18.2417
11738,6,18.2402
11739,6,18.2386
11740,6,18.2371
11741,6,18.2355
11742,6,18.2339
11743,6,18.2324
11744,6,18.2308
11745,6,18.2293
11746,6,18.2277
11747,6,18.2262
11748,6,18.2246
11749,6,18.2231
11750,6,18.2215
11751,6,18.22
11752,6,18.2184
11753,6,18.2169
11754,6,18.2153
11755,6,18.2138
11756,6,18.2122
11757,6,18.2107
11758,6,18.2091
11759,6,18.2076
11760,6,18.206
11761,6,18.2045
11762,6,18.2029
11763,6,18.2014
11764,6,18.1998
11765,6,18.1983
11766,6,18.1968
11767,6,18.1952
11768,6,18.1937
11769,6,18.1921
11770,6,18.1906
11771,6,18.189
11772,6,18.1875
11773,6,18.1859
11774,6,18.1844
11775,6,18.1828
11776,6,18.1813
11777,6,18.1798
11778,6,18.1782
11779,6,18.1767
11780,6,18.1751
11781,6,18.1736
11782,6,18.172
11783,6,18.1705
11784,6,18.169
11785,6,18.1674
11786,6,18.1659
11787,6,18.1643
11788,6,18.1628
11789,6,18.1613
11790,6,18.1597
11791,6,18.1582
11792,6,18.1566
11793,6,18.1551
11794,6,18.1536
11795,6,18.152
11796,6,18.1505
11797,6,18.1489
11798,6,18.1474
11799,6,18.1459
11800,6,18.1443
11801,6,18.1428
11802,6,18.1412
11803,6,18.1397
11804,6,18.1382
11805,6,18.1366
11806,6,18.1351
11807,6,18.1336
11808,6,18.132
11809,6,18.1305
11810,6,18.129
11811,6,18.1274
11812,6,18.1259
11813,6,18.1244
11814,6,18.1228
11815,6,18.1213
11816,6,18.1198
11817,6,18.1182
11818,6,18.1167
11819,6,18.1152
11820,6,18.1136
11821,6,18.1121
11822,6,18.1106
11823,6,18.109
11824,6,18.1075
11825,6,18.106
11826,6,18.1044
11827,6,18.1029
11828,6,18.1014
11829,6,18.0998
11830,6,18.0983
11831,6,18.0968
11832,6,18.0953
11833,6,18.0937
11834,6,18.0922
11835,6,18.0907
11836,6,18.0891
11837,6,18.0876
11838,6,18.0861
11839,6,18.0846
11840,6,18.083
11841,6,18.0815
11842,6,18.08
11843,6,18.0784
11844,6,18.0769
11845,6,18.0754
11846,6,18.0739
11847,6,18.0723
11848,6,18.0708
11849,6,18.0693
11850,6,18.0678
11851,6,18.0662
11852,6,18.0647
11853,6,18.0632
11854,6,18.0617
11855,6,18.0601
11856,6,18.0586
11857,6,18.0571
11858,6,18.0556
11859,6,18.0541
11860,6,18.0525
11861,6,18.051
11862,6,18.0495
11863,6,18.048
11864,6,18.0464
11865,6,18.0449
11866,6,18.0434
11867,6,18.0419
11868,6,18.0404
11869,6,18.0388
11870,6,18.0373
11871,6,18.0358
11872,6,18.0343
11873,6,18.0328
11874,6,18.0312
11875,6,18.0297
11876,6,18.0282
11877,6,18.0267
11878,6,18.0252
11879,6,18.0237
11880,6,18.0221
11881,6,18.0206
11882,6,18.0191
11883,6,18.0176
11884,6,18.0161
11885,6,18.0146
11886,6,18.013
11887,6,18.0115
11888,6,18.01
11889,6,18.0085
11890,6,18.007
11891,6,18.0055
11892,6,18.004
11893,6,18.0024
11894,6,18.0009
11895,6,17.9994
11896,6,17.9979
11897,6,17.9964
11898,6,17.9949
11899,6,17.9934
11900,6,17.9918
11901,6,17.9903
11902,6,17.9888
11903,6,17.9873
11904,6,17.9858
11905,6,17.9843
11906,6,17.9828
11907,6,17.9813
11908,6,17.9798
11909,6,17.9783
11910,6,17.9767
11911,6,17.9752
11912,6,17.9737
11913,6,17.9722
11914,6,17.9707
11915,6,17.9692
11916,6,17.9677
11917,6,17.9662
11918,6,17.9647
11919,6,17.9632
11920,6,17.9617
11921,6,17.9602
11922,6,17.9586
11923,6,17.9571
11924,6,17.9556
11925,6,17.9541
11926,6,17.9526
11927,6,17.9511
11928,6,17.9496
11929,6,17.9481
11930,6,17.9466
11931,6,17.9451
11932,6,17.9436
11933,6,17.9421
11934,6,17.9406
11935,6,17.9391
11936,6,17.9376
11937,6,17.9361
11938,6,17.9346
11939,6,17.9331
11940,6,17.9316
11941,6,17.9301
11942,6,17.9286
11943,6,17.9271
11944,6,17.9256
11945,6,17.9241
11946,6,17.9226
11947,6,17.9211
11948,6,17.9196
11949,6,17.9181
11950,6,17.9166
11951,6,17.9151
11952,6,17.9136
11953,6,17.9121
11954,6,17.9106
11955,6,17.9091
11956,6,17.9076
11957,6,17.9061
11958,6,17.9046
11959,6,17.9031
11960,6,17.9016
11961,6,17.9001
11962,6,17.8986
11963,6,17.8971
11964,6,17.8956
11965,6,17.8941
11966,6,17.8926
11967,6,17.8911
11968,6,17.8896
11969,6,17.8881
11970,6,17.8866
11971,6,17.8851
11972,6,17.8836
11973,6,17.8822
11974,6,17.8807
11975,6,17.8792
11976,6,17.8777
11977,6,17.8762
11978,6,17.8747
11979,6,17.8732
11980,6,17.8717
11981,6,17.8702
11982,6,17.8687
11983,6,17.8672
11984,6,17.8657
11985,6,17.8642
11986,6,17.8628
11987,6,17.8613
11988,6,17.8598
11989,6,17.8583
11990,6,17.8568
11991,6,17.8553
11992,6,17.8538
11993,6,17.8523
11994,6,17.8508
11995,6,17.8494
11996,6,17.8479
11997,6,17.8464
11998,6,17.8449
11999,6,17.8434
12000,6,17.8419
12001,6,17.8404
12002,6,17.8389
12003,6,17.8375
12004,6,17.836
12005,6,17.8345
12006,6,17.833
12007,6,17.8315
12008,6,17.83
12009,6,17.8285
12010,6,17.8271
12011,6,17.8256
12012,6,17.8241
12013,6,17.8226
12014,6,17.8211
12015,6,17.8196
12016,6,17.8182
12017,6,17.8167
12018,6,17.8152
12019,6,17.8137
12020,6,17.8122
12021,6,17.8107
12022,6,17.8093
12023,6,17.8078
12024,6,17.8063
12025,6,17.8048
12026,6,17.8033
12027,6,17.8019
12028,6,17.8004
12029,6,17.7989
12030,6,17.7974
12031,6,17.7959
12032,6,17.7945
12033,6,17.793
12034,6,17.7915
12035,6,17.79
12036,6,17.7886
12037,6,17.7871
12038,6,17.7856
12039,6,17.7841
12040,6,17.7826
12041,6,17.7812
12042,6,17.7797
12043,6,17.7782
12044,6,17.7767
12045,6,17.7753
12046,6,17.7738
12047,6,17.7723
12048,6,17.7708
12049,6,17.7694
12050,6,17.7679
12051,6,17.7664
12052,6,17.7649
12053,6,17.7635
12054,6,17.762
12055,6,17.7605
12056,6,17.759
12057,6,17.7576
12058,6,17.7561
12059,6,17.7546
12060,6,17.7532
12061,6,17.7517
12062,6,17.7502
12063,6,17.7487
12064,6,17.7473
12065,6,17.7458
12066,6,17.7443
12067,6,17.7429
12068,6,17.7414
12069,6,17.7399
12070,6,17.7384
12071,5,17.737
12072,5,17.7355
12073,5,17.734
12074,5,17.7326
12075,5,17.7311
12076,5,17.7296
12077,5,17.7282
12078,5,17.7267
12079,5,17.7252
12080,5,17.7238
12081,5,17.7223
12082,5,17.7208
12083,5,17.7194
12084,5,17.7179
12085,5,17.7164
12086,5,17.715
12087,5,17.7135
12088,5,17.712
12089,5,17.7106
12090,5,17.7091
12091,5,17.7076
12092,5,17.7062
12093,5,17.7047
12094,5,17.7032
12095,5,17.7018
12096,5,17.7003
12097,5,17.6989
12098,5,17.6974
12099,5,17.6959
12100,5,17.6945
12101,5,17.693
12102,5,17.6915
12103,5,17.6901
12104,5,17.6886
12105,5,17.6872
12106,5,17.6857
12107,5,17.6842
12108,5,17.6828
12109,5,17.6813
12110,5,17.6799
12111,5,17.6784
12112,5,17.6769
12113,5,17.6755
12114,5,17.674
12115,5,17.6726
12116,5,17.6711
12117,5,17.6696
12118,5,17.6682
12119,5,17.6667
12120,5,17.6653
12121,5,17.6638
12122,5,17.6623
12123,5,17.6609
12124,5,17.6594
12125,5,17.658
12126,5,17.6565
12127,5,17.6551
12128,5,17.6536
12129,5,17.6522
12130,5,17.6507
12131,5,17.6492
12132,5,17.6478
12133,5,17.6463
12134,5,17.6449
12135,5,17.6434
12136,5,17.642
12137,5,17.6405
12138,5,17.6391
12139,5,17.6376
12140,5,17.6362
12141,5,17.6347
12142,5,17.6333
12143,5,17.6318
12144,5,17.6304
12145,5,17.6289
12146,5,17.6274
12147,5,17.626
12148,5,17.6245
12149,5,17.6231
12150,5,17.6216
12151,5,17.6202
12152,5,17.6187
12153,5,17.6173
12154,5,17.6158
12155,5,17.6144
12156,5,17.6129
12157,5,17.6115
12158,5,17.6101
12159,5,17.6086
12160,5,17.6072
12161,5,17.6057
12162,5,17.6043
12163,5,17.6028
12164,5,17.6014
12165,5,17.5999
12166,5,17.5985
12167,5,17.597
12168,5,17.5956
12169,5,17.5941
12170,5,17.5927
12171,5,17.5912
12172,5,17.5898
12173,5,17.5884
12174,5,17.5869
12175,5,17.5855
12176,5,17.584
12177,5,17.5826
12178,5,17.5811
12179,5,17.5797
12180,5,17.5782
12181,5,17.5768
12182,5,17.5754
12183,5,17.5739
12184,5,17.5725
12185,5,17.571
12186,5,17.5696
12187,5,17.5681
12188,5,17.5667
12189,5,17.5653
12190,5,17.5638
12191,5,17.5624
12192,5,17.5609
12193,5,17.5595
12194,5,17.5581
12195,5,17.5566
12196,5,17.5552
12197,5,17.5537
12198,5,17.5523
12199,5,17.5509
12200,5,17.5494
12201,5,17.548
12202,5,17.5465
12203,5,17.5451
12204,5,17.5437
12205,5,17.5422
12206,5,17.5408
12207,5,17.5394
12208,5,17.5379
12209,5,17.5365
12210,5,17.5351
12211,5,17.5336
12212,5,17.5322
12213,5,17.5307
12214,5,17.5293
12215,5,17.5279
12216,5,17.5264
12217,5,17.525
12218,5,17.5236
12219,5,17.5221
12220,5,17.5207
12221,5,17.5193
12222,5,17.5178
12223,5,17.5164
12224,5,17.515
12225,5,17.5135
12226,5,17.5121
12227,5,17.5107
12228,5,17.5092
12229,5,17.5078
12230,5,17.5064
12231,5,17.5049
12232,5,17.5035
12233,5,17.5021
12234,5,17.5007
12235,5,17.4992
12236,5,17.4978
12237,5,17.4964
12238,5,17.4949
12239,5,17.4935
12240,5,17.4921
12241,5,17.4906
12242,5,17.4892
12243,5,17.4878
12244,5,17.4864
12245,5,17.4849
12246,5,17.4835
12247,5,17.4821
12248,5,17.4806
12249,5,17.4792
12250,5,17.4778
12251,5,17.4764
12252,5,17.4749
12253,5,17.4735
12254,5,17.4721
12255,5,17.4707
12256,5,17.4692
12257,5,17.4678
12258,5,17.4664
12259,5,17.465
12260,5,17.4635
12261,5,17.4621
12262,5,17.4607
12263,5,17.4593
12264,5,17.4578
12265,5,17.4564
12266,5,17.455
12267,5,17.4536
12268,5,17.4522
12269,5,17.4507
12270,5,17.4493
12271,5,17.4479
12272,5,17.4465
12273,5,17.445
12274,5,17.4436
12275,5,17.4422
12276,5,17.4408
12277,5,17.4394
12278,5,17.4379
12279,5,17.4365
12280,5,17.4351
12281,5,17.4337
12282,5,17.4323
12283,5,17.4308
12284,5,17.4294
12285,5,17.428
12286,5,17.4266
12287,5,17.4252
12288,5,17.4237
12289,5,17.4223
12290,5,17.4209
12291,5,17.4195
12292,5,17.4181
12293,5,17.4167
12294,5,17.4152
12295,5,17.4138
12296,5,17.4124
12297,5,17.411
12298,5,17.4096
12299,5,17.4082
12300,5,17.4067
12301,5,17.4053
12302,5,17.4039
12303,5,17.4025
12304,5,17.4011
12305,5,17.3997
12306,5,17.3983
12307,5,17.3968
12308,5,17.3954
12309,5,17.394
12310,5,17.3926
12311,5,17.3912
12312,5,17.3898
12313,5,17.3884
12314,5,17.387
12315,5,17.3855
12316,5,17.3841
12317,5,17.3827
12318,5,17.3813
12319,5,17.3799
12320,5,17.3785
12321,5,17.3771
12322,5,17.3757
12323,5,17.3743
12324,5,17.3728
12325,5,17.3714
12326,5,17.37
12327,5,17.3686
12328,5,17.3672
12329,5,17.3658
12330,5,17.3644
12331,5,17.363
12332,5,17.3616
12333,5,17.3602
12334,5,17.3588
12335,5,17.3574
12336,5,17.356
12337,5,17.3545
12338,5,17.3531
12339,5,17.3517
12340,5,17.3503
12341,5,17.3489
12342,5,17.3475
12343,5,17.3461
12344,5,17.3447
12345,5,17.3433
12346,5,17.3419
12347,5,17.3405
12348,5,17.3391
12349,5,17.3377
12350,5,17.3363
12351,5,17.3349
12352,5,17.3335
12353,5,17.3321
12354,5,17.3307
12355,5,17.3293
12356,5,17.3279
12357,5,17.3265
12358,5,17.3251
12359,5,17.3237
12360,5,17.3222
12361,5,17.3208
12362,5,17.3194
12363,5,17.318
12364,5,17.3166
12365,5,17.3152
12366,5,17.3138
12367,5,17.3124
12368,5,17.311
12369,5,17.3096
12370,5,17.3082
12371,5,17.3068
12372,5,17.3054
12373,5,17.304
12374,5,17.3027
12375,5,17.3013
12376,5,17.2999
12377,5,17.2985
12378,5,17.2971
12379,5,17.2957
12380,5,17.2943
12381,5,17.2929
12382,5,17.2915
12383,5,17.2901
12384,5,17.2887
12385,5,17.2873
12386,5,17.2859
12387,5,17.2845
12388,5,17.2831
12389,5,17.2817
12390,5,17.2803
12391,5,17.2789
12392,5,17.2775
12393,5,17.2761
12394,5,17.2747
12395,5,17.2733
12396,5,17.2719
12397,5,17.2705
12398,5,17.2692
12399,5,17.2678
12400,5,17.2664
12401,5,17.265
12402,5,17.2636
12403,5,17.2622
12404,5,17.2608
12405,5,17.2594
12406,5,17.258
12407,5,17.2566
12408,5,17.2552
12409,5,17.2538
12410,5,17.2525
12411,5,17.2511
12412,5,17.2497
12413,5,17.2483
12414,5,17.2469
12415,5,17.2455
12416,5,17.2441
12417,5,17.2427
12418,5,17.2413
12419,5,17.24
12420,5,17.2386
12421,5,17.2372
12422,5,17.2358
12423,5,17.2344
12424,5,17.233
12425,5,17.2316
12426,5,17.2302
12427,5,17.2289
12428,5,17.2275
12429,5,17.2261
12430,5,17.2247
12431,5,17.2233
12432,5,17.2219
12433,5,17.2205
12434,5,17.2192
12435,5,17.2178
12436,5,17.2164
12437,5,17.215
12438,5,17.2136
12439,5,17.2122
12440,5,17.2109
12441,5,17.2095
12442,5,17.2081
12443,5,17.2067
12444,5,17.2053
12445,5,17.2039
12446,5,17.2026
12447,5,17.2012
12448,5,17.1998
12449,5,17.1984
12450,5,17.197
12451,5,17.1956
12452,5,17.1943
12453,5,17.1929
12454,5,17.1915
12455,5,17.1901
12456,5,17.1887
12457,5,17.1874
12458,5,17.186
12459,5,17.1846
12460,5,17.1832
12461,5,17.1818
12462,5,17.1805
12463,5,17.1791
12464,5,17.1777
12465,5,17.1763
12466,5,17.175
12467,5,17.1736
12468,5,17.1722
12469,5,17.1708
12470,5,17.1694
12471,5,17.1681
12472,5,17.1667
12473,5,17.1653
12474,5,17.1639
12475,5,17.1626
12476,5,17.1612
12477,5,17.1598
12478,5,17.1584
12479,5,17.1571
12480,5,17.1557
12481,5,17.1543
12482,5,17.1529
12483,5,17.1516
12484,5,17.1502
12485,5,17.1488
12486,5,17.1474
12487,5,17.1461
12488,5,17.1447
12489,5,17.1433
12490,5,17.142
12491,5,17.1406
12492,5,17.1392
12493,5,17.1378
12494,5,17.1365
12495,5,17.1351
12496,5,17.1337
12497,5,17.1324
12498,5,17.131
12499,5,17.1296
12500,5,17.1282
12501,5,17.1269
12502,5,17.1255
12503,5,17.1241
12504,5,17.1228
12505,5,17.1214
12506,5,17.12
12507,5,17.1187
12508,5,17.1173
12509,5,17.1159
12510,5,17.1145
12511,5,17.1132
12512,5,17.1118
12513,5,17.1104
12514,5,17.1091
12515,5,17.1077
12516,5,17.1063
12517,5,17.105
12518,5,17.1036
12519,5,17.1022
12520,5,17.1009
12521,5,17.0995
12522,5,17.0981
12523,5,17.0968
12524,5,17.0954
12525,5,17.0941
12526,5,17.0927
12527,5,17.0913
12528,5,17.09
12529,5,17.0886
12530,5,17.0872
12531,5,17.0859
12532,5,17.0845
12533,5,17.0831
12534,5,17.0818
12535,5,17.0804
12536,5,17.0791
12537,5,17.0777
12538,5,17.0763
12539,5,17.075
12540,5,17.0736
12541,5,17.0722
12542,5,17.0709
12543,5,17.0695
12544,5,17.0682
12545,5,17.0668
12546,5,17.0654
12547,5,17.0641
12548,5,17.0627
12549,5,17.0614
12550,5,17.06
12551,5,17.0586
12552,5,17.0573
12553,5,17.0559
12554,5,17.0546
12555,5,17.0532
12556,5,17.0518
12557,5,17.0505
12558,5,17.0491
12559,5,17.0478
12560,5,17.0464
12561,5,17.0451
12562,5,17.0437
12563,5,17.0423
12564,5,17.041
12565,5,17.0396
12566,5,17.0383
12567,5,17.0369
12568,5,17.0356
12569,5,17.0342
12570,5,17.0329
12571,5,17.0315
12572,5,17.0301
12573,5,17.0288
12574,5,17.0274
12575,5,17.0261
12576,5,17.0247
12577,5,17.0234
12578,5,17.022
12579,5,17.0207
12580,5,17.0193
12581,5,17.018
12582,5,17.0166
12583,5,17.0153
12584,5,17.0139
12585,5,17.0126
12586,5,17.0112
12587,5,17.0099
12588,5,17.0085
12589,5,17.0071
12590,5,17.0058
12591,5,17.0044
12592,5,17.0031
12593,5,17.0017
12594,5,17.0004
12595,5,16.999
12596,5,16.9977
12597,5,16.9963
12598,5,16.995
12599,5,16.9937
12600,5,16.9923
12601,5,16.991
12602,5,16.9896
12603,5,16.9883
12604,5,16.9869
12605,5,16.9856
12606,5,16.9842
12607,5,16.9829
12608,5,16.9815
12609,5,16.9802
12610,5,16.9788
12611,5,16.9775
12612,5,16.9761
12613,5,16.9748
12614,5,16.9734
12615,5,16.9721
12616,5,16.9708
12617,5,16.9694
12618,5,16.9681
12619,5,16.9667
12620,5,16.9654
12621,5,16.964
12622,5,16.9627
12623,5,16.9613
12624,5,16.96
12625,5,16.9587
12626,5,16.9573
12627,5,16.956
12628,5,16.9546
12629,5,16.9533
12630,5,16.9519
12631,5,16.9506
12632,5,16.9493
12633,5,16.9479
12634,5,16.9466
12635,5,16.9452
12636,5,16.9439
12637,5,16.9425
12638,5,16.9412
12639,5,16.9399
12640,5,16.9385
12641,5,16.9372
12642,5,16.9358
12643,5,16.9345
12644,5,16.9332
12645,5,16.9318
12646,5,16.9305
12647,5,16.9292
12648,5,16.9278
12649,5,16.9265
12650,5,16.9251
12651,5,16.9238
12652,5,16.9225
12653,5,16.9211
12654,5,16.9198
12655,5,16.9185
12656,5,16.9171
12657,5,16.9158
12658,5,16.9144
12659,5,16.9131
12660,5,16.9118
12661,5,16.9104
12662,5,16.9091
12663,5,16.9078
12664,5,16.9064
12665,5,16.9051
12666,5,16.9038
12667,5,16.9024
12668,5,16.9011
12669,5,16.8998
12670,5,16.8984
12671,5,16.8971
12672,5,16.8958
12673,5,16.8944
12674,5,16.8931
12675,5,16.8918
12676,5,16.8904
12677,5,16.8891
12678,5,16.8878
12679,5,16.8864
12680,5,16.8851
12681,5,16.8838
12682,5,16.8824
12683,5,16.8811
12684,5,16.8798
12685,5,16.8784
12686,5,16.8771
12687,5,16.8758
12688,5,16.8744
12689,5,16.8731
12690,5,16.8718
12691,5,16.8705
12692,5,16.8691
12693,5,16.8678
12694,5,16.8665
12695,5,16.8651
12696,5,16.8638
12697,5,16.8625
12698,5,16.8612
12699,5,16.8598
12700,5,16.8585
12701,5,16.8572
12702,5,16.8558
12703,5,16.8545
12704,5,16.8532
12705,5,16.8519
12706,5,16.8505
12707,5,16.8492
12708,5,16.8479
12709,5,16.8466
12710,5,16.8452
12711,5,16.8439
12712,5,16.8426
12713,5,16.8413
12714,5,16.8399
12715,5,16.8386
12716,5,16.8373
12717,5,16.836
12718,5,16.8346
12719,5,16.8333
12720,5,16.832
12721,5,16.8307
12722,5,16.8294
12723,5,16.828
12724,5,16.8267
12725,5,16.8254
12726,5,16.8241
12727,5,16.8227
12728,5,16.8214
12729,5,16.8201
12730,5,16.8188
12731,5,16.8175
12732,5,16.8161
12733,5,16.8148
12734,5,16.8135
12735,5,16.8122
12736,5,16.8109
12737,5,16.8095
12738,5,16.8082
12739,5,16.8069
12740,5,16.8056
12741,5,16.8043
12742,5,16.8029
12743,5,16.8016
12744,5,16.8003
12745,5,16.799
12746,5,16.7977
12747,5,16.7963
12748,5,16.795
12749,5,16.7937
12750,5,16.7924
12751,5,16.7911
12752,5,16.7898
12753,5,16.7884
12754,5,16.7871
12755,5,16.7858
12756,5,16.7845
12757,5,16.7832
12758,5,16.7819
12759,5,16.7805
12760,5,16.7792
12761,5,16.7779
12762,5,16.7766
12763,5,16.7753
12764,5,16.774
12765,5,16.7727
12766,5,16.7713
12767,5,16.77
12768,5,16.7687
12769,5,16.7674
12770,5,16.7661
12771,5,16.7648
12772,5,16.7635
12773,5,16.7622
12774,5,16.7608
12775,5,16.7595
12776,5,16.7582
12777,5,16.7569
12778,5,16.7556
12779,5,16.7543
12780,5,16.753
12781,5,16.7517
12782,5,16.7504
12783,5,16.749
12784,5,16.7477
12785,5,16.7464
12786,5,16.7451
12787,5,16.7438
12788,5,16.7425
12789,5,16.7412
12790,5,16.7399
12791,5,16.7386
12792,5,16.7373
12793,5,16.7359
12794,5,16.7346
12795,5,16.7333
12796,5,16.732
12797,5,16.7307
12798,5,16.7294
12799,5,16.7281
12800,5,16.7268
12801,5,16.7255
12802,5,16.7242
12803,5,16.7229
12804,5,16.7216
12805,5,16.7203
12806,5,16.719
12807,5,16.7177
12808,5,16.7163
12809,5,16.715
12810,5,16.7137
12811,5,16.7124
12812,5,16.7111
12813,5,16.7098
12814,5,16.7085
12815,5,16.7072
12816,5,16.7059
12817,5,16.7046
12818,5,16.7033
12819,5,16.702
12820,5,16.7007
12821,5,16.6994
12822,5,16.6981
12823,5,16.6968
12824,5,16.6955
12825,5,16.6942
12826,5,16.6929
12827,5,16.6916
12828,5,16.6903
12829,5,16.689
12830,5,16.6877
12831,5,16.6864
12832,5,16.6851
12833,5,16.6838
12834,5,16.6825
12835,5,16.6812
12836,5,16.6799
12837,5,16.6786
12838,5,16.6773
12839,5,16.676
12840,5,16.6747
12841,5,16.6734
12842,5,16.6721
12843,5,16.6708
12844,5,16.6695
12845,5,16.6682
12846,5,16.6669
12847,5,16.6656
12848,5,16.6643
12849,5,16.663
12850,5,16.6617
12851,5,16.6604
12852,5,16.6591
12853,5,16.6578
12854,5,16.6565
12855,5,16.6552
12856,5,16.6539
12857,5,16.6526
12858,5,16.6513
12859,5,16.6501
12860,5,16.6488
12861,5,16.6475
12862,5,16.6462
12863,5,16.6449
12864,5,16.6436
12865,5,16.6423
12866,5,16.641
12867,5,16.6397
12868,5,16.6384
12869,5,16.6371
12870,5,16.6358
12871,5,16.6345
12872,5,16.6332
12873,5,16.6319
12874,5,16.6307
12875,5,16.6294
12876,5,16.6281
12877,5,16.6268
12878,5,16.6255
12879,5,16.6242
12880,5,16.6229
12881,5,16.6216
12882,5,16.6203
12883,5,16.619
12884,5,16.6177
12885,5,16.6165
12886,5,16.6152
12887,5,16.6139
12888,5,16.6126
12889,5,16.6113
12890,5,16.61
12891,5,16.6087
12892,5,16.6074
12893,5,16.6061
12894,5,16.6049
12895,5,16.6036
12896,5,16.6023
12897,5,16.601
12898,5,16.5997
12899,5,16.5984
12900,5,16.5971
12901,5,16.5958
12902,5,16.5946
12903,5,16.5933
12904,5,16.592
12905,5,16.5907
12906,5,16.5894
12907,5,16.5881
12908,5,16.5868
12909,5,16.5856
12910,5,16.5843
12911,5,16.583
12912,5,16.5817
12913,5,16.5804
12914,5,16.5791
12915,5,16.5779
12916,5,16.5766
12917,5,16.5753
12918,5,16.574
12919,5,16.5727
12920,5,16.5714
12921,5,16.5702
12922,5,16.5689
12923,5,16.5676
12924,5,16.5663
12925,5,16.565
12926,5,16.5637
12927,5,16.5625
12928,5,16.5612
12929,5,16.5599
12930,5,16.5586
12931,5,16.5573
12932,5,16.5561
12933,5,16.5548
12934,5,16.5535
12935,5,16.5522
12936,5,16.5509
12937,5,16.5497
12938,5,16.5484
12939,5,16.5471
12940,5,16.5458
12941,5,16.5445
12942,5,16.5433
12943,5,16.542
12944,5,16.5407
12945,5,16.5394
12946,5,16.5382
12947,5,16.5369
12948,5,16.5356
12949,5,16.5343
12950,5,16.5331
12951,5,16.5318
12952,5,16.5305
12953,5,16.5292
12954,5,16.5279
12955,5,16.5267
12956,5,16.5254
12957,5,16.5241
12958,5,16.5228
12959,5,16.5216
12960,5,16.5203
12961,5,16.519
12962,5,16.5177
12963,5,16.5165
12964,5,16.5152
12965,5,16.5139
12966,5,16.5126
12967,5,16.5114
12968,5,16.5101
12969,5,16.5088
12970,5,16.5076
12971,5,16.5063
12972,5,16.505
12973,5,16.5037
12974,5,16.5025
12975,5,16.5012
12976,5,16.4999
12977,5,16.4987
12978,5,16.4974
12979,5,16.4961
12980,5,16.4948
12981,5,16.4936
12982,5,16.4923
12983,5,16.491
12984,5,16.4898
12985,5,16.4885
12986,5,16.4872
12987,5,16.4859
12988,5,16.4847
12989,5,16.4834
12990,5,16.4821
12991,5,16.4809
12992,5,16.4796
12993,5,16.4783
12994,5,16.4771
12995,5,16.4758
12996,5,16.4745
12997,5,16.4733
12998,5,16.472
12999,5,16.4707
13000,5,16.4695
13001,5,16.4682
13002,5,16.4669
13003,5,16.4657
13004,5,16.4644
13005,5,16.4631
13006,5,16.4619
13007,5,16.4606
13008,5,16.4593
13009,5,16.4581
13010,5,16.4568
13011,5,16.4555
13012,5,16.4543
13013,5,16.453
13014,5,16.4517
13015,5,16.4505
13016,5,16.4492
13017,5,16.448
13018,5,16.4467
13019,5,16.4454
13020,5,16.4442
13021,5,16.4429
13022,5,16.4416
13023,5,16.4404
13024,5,16.4391
13025,5,16.4379
13026,5,16.4366
13027,5,16.4353
13028,5,16.4341
13029,5,16.4328
13030,5,16.4315
13031,5,16.4303
13032,5,16.429
13033,5,16.4278
13034,5,16.4265
13035,5,16.4252
13036,5,16.424
13037,5,16.4227
13038,5,16.4215
13039,5,16.4202
13040,5,16.4189
13041,5,16.4177
13042,5,16.4164
13043,5,16.4152
13044,5,16.4139
13045,5,16.4126
13046,5,16.4114
13047,5,16.4101
13048,5,16.4089
13049,5,16.4076
13050,5,16.4064
13051,5,16.4051
13052,5,16.4038
13053,5,16.4026
13054,5,16.4013
13055,5,16.4001
13056,5,16.3988
13057,5,16.3976
13058,5,16.3963
13059,5,16.3951
13060,5,16.3938
13061,5,16.3925
13062,5,16.3913
13063,5,16.39
13064,5,16.3888
13065,5,16.3875
13066,5,16.3863
13067,5,16.385
13068,5,16.3838
13069,5,16.3825
13070,5,16.3813
13071,5,16.38
13072,5,16.3787
13073,5,16.3775
13074,5,16.3762
13075,5,16.375
13076,5,16.3737
13077,5,16.3725
13078,5,16.3712
13079,5,16.37
13080,5,16.3687
13081,5,16.3675
13082,5,16.3662
13083,5,16.365
13084,5,16.3637
13085,5,16.3625
13086,5,16.3612
13087,5,16.36
13088,5,16.3587
13089,5,16.3575
13090,5,16.3562
13091,5,16.355
13092,5,16.3537
13093,5,16.3525
13094,5,16.3512
13095,5,16.35
13096,5,16.3487
13097,5,16.3475
13098,5,16.3462
13099,5,16.345
13100,5,16.3437
13101,5,16.3425
13102,5,16.3412
13103,5,16.34
13104,5,16.3388
13105,5,16.3375
13106,5,16.3363
13107,5,16.335
13108,5,16.3338
13109,5,16.3325
13110,5,16.3313
13111,5,16.33
13112,5,16.3288
13113,5,16.3275
13114,5,16.3263
13115,5,16.325
13116,5,16.3238
13117,5,16.3226
13118,5,16.3213
13119,5,16.3201
13120,5,16.3188
13121,5,16.3176
13122,5,16.3163
13123,5,16.3151
13124,5,16.3139
13125,5,16.3126
13126,5,16.3114
13127,5,16.3101
13128,5,16.3089
13129,5,16.3076
13130,5,16.3064
13131,5,16.3052
13132,5,16.3039
13133,5,16.3027
13134,5,16.3014
13135,5,16.3002
13136,5,16.2989
13137,5,16.2977
13138,5,16.2965
13139,5,16.2952
13140,5,16.294
13141,5,16.2927
13142,5,16.2915
13143,5,16.2903
13144,5,16.289
13145,5,16.2878
13146,5,16.2866
13147,5,16.2853
13148,5,16.2841
13149,5,16.2828
13150,5,16.2816
13151,5,16.2804
13152,5,16.2791
13153,5,16.2779
13154,5,16.2766
13155,5,16.2754
13156,5,16.2742
13157,5,16.2729
13158,5,16.2717
13159,5,16.2705
13160,5,16.2692
13161,5,16.268
13162,5,16.2668
13163,5,16.2655
13164,5,16.2643
13165,5,16.263
13166,5,16.2618
13167,5,16.2606
13168,5,16.2593
13169,5,16.2581
13170,5,16.2569
13171,5,16.2556
13172,5,16.2544
13173,5,16.2532
13174,5,16.2519
13175,5,16.2507
13176,5,16.2495
13177,5,16.2482
13178,5,16.247
13179,5,16.2458
13180,5,16.2445
13181,5,16.2433
13182,5,16.2421
13183,5,16.2408
13184,5,16.2396
13185,5,16.2384
13186,5,16.2371
13187,5,16.2359
13188,5,16.2347
13189,5,16.2335
13190,5,16.2322
13191,5,16.231
13192,5,16.2298
13193,5,16.2285
13194,5,16.2273
13195,5,16.2261
13196,5,16.2248
13197,5,16.2236
13198,5,16.2224
13199,5,16.2212
13200,5,16.2199
13201,5,16.2187
13202,5,16.2175
13203,5,16.2162
13204,5,16.215
13205,5,16.2138
13206,5,16.2126
13207,5,16.2113
13208,5,16.2101
13209,5,16.2089
13210,5,16.2076
13211,5,16.2064
13212,5,16.2052
13213,5,16.204
13214,5,16.2027
13215,5,16.2015
13216,5,16.2003
13217,5,16.1991
13218,5,16.1978
13219,5,16.1966
13220,5,16.1954
13221,5,16.1942
13222,5,16.1929
13223,5,16.1917
13224,5,16.1905
13225,5,16.1893
13226,5,16.188
13227,5,16.1868
13228,5,16.1856
13229,5,16.1844
13230,5,16.1831
13231,5,16.1819
13232,5,16.1807
13233,5,16.1795
13234,5,16.1783
13235,5,16.177
13236,5,16.1758
13237,5,16.1746
13238,5,16.1734
13239,5,16.1721
13240,5,16.1709
13241,5,16.1697
13242,5,16.1685
13243,5,16.1673
13244,5,16.166
13245,5,16.1648
13246,5,16.1636
13247,5,16.1624
13248,5,16.1612
13249,5,16.1599
13250,5,16.1587
13251,5,16.1575
13252,5,16.1563
13253,5,16.1551
13254,5,16.1538
13255,5,16.1526
13256,5,16.1514
13257,5,16.1502
13258,5,16.149
13259,5,16.1477
13260,5,16.1465
13261,5,16.1453
13262,5,16.1441
13263,5,16.1429
13264,5,16.1417
13265,5,16.1404
13266,5,16.1392
13267,5,16.138
13268,5,16.1368
13269,5,16.1356
13270,5,16.1344
13271,5,16.1331
13272,5,16.1319
13273,5,16.1307
13274,5,16.1295
13275,5,16.1283
13276,5,16.1271
13277,5,16.1259
13278,5,16.1246
13279,5,16.1234
13280,5,16.1222
13281,5,16.121
13282,5,16.1198
13283,5,16.1186
13284,5,16.1174
13285,5,16.1161
13286,5,16.1149
13287,5,16.1137
13288,5,16.1125
13289,5,16.1113
13290,5,16.1101
13291,5,16.1089
13292,5,16.1077
13293,5,16.1064
13294,5,16.1052
13295,5,16.104
13296,5,16.1028
13297,5,16.1016
13298,5,16.1004
13299,5,16.0992
13300,5,16.098
13301,5,16.0968
13302,5,16.0955
13303,5,16.0943
13304,5,16.0931
13305,5,16.0919
13306,5,16.0907
13307,5,16.0895
13308,5,16.0883
13309,5,16.0871
13310,5,16.0859
13311,5,16.0847
13312,5,16.0835
13313,5,16.0823
13314,5,16.081
13315,5,16.0798
13316,5,16.0786
13317,5,16.0774
13318,5,16.0762
13319,5,16.075
13320,5,16.0738
13321,5,16.0726
13322,5,16.0714
13323,5,16.0702
13324,5,16.069
13325,5,16.0678
13326,5,16.0666
13327,5,16.0654
13328,5,16.0642
13329,5,16.0629
13330,5,16.0617
13331,5,16.0605
13332,5,16.0593
13333,5,16.0581
13334,5,16.0569
13335,5,16.0557
13336,5,16.0545
13337,5,16.0533
13338,5,16.0521
13339,5,16.0509
13340,5,16.0497
13341,5,16.0485
13342,5,16.0473
13343,5,16.0461
13344,5,16.0449
13345,5,16.0437
13346,5,16.0425
13347,5,16.0413
13348,5,16.0401
13349,5,16.0389
13350,5,16.0377
13351,5,16.0365
13352,5,16.0353
13353,5,16.0341
13354,5,16.0329
13355,5,16.0317
13356,5,16.0305
13357,5,16.0293
13358,5,16.0281
13359,5,16.0269
13360,5,16.0257
13361,5,16.0245
13362,5,16.0233
13363,5,16.0221
13364,5,16.0209
13365,5,16.0197
13366,5,16.0185
13367,5,16.0173
13368,5,16.0161
13369,5,16.0149
13370,5,16.0137
13371,5,16.0125
13372,5,16.0113
13373,5,16.0101
13374,5,16.0089
13375,5,16.0077
13376,5,16.0065
13377,5,16.0053
13378,5,16.0041
13379,5,16.0029
13380,5,16.0017
13381,5,16.0005
13382,5,15.9993
13383,5,15.9981
13384,5,15.9969
13385,5,15.9957
13386,5,15.9945
13387,5,15.9934
13388,5,15.9922
13389,5,15.991
13390,5,15.9898
13391,5,15.9886
13392,5,15.9874
13393,5,15.9862
13394,5,15.985
13395,5,15.9838
13396,5,15.9826
13397,5,15.9814
13398,5,15.9802
13399,5,15.979
13400,5,15.9778
13401,5,15.9766
13402,5,15.9755
13403,5,15.9743
13404,5,15.9731
13405,5,15.9719
13406,5,15.9707
13407,5,15.9695
13408,5,15.9683
13409,5,15.9671
13410,5,15.9659
13411,5,15.9647
13412,5,15.9635
13413,5,15.9623
13414,5,15.9612
13415,5,15.96
13416,5,15.9588
13417,5,15.9576
13418,5,15.9564
13419,5,15.9552
13420,5,15.954
13421,5,15.9528
13422,5,15.9516
13423,5,15.9505
13424,5,15.9493
13425,5,15.9481
13426,5,15.9469
13427,5,15.9457
13428,5,15.9445
13429,5,15.9433
13430,5,15.9421
13431,5,15.941
13432,5,15.9398
13433,5,15.9386
13434,5,15.9374
13435,5,15.9362
13436,5,15.935
13437,5,15.9338
13438,5,15.9327
13439,5,15.9315
13440,5,15.9303
13441,5,15.9291
13442,5,15.9279
13443,5,15.9267
13444,5,15.9255
13445,5,15.9244
13446,5,15.9232
13447,5,15.922
13448,5,15.9208
13449,5,15.9196
13450,5,15.9184
13451,5,15.9173
13452,5,15.9161
13453,5,15.9149
13454,5,15.9137
13455,5,15.9125
13456,5,15.9113
13457,5,15.9102
13458,5,15.909
13459,5,15.9078
13460,5,15.9066
13461,5,15.9054
13462,5,15.9042
13463,5,15.9031
13464,5,15.9019
13465,5,15.9007
13466,5,15.8995
13467,5,15.8983
13468,5,15.8972
13469,5,15.896
13470,5,15.8948
13471,5,15.8936
13472,5,15.8924
13473,5,15.8913
13474,5,15.8901
13475,5,15.8889
13476,5,15.8877
13477,5,15.8865
13478,5,15.8854
13479,5,15.8842
13480,5,15.883
13481,5,15.8818
13482,5,15.8807
13483,5,15.8795
13484,5,15.8783
13485,5,15.8771
13486,5,15.8759
13487,5,15.8748
13488,5,15.8736
13489,5,15.8724
13490,5,15.8712
13491,5,15.8701
13492,5,15.8689
13493,5,15.8677
13494,5,15.8665
13495,5,15.8654
13496,5,15.8642
13497,5,15.863
13498,5,15.8618
13499,5,15.8607
13500,5,15.8595
13501,5,15.8583
13502,5,15.8571
13503,5,15.856
13504,5,15.8548
13505,5,15.8536
13506,5,15.8524
13507,5,15.8513
13508,5,15.8501
13509,5,15.8489
13510,5,15.8477
13511,5,15.8466
13512,5,15.8454
13513,5,15.8442
13514,5,15.8431
13515,5,15.8419
13516,5,15.8407
13517,5,15.8395
13518,5,15.8384
13519,5,15.8372
13520,5,15.836
13521,5,15.8348
13522,5,15.8337
13523,5,15.8325
13524,5,15.8313
13525,5,15.8302
13526,5,15.829
13527,5,15.8278
13528,5,15.8267
13529,5,15.8255
13530,5,15.8243
13531,5,15.8231
13532,5,15.822
13533,5,15.8208
13534,5,15.8196
13535,5,15.8185
13536,5,15.8173
13537,5,15.8161
13538,5,15.815
13539,5,15.8138
13540,5,15.8126
13541,5,15.8115
13542,5,15.8103
13543,5,15.8091
13544,5,15.808
13545,5,15.8068
13546,5,15.8056
13547,5,15.8045
13548,5,15.8033
13549,5,15.8021
13550,5,15.801
13551,5,15.7998
13552,5,15.7986
13553,5,15.7975
13554,5,15.7963
13555,5,15.7951
13556,5,15.794
13557,5,15.7928
13558,5,15.7916
13559,5,15.7905
13560,5,15.7893
13561,5,15.7881
13562,5,15.787
13563,5,15.7858
13564,5,15.7847
13565,5,15.7835
13566,5,15.7823
13567,5,15.7812
13568,5,15.78
13569,5,15.7788
13570,5,15.7777
13571,5,15.7765
13572,5,15.7753
13573,5,15.7742
13574,5,15.773
13575,5,15.7719
13576,5,15.7707
13577,5,15.7695
13578,5,15.7684
13579,5,15.7672
13580,5,15.7661
13581,5,15.7649
13582,5,15.7637
13583,5,15.7626
13584,5,15.7614
13585,5,15.7603
13586,5,15.7591
13587,5,15.7579
13588,5,15.7568
13589,5,15.7556
13590,5,15.7545
13591,5,15.7533
13592,5,15.7521
13593,5,15.751
13594,5,15.7498
13595,5,15.7487
13596,5,15.7475
13597,5,15.7463
13598,5,15.7452
13599,5,15.744
13600,5,15.7429
13601,5,15.7417
13602,5,15.7406
13603,5,15.7394
13604,5,15.7382
13605,5,15.7371
13606,5,15.7359
13607,5,15.7348
13608,5,15.7336
13609,5,15.7325
13610,5,15.7313
13611,5,15.7301
13612,5,15.729
13613,5,15.7278
13614,5,15.7267
13615,5,15.7255
13616,5,15.7244
13617,5,15.7232
13618,5,15.7221
13619,5,15.7209
13620,5,15.7198
13621,5,15.7186
13622,5,15.7174
13623,5,15.7163
13624,5,15.7151
13625,5,15.714
13626,5,15.7128
13627,5,15.7117
13628,5,15.7105
13629,5,15.7094
13630,5,15.7082
13631,5,15.7071
13632,5,15.7059
13633,5,15.7048
13634,5,15.7036
13635,5,15.7025
13636,5,15.7013
13637,5,15.7002
13638,5,15.699
13639,5,15.6979
13640,5,15.6967
13641,5,15.6956
13642,5,15.6944
13643,5,15.6932
13644,5,15.6921
13645,5,15.6909
13646,5,15.6898
13647,5,15.6886
13648,5,15.6875
13649,5,15.6864
13650,5,15.6852
13651,5,15.6841
13652,5,15.6829
13653,5,15.6818
13654,5,15.6806
13655,5,15.6795
13656,5,15.6783
13657,5,15.6772
13658,5,15.676
13659,5,15.6749
13660,5,15.6737
13661,5,15.6726
13662,5,15.6714
13663,5,15.6703
13664,5,15.6691
13665,5,15.668
13666,5,15.6668
13667,5,15.6657
13668,5,15.6645
13669,5,15.6634
13670,5,15.6623
13671,5,15.6611
13672,5,15.66
13673,5,15.6588
13674,5,15.6577
13675,5,15.6565
13676,5,15.6554
13677,5,15.6542
13678,5,15.6531
13679,5,15.6519
13680,5,15.6508
13681,5,15.6497
13682,5,15.6485
13683,5,15.6474
13684,5,15.6462
13685,5,15.6451
13686,5,15.6439
13687,5,15.6428
13688,5,15.6417
13689,5,15.6405
13690,5,15.6394
13691,5,15.6382
13692,5,15.6371
13693,5,15.6359
13694,5,15.6348
13695,5,15.6337
13696,5,15.6325
13697,5,15.6314
13698,5,15.6302
13699,5,15.6291
13700,5,15.628
13701,5,15.6268
13702,5,15.6257
13703,5,15.6245
13704,5,15.6234
13705,5,15.6223
13706,5,15.6211
13707,5,15.62
13708,5,15.6188
13709,5,15.6177
13710,5,15.6166
13711,5,15.6154
13712,5,15.6143
13713,5,15.6131
13714,5,15.612
13715,5,15.6109
13716,5,15.6097
13717,5,15.6086
13718,5,15.6075
13719,5,15.6063
13720,5,15.6052
13721,5,15.604
13722,5,15.6029
13723,5,15.6018
13724,5,15.6006
13725,5,15.5995
13726,5,15.5984
13727,5,15.5972
13728,5,15.5961
13729,5,15.5949
13730,5,15.5938
13731,5,15.5927
13732,5,15.5915
13733,5,15.5904
13734,5,15.5893
13735,5,15.5881
13736,5,15.587
13737,5,15.5859
13738,5,15.5847
13739,5,15.5836
13740,5,15.5825
13741,5,15.5813
13742,5,15.5802
13743,5,15.5791
13744,5,15.5779
13745,5,15.5768
13746,5,15.5757
13747,5,15.5745
13748,5,15.5734
13749,5,15.5723
13750,5,15.5711
13751,5,15.57
13752,5,15.5689
13753,5,15.5677
13754,5,15.5666
13755,5,15.5655
13756,5,15.5643
13757,5,15.5632
13758,5,15.5621
13759,5,15.5609
13760,5,15.5598
13761,5,15.5587
13762,5,15.5575
13763,5,15.5564
13764,5,15.5553
13765,5,15.5542
13766,5,15.553
13767,5,15.5519
13768,5,15.5508
13769,5,15.5496
13770,5,15.5485
13771,5,15.5474
13772,5,15.5463
13773,5,15.5451
13774,5,15.544
13775,5,15.5429
13776,5,15.5417
13777,5,15.5406
13778,5,15.5395
13779,5,15.5384
13780,5,15.5372
13781,5,15.5361
13782,5,15.535
13783,5,15.5338
13784,5,15.5327
13785,5,15.5316
13786,5,15.5305
13787,5,15.5293
13788,5,15.5282
13789,5,15.5271
13790,5,15.526
13791,5,15.5248
13792,5,15.5237
13793,5,15.5226
13794,5,15.5215
13795,5,15.5203
13796,5,15.5192
13797,5,15.5181
13798,5,15.517
13799,5,15.5158
13800,5,15.5147
13801,5,15.5136
13802,5,15.5125
13803,5,15.5113
13804,5,15.5102
13805,5,15.5091
13806,5,15.508
13807,5,15.5068
13808,5,15.5057
13809,5,15.5046
13810,5,15.5035
13811,5,15.5024
13812,5,15.5012
13813,5,15.5001
13814,5,15.499
13815,5,15.4979
13816,5,15.4967
13817,5,15.4956
13818,5,15.4945
13819,5,15.4934
13820,5,15.4923
13821,5,15.4911
13822,5,15.49
13823,5,15.4889
13824,5,15.4878
13825,5,15.4867
13826,5,15.4855
13827,5,15.4844
13828,5,15.4833
13829,5,15.4822
13830,5,15.4811
13831,5,15.4799
13832,5,15.4788
13833,5,15.4777
13834,5,15.4766
13835,5,15.4755
13836,5,15.4743
13837,5,15.4732
13838,5,15.4721
13839,5,15.471
13840,5,15.4699
13841,5,15.4688
13842,5,15.4676
13843,5,15.4665
13844,5,15.4654
13845,5,15.4643
13846,5,15.4632
13847,5,15.462
13848,5,15.4609
13849,5,15.4598
13850,5,15.4587
13851,5,15.4576
13852,5,15.4565
13853,5,15.4554
13854,5,15.4542
13855,5,15.4531
13856,5,15.452
13857,5,15.4509
13858,5,15.4498
13859,5,15.4487
13860,5,15.4475
13861,5,15.4464
13862,5,15.4453
13863,5,15.4442
13864,5,15.4431
13865,5,15.442
13866,5,15.4409
13867,5,15.4397
13868,5,15.4386
13869,5,15.4375
13870,5,15.4364
13871,5,15.4353
13872,5,15.4342
13873,5,15.4331
13874,5,15.432
13875,5,15.4308
13876,5,15.4297
13877,5,15.4286
13878,5,15.4275
13879,5,15.4264
13880,5,15.4253
13881,5,15.4242
13882,5,15.4231
13883,5,15.422
13884,5,15.4208
13885,5,15.4197
13886,5,15.4186
13887,5,15.4175
13888,5,15.4164
13889,5,15.4153
13890,5,15.4142
13891,5,15.4131
13892,5,15.412
13893,5,15.4109
13894,5,15.4097
13895,5,15.4086
13896,5,15.4075
13897,5,15.4064
13898,5,15.4053
13899,5,15.4042
13900,5,15.4031
13901,5,15.402
13902,5,15.4009
13903,5,15.3998
13904,5,15.3987
13905,5,15.3976
13906,5,15.3964
13907,5,15.3953
13908,5,15.3942
13909,5,15.3931
13910,5,15.392
13911,5,15.3909
13912,5,15.3898
13913,5,15.3887
13914,5,15.3876
13915,5,15.3865
13916,5,15.3854
13917,5,15.3843
13918,5,15.3832
13919,5,15.3821
13920,5,15.381
13921,5,15.3799
13922,5,15.3788
13923,5,15.3776
13924,5,15.3765
13925,5,15.3754
13926,5,15.3743
13927,5,15.3732
13928,5,15.3721
13929,5,15.371
13930,5,15.3699
13931,5,15.3688
13932,5,15.3677
13933,5,15.3666
13934,5,15.3655
13935,5,15.3644
13936,5,15.3633
13937,5,15.3622
13938,5,15.3611
13939,5,15.36
13940,5,15.3589
13941,5,15.3578
13942,5,15.3567
13943,5,15.3556
13944,5,15.3545
13945,5,15.3534
13946,5,15.3523
13947,5,15.3512
13948,5,15.3501
13949,5,15.349
13950,5,15.3479
13951,5,15.3468
13952,5,15.3457
13953,5,15.3446
13954,5,15.3435
13955,5,15.3424
13956,5,15.3413
13957,5,15.3402
13958,5,15.3391
13959,5,15.338
13960,5,15.3369
13961,5,15.3358
13962,5,15.3347
13963,5,15.3336
13964,5,15.3325
13965,5,15.3314
13966,5,15.3303
13967,5,15.3292
13968,5,15.3281
13969,5,15.327
13970,5,15.3259
13971,5,15.3248
13972,5,15.3237
13973,5,15.3226
13974,5,15.3215
13975,5,15.3204
13976,5,15.3193
13977,5,15.3182
13978,5,15.3171
13979,5,15.316
13980,5,15.3149
13981,5,15.3139
13982,5,15.3128
13983,5,15.3117
13984,5,15.3106
13985,5,15.3095
13986,5,15.3084
13987,5,15.3073
13988,5,15.3062
13989,5,15.3051
13990,5,15.304
13991,5,15.3029
13992,5,15.3018
13993,5,15.3007
13994,5,15.2996
13995,5,15.2985
13996,5,15.2974
13997,5,15.2963
13998,5,15.2953
13999,5,15.2942
14000,5,15.2931
14001,5,15.292
14002,5,15.2909
14003,5,15.2898
14004,5,15.2887
14005,5,15.2876
14006,5,15.2865
14007,5,15.2854
14008,5,15.2843
14009,5,15.2832
14010,5,15.2822
14011,5,15.2811
14012,5,15.28
14013,5,15.2789
14014,5,15.2778
14015,5,15.2767
14016,5,15.2756
14017,5,15.2745
14018,5,15.2734
14019,5,15.2723
14020,5,15.2713
14021,5,15.2702
14022,5,15.2691
14023,5,15.268
14024,5,15.2669
14025,5,15.2658
14026,5,15.2647
14027,5,15.2636
14028,5,15.2625
14029,5,15.2615
14030,5,15.2604
14031,5,15.2593
14032,5,15.2582
14033,5,15.2571
14034,5,15.256
14035,5,15.2549
14036,5,15.2538
14037,5,15.2528
14038,5,15.2517
14039,5,15.2506
14040,5,15.2495
14041,5,15.2484
14042,5,15.2473
14043,5,15.2462
14044,5,15.2452
14045,5,15.2441
14046,5,15.243
14047,5,15.2419
14048,5,15.2408
14049,5,15.2397
14050,5,15.2386
14051,5,15.2376
14052,5,15.2365
14053,5,15.2354
14054,5,15.2343
14055,5,15.2332
14056,5,15.2321
14057,5,15.2311
14058,5,15.23
14059,5,15.2289
14060,5,15.2278
14061,5,15.2267
14062,4,15.2256
14063,4,15.2246
14064,4,15.2235
14065,4,15.2224
14066,4,15.2213
14067,4,15.2202
14068,4,15.2191
14069,4,15.2181
14070,4,15.217
14071,4,15.2159
14072,4,15.2148
14073,4,15.2137
14074,4,15.2127
14075,4,15.2116
14076,4,15.2105
14077,4,15.2094
14078,4,15.2083
14079,4,15.2073
14080,4,15.2062
14081,4,15.2051
14082,4,15.204
14083,4,15.2029
14084,4,15.2019
14085,4,15.2008
14086,4,15.1997
14087,4,15.1986
14088,4,15.1975
14089,4,15.1965
14090,4,15.1954
14091,4,15.1943
14092,4,15.1932
14093,4,15.1922
14094,4,15.1911
14095,4,15.19
14096,4,15.1889
14097,4,15.1878
14098,4,15.1868
14099,4,15.1857
14100,4,15.1846
14101,4,15.1835
14102,4,15.1825
14103,4,15.1814
14104,4,15.1803
14105,4,15.1792
14106,4,15.1782
14107,4,15.1771
14108,4,15.176
14109,4,15.1749
14110,4,15.1738
14111,4,15.1728
14112,4,15.1717
14113,4,15.1706
14114,4,15.1695
14115,4,15.1685
14116,4,15.1674
14117,4,15.1663
14118,4,15.1653
14119,4,15.1642
14120,4,15.1631
14121,4,15.162
14122,4,15.161
14123,4,15.1599
14124,4,15.1588
14125,4,15.1577
14126,4,15.1567
14127,4,15.1556
14128,4,15.1545
14129,4,15.1534
14130,4,15.1524
14131,4,15.1513
14132,4,15.1502
14133,4,15.1492
14134,4,15.1481
14135,4,15.147
14136,4,15.1459
14137,4,15.1449
14138,4,15.1438
14139,4,15.1427
14140,4,15.1417
14141,4,15.1406
14142,4,15.1395
14143,4,15.1384
14144,4,15.1374
14145,4,15.1363
14146,4,15.1352
14147,4,15.1342
14148,4,15.1331
14149,4,15.132
14150,4,15.131
14151,4,15.1299
14152,4,15.1288
14153,4,15.1277
14154,4,15.1267
14155,4,15.1256
14156,4,15.1245
14157,4,15.1235
14158,4,15.1224
14159,4,15.1213
14160,4,15.1203
14161,4,15.1192
14162,4,15.1181
14163,4,15.1171
14164,4,15.116
14165,4,15.1149
14166,4,15.1139
14167,4,15.1128
14168,4,15.1117
14169,4,15.1107
14170,4,15.1096
14171,4,15.1085
14172,4,15.1075
14173,4,15.1064
14174,4,15.1053
14175,4,15.1043
14176,4,15.1032
14177,4,15.1021
14178,4,15.1011
14179,4,15.1
14180,4,15.0989
14181,4,15.0979
14182,4,15.0968
14183,4,15.0957
14184,4,15.0947
14185,4,15.0936
14186,4,15.0926
14187,4,15.0915
14188,4,15.0904
14189,4,15.0894
14190,4,15.0883
14191,4,15.0872
14192,4,15.0862
14193,4,15.0851
14194,4,15.084
14195,4,15.083
14196,4,15.0819
14197,4,15.0809
14198,4,15.0798
14199,4,15.0787
14200,4,15.0777
14201,4,15.0766
14202,4,15.0756
14203,4,15.0745
14204,4,15.0734
14205,4,15.0724
14206,4,15.0713
14207,4,15.0702
14208,4,15.0692
14209,4,15.0681
14210,4,15.0671
14211,4,15.066
14212,4,15.0649
14213,4,15.0639
14214,4,15.0628
14215,4,15.0618
14216,4,15.0607
14217,4,15.0596
14218,4,15.0586
14219,4,15.0575
14220,4,15.0565
14221,4,15.0554
14222,4,15.0544
14223,4,15.0533
14224,4,15.0522
14225,4,15.0512
14226,4,15.0501
14227,4,15.0491
14228,4,15.048
14229,4,15.0469
14230,4,15.0459
14231,4,15.0448
14232,4,15.0438
14233,4,15.0427
14234,4,15.0417
14235,4,15.0406
14236,4,15.0395
14237,4,15.0385
14238,4,15.0374
14239,4,15.0364
14240,4,15.0353
14241,4,15.0343
14242,4,15.0332
14243,4,15.0322
14244,4,15.0311
14245,4,15.03
14246,4,15.029
14247,4,15.0279
14248,4,15.0269
14249,4,15.0258
14250,4,15.0248
14251,4,15.0237
14252,4,15.0227
14253,4,15.0216
14254,4,15.0206
14255,4,15.0195
14256,4,15.0184
14257,4,15.0174
14258,4,15.0163
14259,4,15.0153
14260,4,15.0142
14261,4,15.0132
14262,4,15.0121
14263,4,15.0111
14264,4,15.01
14265,4,15.009
14266,4,15.0079
14267,4,15.0069
14268,4,15.0058
14269,4,15.0048
14270,4,15.0037
14271,4,15.0027
14272,4,15.0016
14273,4,15.0006
14274,4,14.9995
14275,4,14.9985
14276,4,14.9974
14277,4,14.9964
14278,4,14.9953
14279,4,14.9943
14280,4,14.9932
14281,4,14.9922
14282,4,14.9911
14283,4,14.9901
14284,4,14.989
14285,4,14.988
14286,4,14.9869
14287,4,14.9859
14288,4,14.9848
14289,4,14.9838
14290,4,14.9827
14291,4,14.9817
14292,4,14.9806
14293,4,14.9796
14294,4,14.9785
14295,4,14.9775
14296,4,14.9764
14297,4,14.9754
14298,4,14.9743
14299,4,14.9733
14300,4,14.9722
14301,4,14.9712
14302,4,14.9701
14303,4,14.9691
14304,4,14.9681
14305,4,14.967
14306,4,14.966
14307,4,14.9649
14308,4,14.9639
14309,4,14.9628
14310,4,14.9618
14311,4,14.9607
14312,4,14.9597
14313,4,14.9586
14314,4,14.9576
14315,4,14.9565
14316,4,14.9555
14317,4,14.9545
14318,4,14.9534
14319,4,14.9524
14320,4,14.9513
14321,4,14.9503
14322,4,14.9492
14323,4,14.9482
14324,4,14.9472
14325,4,14.9461
14326,4,14.9451
14327,4,14.944
14328,4,14.943
14329,4,14.9419
14330,4,14.9409
14331,4,14.9399
14332,4,14.9388
14333,4,14.9378
14334,4,14.9367
14335,4,14.9357
14336,4,14.9346
14337,4,14.9336
14338,4,14.9326
14339,4,14.9315
14340,4,14.9305
14341,4,14.9294
14342,4,14.9284
14343,4,14.9274
14344,4,14.9263
14345,4,14.9253
14346,4,14.9242
14347,4,14.9232
14348,4,14.9221
14349,4,14.9211
14350,4,14.9201
14351,4,14.919
14352,4,14.918
14353,4,14.917
14354,4,14.9159
14355,4,14.9149
14356,4,14.9138
14357,4,14.9128
14358,4,14.9118
14359,4,14.9107
14360,4,14.9097
14361,4,14.9086
14362,4,14.9076
14363,4,14.9066
14364,4,14.9055
14365,4,14.9045
14366,4,14.9035
14367,4,14.9024
14368,4,14.9014
14369,4,14.9003
14370,4,14.8993
14371,4,14.8983
14372,4,14.8972
14373,4,14.8962
14374,4,14.8952
14375,4,14.8941
14376,4,14.8931
14377,4,14.892
14378,4,14.891
14379,4,14.89
14380,4,14.8889
14381,4,14.8879
14382,4,14.8869
14383,4,14.8858
14384,4,14.8848
14385,4,14.8838
14386,4,14.8827
14387,4,14.8817
14388,4,14.8807
14389,4,14.8796
14390,4,14.8786
14391,4,14.8776
14392,4,14.8765
14393,4,14.8755
14394,4,14.8745
14395,4,14.8734
14396,4,14.8724
14397,4,14.8714
14398,4,14.8703
14399,4,14.8693
14400,4,14.8683
14401,4,14.8672
14402,4,14.8662
14403,4,14.8652
14404,4,14.8641
14405,4,14.8631
14406,4,14.8621
14407,4,14.861
14408,4,14.86
14409,4,14.859
14410,4,14.8579
14411,4,14.8569
14412,4,14.8559
14413,4,14.8549
14414,4,14.8538
14415,4,14.8528
14416,4,14.8518
14417,4,14.8507
14418,4,14.8497
14419,4,14.8487
14420,4,14.8476
14421,4,14.8466
14422,4,14.8456
14423,4,14.8446
14424,4,14.8435
14425,4,14.8425
14426,4,14.8415
14427,4,14.8404
14428,4,14.8394
14429,4,14.8384
14430,4,14.8374
14431,4,14.8363
14432,4,14.8353
14433,4,14.8343
14434,4,14.8332
14435,4,14.8322
14436,4,14.8312
14437,4,14.8302
14438,4,14.8291
14439,4,14.8281
14440,4,14.8271
14441,4,14.8261
14442,4,14.825
14443,4,14.824
14444,4,14.823
14445,4,14.8219
14446,4,14.8209
14447,4,14.8199
14448,4,14.8189
14449,4,14.8178
14450,4,14.8168
14451,4,14.8158
14452,4,14.8148
14453,4,14.8137
14454,4,14.8127
14455,4,14.8117
14456,4,14.8107
14457,4,14.8096
14458,4,14.8086
14459,4,14.8076
14460,4,14.8066
14461,4,14.8055
14462,4,14.8045
14463,4,14.8035
14464,4,14.8025
14465,4,14.8015
14466,4,14.8004
14467,4,14.7994
14468,4,14.7984
14469,4,14.7974
14470,4,14.7963
14471,4,14.7953
14472,4,14.7943
14473,4,14.7933
14474,4,14.7922
14475,4,14.7912
14476,4,14.7902
14477,4,14.7892
14478,4,14.7882
14479,4,14.7871
14480,4,14.7861
14481,4,14.7851
14482,4,14.7841
14483,4,14.7831
14484,4,14.782
14485,4,14.781
14486,4,14.78
14487,4,14.779
14488,4,14.778
14489,4,14.7769
14490,4,14.7759
14491,4,14.7749
14492,4,14.7739
14493,4,14.7729
14494,4,14.7718
14495,4,14.7708
14496,4,14.7698
14497,4,14.7688
14498,4,14.7678
14499,4,14.7667
14500,4,14.7657
14501,4,14.7647
14502,4,14.7637
14503,4,14.7627
14504,4,14.7617
14505,4,14.7606
14506,4,14.7596
14507,4,14.7586
14508,4,14.7576
14509,4,14.7566
14510,4,14.7555
14511,4,14.7545
14512,4,14.7535
14513,4,14.7525
14514,4,14.7515
14515,4,14.7505
14516,4,14.7494
14517,4,14.7484
14518,4,14.7474
14519,4,14.7464
14520,4,14.7454
14521,4,14.7444
14522,4,14.7434
14523,4,14.7423
14524,4,14.7413
14525,4,14.7403
14526,4,14.7393
14527,4,14.7383
14528,4,14.7373
14529,4,14.7363
14530,4,14.7352
14531,4,14.7342
14532,4,14.7332
14533,4,14.7322
14534,4,14.7312
14535,4,14.7302
14536,4,14.7292
14537,4,14.7281
14538,4,14.7271
14539,4,14.7261
14540,4,14.7251
14541,4,14.7241
14542,4,14.7231
14543,4,14.7221
14544,4,14.7211
14545,4,14.72
14546,4,14.719
14547,4,14.718
14548,4,14.717
14549,4,14.716
14550,4,14.715
14551,4,14.714
14552,4,14.713
14553,4,14.7119
14554,4,14.7109
14555,4,14.7099
14556,4,14.7089
14557,4,14.7079
14558,4,14.7069
14559,4,14.7059
14560,4,14.7049
14561,4,14.7039
14562,4,14.7029
14563,4,14.7018
14564,4,14.7008
14565,4,14.6998
14566,4,14.6988
14567,4,14.6978
14568,4,14.6968
14569,4,14.6958
14570,4,14.6948
14571,4,14.6938
14572,4,14.6928
14573,4,14.6918
14574,4,14.6908
14575,4,14.6897
14576,4,14.6887
14577,4,14.6877
14578,4,14.6867
14579,4,14.6857
14580,4,14.6847
14581,4,14.6837
14582,4,14.6827
14583,4,14.6817
14584,4,14.6807
14585,4,14.6797
14586,4,14.6787
14587,4,14.6777
14588,4,14.6767
14589,4,14.6756
14590,4,14.6746
14591,4,14.6736
14592,4,14.6726
14593,4,14.6716
14594,4,14.6706
14595,4,14.6696
14596,4,14.6686
14597,4,14.6676
14598,4,14.6666
14599,4,14.6656
14600,4,14.6646
14601,4,14.6636
14602,4,14.6626
14603,4,14.6616
14604,4,14.6606
14605,4,14.6596
14606,4,14.6586
14607,4,14.6576
14608,4,14.6566
14609,4,14.6556
14610,4,14.6546
14611,4,14.6535
14612,4,14.6525
14613,4,14.6515
14614,4,14.6505
14615,4,14.6495
14616,4,14.6485
14617,4,14.6475
14618,4,14.6465
14619,4,14.6455
14620,4,14.6445
14621,4,14.6435
14622,4,14.6425
14623,4,14.6415
14624,4,14.6405
14625,4,14.6395
14626,4,14.6385
14627,4,14.6375
14628,4,14.6365
14629,4,14.6355
14630,4,14.6345
14631,4,14.6335
14632,4,14.6325
14633,4,14.6315
14634,4,14.6305
14635,4,14.6295
14636,4,14.6285
14637,4,14.6275
14638,4,14.6265
14639,4,14.6255
14640,4,14.6245
14641,4,14.6235
14642,4,14.6225
14643,4,14.6215
14644,4,14.6205
14645,4,14.6195
14646,4,14.6185
14647,4,14.6175
14648,4,14.6165
14649,4,14.6155
14650,4,14.6145
14651,4,14.6135
14652,4,14.6125
14653,4,14.6115
14654,4,14.6106
14655,4,14.6096
14656,4,14.6086
14657,4,14.6076
14658,4,14.6066
14659,4,14.6056
14660,4,14.6046
14661,4,14.6036
14662,4,14.6026
14663,4,14.6016
14664,4,14.6006
14665,4,14.5996
14666,4,14.5986
14667,4,14.5976
14668,4,14.5966
14669,4,14.5956
14670,4,14.5946
14671,4,14.5936
14672,4,14.5926
14673,4,14.5916
14674,4,14.5906
14675,4,14.5896
14676,4,14.5886
14677,4,14.5877
14678,4,14.5867
14679,4,14.5857
14680,4,14.5847
14681,4,14.5837
14682,4,14.5827
14683,4,14.5817
14684,4,14.5807
14685,4,14.5797
14686,4,14.5787
14687,4,14.5777
14688,4,14.5767
14689,4,14.5757
14690,4,14.5747
14691,4,14.5738
14692,4,14.5728
14693,4,14.5718
14694,4,14.5708
14695,4,14.5698
14696,4,14.5688
14697,4,14.5678
14698,4,14.5668
14699,4,14.5658
14700,4,14.5648
14701,4,14.5638
14702,4,14.5628
14703,4,14.5619
14704,4,14.5609
14705,4,14.5599
14706,4,14.5589
14707,4,14.5579
14708,4,14.5569
14709,4,14.5559
14710,4,14.5549
14711,4,14.5539
14712,4,14.5529
14713,4,14.552
14714,4,14.551
14715,4,14.55
14716,4,14.549
14717,4,14.548
14718,4,14.547
14719,4,14.546
14720,4,14.545
14721,4,14.5441
14722,4,14.5431
14723,4,14.5421
14724,4,14.5411
14725,4,14.5401
14726,4,14.5391
14727,4,14.5381
14728,4,14.5371
14729,4,14.5362
14730,4,14.5352
14731,4,14.5342
14732,4,14.5332
14733,4,14.5322
14734,4,14.5312
14735,4,14.5302
14736,4,14.5292
14737,4,14.5283
14738,4,14.5273
14739,4,14.5263
14740,4,14.5253
14741,4,14.5243
14742,4,14.5233
14743,4,14.5223
14744,4,14.5214
14745,4,14.5204
14746,4,14.5194
14747,4,14.5184
14748,4,14.5174
14749,4,14.5164
14750,4,14.5155
14751,4,14.5145
14752,4,14.5135
14753,4,14.5125
14754,4,14.5115
14755,4,14.5105
14756,4,14.5096
14757,4,14.5086
14758,4,14.5076
14759,4,14.5066
14760,4,14.5056
14761,4,14.5046
14762,4,14.5037
14763,4,14.5027
14764,4,14.5017
14765,4,14.5007
14766,4,14.4997
14767,4,14.4987
14768,4,14.4978
14769,4,14.4968
14770,4,14.4958
14771,4,14.4948
14772,4,14.4938
14773,4,14.4929
14774,4,14.4919
14775,4,14.4909
14776,4,14.4899
14777,4,14.4889
14778,4,14.488
14779,4,14.487
14780,4,14.486
14781,4,14.485
14782,4,14.484
14783,4,14.4831
14784,4,14.4821
14785,4,14.4811
14786,4,14.4801
14787,4,14.4791
14788,4,14.4782
14789,4,14.4772
14790,4,14.4762
14791,4,14.4752
14792,4,14.4742
14793,4,14.4733
14794,4,14.4723
14795,4,14.4713
14796,4,14.4703
14797,4,14.4694
14798,4,14.4684
14799,4,14.4674
14800,4,14.4664
14801,4,14.4654
14802,4,14.4645
14803,4,14.4635
14804,4,14.4625
14805,4,14.4615
14806,4,14.4606
14807,4,14.4596
14808,4,14.4586
14809,4,14.4576
14810,4,14.4567
14811,4,14.4557
14812,4,14.4547
14813,4,14.4537
14814,4,14.4527
14815,4,14.4518
14816,4,14.4508
14817,4,14.4498
14818,4,14.4488
14819,4,14.4479
14820,4,14.4469
14821,4,14.4459
14822,4,14.4449
14823,4,14.444
14824,4,14.443
14825,4,14.442
14826,4,14.441
14827,4,14.4401
14828,4,14.4391
14829,4,14.4381
14830,4,14.4372
14831,4,14.4362
14832,4,14.4352
14833,4,14.4342
14834,4,14.4333
14835,4,14.4323
14836,4,14.4313
14837,4,14.4303
14838,4,14.4294
14839,4,14.4284
14840,4,14.4274
14841,4,14.4265
14842,4,14.4255
14843,4,14.4245
14844,4,14.4235
14845,4,14.4226
14846,4,14.4216
14847,4,14.4206
14848,4,14.4197
14849,4,14.4187
14850,4,14.4177
14851,4,14.4167
14852,4,14.4158
14853,4,14.4148
14854,4,14.4138
14855,4,14.4129
14856,4,14.4119
14857,4,14.4109
14858,4,14.4099
14859,4,14.409
14860,4,14.408
14861,4,14.407
14862,4,14.4061
14863,4,14.4051
14864,4,14.4041
14865,4,14.4032
14866,4,14.4022
14867,4,14.4012
14868,4,14.4003
14869,4,14.3993
14870,4,14.3983
14871,4,14.3974
14872,4,14.3964
14873,4,14.3954
14874,4,14.3944
14875,4,14.3935
14876,4,14.3925
14877,4,14.3915
14878,4,14.3906
14879,4,14.3896
14880,4,14.3886
14881,4,14.3877
14882,4,14.3867
14883,4,14.3857
14884,4,14.3848
14885,4,14.3838
14886,4,14.3828
14887,4,14.3819
14888,4,14.3809
14889,4,14.3799
14890,4,14.379
14891,4,14.378
14892,4,14.377
14893,4,14.3761
14894,4,14.3751
14895,4,14.3742
14896,4,14.3732
14897,4,14.3722
14898,4,14.3713
14899,4,14.3703
14900,4,14.3693
14901,4,14.3684
14902,4,14.3674
14903,4,14.3664
14904,4,14.3655
14905,4,14.3645
14906,4,14.3635
14907,4,14.3626
14908,4,14.3616
14909,4,14.3607
14910,4,14.3597
14911,4,14.3587
14912,4,14.3578
14913,4,14.3568
14914,4,14.3558
14915,4,14.3549
14916,4,14.3539
14917,4,14.353
14918,4,14.352
14919,4,14.351
14920,4,14.3501
14921,4,14.3491
14922,4,14.3481
14923,4,14.3472
14924,4,14.3462
14925,4,14.3453
14926,4,14.3443
14927,4,14.3433
14928,4,14.3424
14929,4,14.3414
14930,4,14.3405
14931,4,14.3395
14932,4,14.3385
14933,4,14.3376
14934,4,14.3366
14935,4,14.3357
14936,4,14.3347
14937,4,14.3337
14938,4,14.3328
14939,4,14.3318
14940,4,14.3309
14941,4,14.3299
14942,4,14.3289
14943,4,14.328
14944,4,14.327
14945,4,14.3261
14946,4,14.3251
14947,4,14.3241
14948,4,14.3232
14949,4,14.3222
14950,4,14.3213
14951,4,14.3203
14952,4,14.3194
14953,4,14.3184
14954,4,14.3174
14955,4,14.3165
14956,4,14.3155
14957,4,14.3146
14958,4,14.3136
14959,4,14.3127
14960,4,14.3117
14961,4,14.3107
14962,4,14.3098
14963,4,14.3088
14964,4,14.3079
14965,4,14.3069
14966,4,14.306
14967,4,14.305
14968,4,14.304
14969,4,14.3031
14970,4,14.3021
14971,4,14.3012
14972,4,14.3002
14973,4,14.2993
14974,4,14.2983
14975,4,14.2974
14976,4,14.2964
14977,4,14.2955
14978,4,14.2945
14979,4,14.2935
14980,4,14.2926
14981,4,14.2916
14982,4,14.2907
14983,4,14.2897
14984,4,14.2888
14985,4,14.2878
14986,4,14.2869
14987,4,14.2859
14988,4,14.285
14989,4,14.284
14990,4,14.2831
14991,4,14.2821
14992,4,14.2811
14993,4,14.2802
14994,4,14.2792
14995,4,14.2783
14996,4,14.2773
14997,4,14.2764
14998,4,14.2754
14999,4,14.2745
15000,4,14.2735
15001,4,14.2726
15002,4,14.2716
15003,4,14.2707
15004,4,14.2697
15005,4,14.2688
15006,4,14.2678
15007,4,14.2669
15008,4,14.2659
15009,4,14.265
15010,4,14.264
15011,4,14.2631
15012,4,14.2621
15013,4,14.2612
15014,4,14.2602
15015,4,14.2593
15016,4,14.2583
15017,4,14.2574
15018,4,14.2564
15019,4,14.2555
15020,4,14.2545
15021,4,14.2536
15022,4,14.2526
15023,4,14.2517
15024,4,14.2507
15025,4,14.2498
15026,4,14.2488
15027,4,14.2479
15028,4,14.2469
15029,4,14.246
15030,4,14.245
15031,4,14.2441
15032,4,14.2431
15033,4,14.2422
15034,4,14.2413
15035,4,14.2403
15036,4,14.2394
15037,4,14.2384
15038,4,14.2375
15039,4,14.2365
15040,4,14.2356
15041,4,14.2346
15042,4,14.2337
15043,4,14.2327
15044,4,14.2318
15045,4,14.2308
15046,4,14.2299
15047,4,14.2289
15048,4,14.228
15049,4,14.2271
15050,4,14.2261
15051,4,14.2252
15052,4,14.2242
15053,4,14.2233
15054,4,14.2223
15055,4,14.2214
15056,4,14.2204
15057,4,14.2195
15058,4,14.2186
15059,4,14.2176
15060,4,14.2167
15061,4,14.2157
15062,4,14.2148
15063,4,14.2138
15064,4,14.2129
15065,4,14.2119
15066,4,14.211
15067,4,14.2101
15068,4,14.2091
15069,4,14.2082
15070,4,14.2072
15071,4,14.2063
15072,4,14.2053
15073,4,14.2044
15074,4,14.2035
15075,4,14.2025
15076,4,14.2016
15077,4,14.2006
15078,4,14.1997
15079,4,14.1988
15080,4,14.1978
15081,4,14.1969
15082,4,14.1959
15083,4,14.195
15084,4,14.194
15085,4,14.1931
15086,4,14.1922
15087,4,14.1912
15088,4,14.1903
15089,4,14.1893
15090,4,14.1884
15091,4,14.1875
15092,4,14.1865
15093,4,14.1856
15094,4,14.1846
15095,4,14.1837
15096,4,14.1828
15097,4,14.1818
15098,4,14.1809
15099,4,14.1799
15100,4,14.179
15101,4,14.1781
15102,4,14.1771
15103,4,14.1762
15104,4,14.1753
15105,4,14.1743
15106,4,14.1734
15107,4,14.1724
15108,4,14.1715
15109,4,14.1706
15110,4,14.1696
15111,4,14.1687
15112,4,14.1677
15113,4,14.1668
15114,4,14.1659
15115,4,14.1649
15116,4,14.164
15117,4,14.1631
15118,4,14.1621
15119,4,14.1612
15120,4,14.1603
15121,4,14.1593
15122,4,14.1584
15123,4,14.1574
15124,4,14.1565
15125,4,14.1556
15126,4,14.1546
15127,4,14.1537
15128,4,14.1528
15129,4,14.1518
15130,4,14.1509
15131,4,14.15
15132,4,14.149
15133,4,14.1481
15134,4,14.1472
15135,4,14.1462
15136,4,14.1453
15137,4,14.1443
15138,4,14.1434
15139,4,14.1425
15140,4,14.1415
15141,4,14.1406
15142,4,14.1397
15143,4,14.1387
15144,4,14.1378
15145,4,14.1369
15146,4,14.1359
15147,4,14.135
15148,4,14.1341
15149,4,14.1331
15150,4,14.1322
15151,4,14.1313
15152,4,14.1303
15153,4,14.1294
15154,4,14.1285
15155,4,14.1275
15156,4,14.1266
15157,4,14.1257
15158,4,14.1248
15159,4,14.1238
15160,4,14.1229
15161,4,14.122
15162,4,14.121
15163,4,14.1201
15164,4,14.1192
15165,4,14.1182
15166,4,14.1173
15167,4,14.1164
15168,4,14.1154
15169,4,14.1145
15170,4,14.1136
15171,4,14.1126
15172,4,14.1117
15173,4,14.1108
15174,4,14.1099
15175,4,14.1089
15176,4,14.108
15177,4,14.1071
15178,4,14.1061
15179,4,14.1052
15180,4,14.1043
15181,4,14.1034
15182,4,14.1024
15183,4,14.1015
15184,4,14.1006
15185,4,14.0996
15186,4,14.0987
15187,4,14.0978
15188,4,14.0969
15189,4,14.0959
15190,4,14.095
15191,4,14.0941
15192,4,14.0931
15193,4,14.0922
15194,4,14.0913
15195,4,14.0904
15196,4,14.0894
15197,4,14.0885
15198,4,14.0876
15199,4,14.0867
15200,4,14.0857
15201,4,14.0848
15202,4,14.0839
15203,4,14.0829
15204,4,14.082
15205,4,14.0811
15206,4,14.0802
15207,4,14.0792
15208,4,14.0783
15209,4,14.0774
15210,4,14.0765
15211,4,14.0755
15212,4,14.0746
15213,4,14.0737
15214,4,14.0728
15215,4,14.0718
15216,4,14.0709
15217,4,14.07
15218,4,14.0691
15219,4,14.0681
15220,4,14.0672
15221,4,14.0663
15222,4,14.0654
15223,4,14.0644
15224,4,14.0635
15225,4,14.0626
15226,4,14.0617
15227,4,14.0607
15228,4,14.0598
15229,4,14.0589
15230,4,14.058
15231,4,14.0571
15232,4,14.0561
15233,4,14.0552
15234,4,14.0543
15235,4,14.0534
15236,4,14.0524
15237,4,14.0515
15238,4,14.0506
15239,4,14.0497
15240,4,14.0488
15241,4,14.0478
15242,4,14.0469
15243,4,14.046
15244,4,14.0451
15245,4,14.0441
15246,4,14.0432
15247,4,14.0423
15248,4,14.0414
15249,4,14.0405
15250,4,14.0395
15251,4,14.0386
15252,4,14.0377
15253,4,14.0368
15254,4,14.0359
15255,4,14.0349
15256,4,14.034
15257,4,14.0331
15258,4,14.0322
15259,4,14.0313
15260,4,14.0303
15261,4,14.0294
15262,4,14.0285
15263,4,14.0276
15264,4,14.0267
15265,4,14.0257
15266,4,14.0248
15267,4,14.0239
15268,4,14.023
15269,4,14.0221
15270,4,14.0212
15271,4,14.0202
15272,4,14.0193
15273,4,14.0184
15274,4,14.0175
15275,4,14.0166
15276,4,14.0156
15277,4,14.0147
15278,4,14.0138
15279,4,14.0129
15280,4,14.012
15281,4,14.0111
15282,4,14.0101
15283,4,14.0092
15284,4,14.0083
15285,4,14.0074
15286,4,14.0065
15287,4,14.0056
15288,4,14.0046
15289,4,14.0037
15290,4,14.0028
15291,4,14.0019
15292,4,14.001
15293,4,14.0001
15294,4,13.9991
15295,4,13.9982
15296,4,13.9973
15297,4,13.9964
15298,4,13.9955
15299,4,13.9946
15300,4,13.9937
15301,4,13.9927
15302,4,13.9918
15303,4,13.9909
15304,4,13.99
15305,4,13.9891
15306,4,13.9882
15307,4,13.9873
15308,4,13.9863
15309,4,13.9854
15310,4,13.9845
15311,4,13.9836
15312,4,13.9827
15313,4,13.9818
15314,4,13.9809
15315,4,13.98
15316,4,13.979
15317,4,13.9781
15318,4,13.9772
15319,4,13.9763
15320,4,13.9754
15321,4,13.9745
15322,4,13.9736
15323,4,13.9727
15324,4,13.9717
15325,4,13.9708
15326,4,13.9699
15327,4,13.969
15328,4,13.9681
15329,4,13.9672
15330,4,13.9663
15331,4,13.9654
15332,4,13.9645
15333,4,13.9635
15334,4,13.9626
15335,4,13.9617
15336,4,13.9608
15337,4,13.9599
15338,4,13.959
15339,4,13.9581
15340,4,13.9572
15341,4,13.9563
15342,4,13.9554
15343,4,13.9544
15344,4,13.9535
15345,4,13.9526
15346,4,13.9517
15347,4,13.9508
15348,4,13.9499
15349,4,13.949
15350,4,13.9481
15351,4,13.9472
15352,4,13.9463
15353,4,13.9454
15354,4,13.9444
15355,4,13.9435
15356,4,13.9426
15357,4,13.9417
15358,4,13.9408
15359,4,13.9399
15360,4,13.939
15361,4,13.9381
15362,4,13.9372
15363,4,13.9363
15364,4,13.9354
15365,4,13.9345
15366,4,13.9336
15367,4,13.9326
15368,4,13.9317
15369,4,13.9308
15370,4,13.9299
15371,4,13.929
15372,4,13.9281
15373,4,13.9272
15374,4,13.9263
15375,4,13.9254
15376,4,13.9245
15377,4,13.9236
15378,4,13.9227
15379,4,13.9218
15380,4,13.9209
15381,4,13.92
15382,4,13.9191
15383,4,13.9182
15384,4,13.9173
15385,4,13.9163
15386,4,13.9154
15387,4,13.9145
15388,4,13.9136
15389,4,13.9127
15390,4,13.9118
15391,4,13.9109
15392,4,13.91
15393,4,13.9091
15394,4,13.9082
15395,4,13.9073
15396,4,13.9064
15397,4,13.9055
15398,4,13.9046
15399,4,13.9037
15400,4,13.9028
15401,4,13.9019
15402,4,13.901
15403,4,13.9001
15404,4,13.8992
15405,4,13.8983
15406,4,13.8974
15407,4,13.8965
15408,4,13.8956
15409,4,13.8947
15410,4,13.8938
15411,4,13.8929
15412,4,13.892
15413,4,13.8911
15414,4,13.8902
15415,4,13.8893
15416,4,13.8884
15417,4,13.8875
15418,4,13.8866
15419,4,13.8857
15420,4,13.8848
15421,4,13.8839
15422,4,13.883
15423,4,13.8821
15424,4,13.8812
15425,4,13.8803
15426,4,13.8794
15427,4,13.8785
15428,4,13.8776
15429,4,13.8767
15430,4,13.8758
15431,4,13.8749
15432,4,13.874
15433,4,13.8731
15434,4,13.8722
15435,4,13.8713
15436,4,13.8704
15437,4,13.8695
15438,4,13.8686
15439,4,13.8677
15440,4,13.8668
15441,4,13.8659
15442,4,13.865
15443,4,13.8641
15444,4,13.8632
15445,4,13.8623
15446,4,13.8614
15447,4,13.8605
15448,4,13.8596
15449,4,13.8587
15450,4,13.8578
15451,4,13.8569
15452,4,13.856
15453,4,13.8551
15454,4,13.8542
15455,4,13.8533
15456,4,13.8524
15457,4,13.8515
15458,4,13.8506
15459,4,13.8497
15460,4,13.8488
15461,4,13.8479
15462,4,13.847
15463,4,13.8461
15464,4,13.8453
15465,4,13.8444
15466,4,13.8435
15467,4,13.8426
15468,4,13.8417
15469,4,13.8408
15470,4,13.8399
15471,4,13.839
15472,4,13.8381
15473,4,13.8372
15474,4,13.8363
15475,4,13.8354
15476,4,13.8345
15477,4,13.8336
15478,4,13.8327
15479,4,13.8318
15480,4,13.8309
15481,4,13.83
15482,4,13.8292
15483,4,13.8283
15484,4,13.8274
15485,4,13.8265
15486,4,13.8256
15487,4,13.8247
15488,4,13.8238
15489,4,13.8229
15490,4,13.822
15491,4,13.8211
15492,4,13.8202
15493,4,13.8193
15494,4,13.8184
15495,4,13.8176
15496,4,13.8167
15497,4,13.8158
15498,4,13.8149
15499,4,13.814
15500,4,13.8131
15501,4,13.8122
15502,4,13.8113
15503,4,13.8104
15504,4,13.8095
15505,4,13.8086
15506,4,13.8078
15507,4,13.8069
15508,4,13.806
15509,4,13.8051
15510,4,13.8042
15511,4,13.8033
15512,4,13.8024
15513,4,13.8015
15514,4,13.8006
15515,4,13.7997
15516,4,13.7989
15517,4,13.798
15518,4,13.7971
15519,4,13.7962
15520,4,13.7953
15521,4,13.7944
15522,4,13.7935
15523,4,13.7926
15524,4,13.7917
15525,4,13.7909
15526,4,13.79
15527,4,13.7891
15528,4,13.7882
15529,4,13.7873
15530,4,13.7864
15531,4,13.7855
15532,4,13.7846
15533,4,13.7838
15534,4,13.7829
15535,4,13.782
15536,4,13.7811
15537,4,13.7802
15538,4,13.7793
15539,4,13.7784
15540,4,13.7775
15541,4,13.7767
15542,4,13.7758
15543,4,13.7749
15544,4,13.774
15545,4,13.7731
15546,4,13.7722
15547,4,13.7713
15548,4,13.7705
15549,4,13.7696
15550,4,13.7687
15551,4,13.7678
15552,4,13.7669
15553,4,13.766
15554,4,13.7651
15555,4,13.7643
15556,4,13.7634
15557,4,13.7625
15558,4,13.7616
15559,4,13.7607
15560,4,13.7598
15561,4,13.7589
15562,4,13.7581
15563,4,13.7572
15564,4,13.7563
15565,4,13.7554
15566,4,13.7545
15567,4,13.7536
15568,4,13.7528
15569,4,13.7519
15570,4,13.751
15571,4,13.7501
15572,4,13.7492
15573,4,13.7483
15574,4,13.7475
15575,4,13.7466
15576,4,13.7457
15577,4,13.7448
15578,4,13.7439
15579,4,13.7431
15580,4,13.7422
15581,4,13.7413
15582,4,13.7404
15583,4,13.7395
15584,4,13.7386
15585,4,13.7378
15586,4,13.7369
15587,4,13.736
15588,4,13.7351
15589,4,13.7342
15590,4,13.7334
15591,4,13.7325
15592,4,13.7316
15593,4,13.7307
15594,4,13.7298
15595,4,13.729
15596,4,13.7281
15597,4,13.7272
15598,4,13.7263
15599,4,13.7254
15600,4,13.7246
15601,4,13.7237
15602,4,13.7228
15603,4,13.7219
15604,4,13.721
15605,4,13.7202
15606,4,13.7193
15607,4,13.7184
15608,4,13.7175
15609,4,13.7166
15610,4,13.7158
15611,4,13.7149
15612,4,13.714
15613,4,13.7131
15614,4,13.7122
15615,4,13.7114
15616,4,13.7105
15617,4,13.7096
15618,4,13.7087
15619,4,13.7079
15620,4,13.707
15621,4,13.7061
15622,4,13.7052
15623,4,13.7043
15624,4,13.7035
15625,4,13.7026
15626,4,13.7017
15627,4,13.7008
15628,4,13.7
15629,4,13.6991
15630,4,13.6982
15631,4,13.6973
15632,4,13.6965
15633,4,13.6956
15634,4,13.6947
15635,4,13.6938
15636,4,13.693
15637,4,13.6921
15638,4,13.6912
15639,4,13.6903
15640,4,13.6895
15641,4,13.6886
15642,4,13.6877
15643,4,13.6868
15644,4,13.6859
15645,4,13.6851
15646,4,13.6842
15647,4,13.6833
15648,4,13.6825
15649,4,13.6816
15650,4,13.6807
15651,4,13.6798
15652,4,13.679
15653,4,13.6781
15654,4,13.6772
15655,4,13.6763
15656,4,13.6755
15657,4,13.6746
15658,4,13.6737
15659,4,13.6728
15660,4,13.672
15661,4,13.6711
15662,4,13.6702
15663,4,13.6693
15664,4,13.6685
15665,4,13.6676
15666,4,13.6667
15667,4,13.6659
15668,4,13.665
15669,4,13.6641
15670,4,13.6632
15671,4,13.6624
15672,4,13.6615
15673,4,13.6606
15674,4,13.6598
15675,4,13.6589
15676,4,13.658
15677,4,13.6571
15678,4,13.6563
15679,4,13.6554
15680,4,13.6545
15681,4,13.6537
15682,4,13.6528
15683,4,13.6519
15684,4,13.651
15685,4,13.6502
15686,4,13.6493
15687,4,13.6484
15688,4,13.6476
15689,4,13.6467
15690,4,13.6458
15691,4,13.645
15692,4,13.6441
15693,4,13.6432
15694,4,13.6423
15695,4,13.6415
15696,4,13.6406
15697,4,13.6397
15698,4,13.6389
15699,4,13.638
15700,4,13.6371
15701,4,13.6363
15702,4,13.6354
15703,4,13.6345
15704,4,13.6337
15705,4,13.6328
15706,4,13.6319
15707,4,13.6311
15708,4,13.6302
15709,4,13.6293
15710,4,13.6285
15711,4,13.6276
15712,4,13.6267
15713,4,13.6259
15714,4,13.625
15715,4,13.6241
15716,4,13.6233
15717,4,13.6224
15718,4,13.6215
15719,4,13.6207
15720,4,13.6198
15721,4,13.6189
15722,4,13.6181
15723,4,13.6172
15724,4,13.6163
15725,4,13.6155
15726,4,13.6146
15727,4,13.6137
15728,4,13.6129
15729,4,13.612
15730,4,13.6111
15731,4,13.6103
15732,4,13.6094
15733,4,13.6085
15734,4,13.6077
15735,4,13.6068
15736,4,13.6059
15737,4,13.6051
15738,4,13.6042
15739,4,13.6033
15740,4,13.6025
15741,4,13.6016
15742,4,13.6007
15743,4,13.5999
15744,4,13.599
15745,4,13.5982
15746,4,13.5973
15747,4,13.5964
15748,4,13.5956
15749,4,13.5947
15750,4,13.5938
15751,4,13.593
15752,4,13.5921
15753,4,13.5913
15754,4,13.5904
15755,4,13.5895
15756,4,13.5887
15757,4,13.5878
15758,4,13.5869
15759,4,13.5861
15760,4,13.5852
15761,4,13.5844
15762,4,13.5835
15763,4,13.5826
15764,4,13.5818
15765,4,13.5809
15766,4,13.58
15767,4,13.5792
15768,4,13.5783
15769,4,13.5775
15770,4,13.5766
15771,4,13.5757
15772,4,13.5749
15773,4,13.574
15774,4,13.5732
15775,4,13.5723
15776,4,13.5714
15777,4,13.5706
15778,4,13.5697
15779,4,13.5689
15780,4,13.568
15781,4,13.5671
15782,4,13.5663
15783,4,13.5654
15784,4,13.5646
15785,4,13.5637
15786,4,13.5628
15787,4,13.562
15788,4,13.5611
15789,4,13.5603
15790,4,13.5594
15791,4,13.5585
15792,4,13.5577
15793,4,13.5568
15794,4,13.556
15795,4,13.5551
15796,4,13.5543
15797,4,13.5534
15798,4,13.5525
15799,4,13.5517
15800,4,13.5508
15801,4,13.55
15802,4,13.5491
15803,4,13.5483
15804,4,13.5474
15805,4,13.5465
15806,4,13.5457
15807,4,13.5448
15808,4,13.544
15809,4,13.5431
15810,4,13.5423
15811,4,13.5414
15812,4,13.5405
15813,4,13.5397
15814,4,13.5388
15815,4,13.538
15816,4,13.5371
15817,4,13.5363
15818,4,13.5354
15819,4,13.5345
15820,4,13.5337
15821,4,13.5328
15822,4,13.532
15823,4,13.5311
15824,4,13.5303
15825,4,13.5294
15826,4,13.5286
15827,4,13.5277
15828,4,13.5269
15829,4,13.526
15830,4,13.5251
15831,4,13.5243
15832,4,13.5234
15833,4,13.5226
15834,4,13.5217
15835,4,13.5209
15836,4,13.52
15837,4,13.5192
15838,4,13.5183
15839,4,13.5175
15840,4,13.5166
15841,4,13.5158
15842,4,13.5149
15843,4,13.514
15844,4,13.5132
15845,4,13.5123
15846,4,13.5115
15847,4,13.5106
15848,4,13.5098
15849,4,13.5089
15850,4,13.5081
15851,4,13.5072
15852,4,13.5064
15853,4,13.5055
15854,4,13.5047
15855,4,13.5038
15856,4,13.503
15857,4,13.5021
15858,4,13.5013
15859,4,13.5004
15860,4,13.4996
15861,4,13.4987
15862,4,13.4979
15863,4,13.497
15864,4,13.4962
15865,4,13.4953
15866,4,13.4945
15867,4,13.4936
15868,4,13.4928
15869,4,13.4919
15870,4,13.4911
15871,4,13.4902
15872,4,13.4894
15873,4,13.4885
15874,4,13.4877
15875,4,13.4868
15876,4,13.486
15877,4,13.4851
15878,4,13.4843
15879,4,13.4834
15880,4,13.4826
15881,4,13.4817
15882,4,13.4809
15883,4,13.48
15884,4,13.4792
15885,4,13.4783
15886,4,13.4775
15887,4,13.4766
15888,4,13.4758
15889,4,13.4749
15890,4,13.4741
15891,4,13.4732
15892,4,13.4724
15893,4,13.4715
15894,4,13.4707
15895,4,13.4698
15896,4,13.469
15897,4,13.4681
15898,4,13.4673
15899,4,13.4664
15900,4,13.4656
15901,4,13.4648
15902,4,13.4639
15903,4,13.4631
15904,4,13.4622
15905,4,13.4614
15906,4,13.4605
15907,4,13.4597
15908,4,13.4588
15909,4,13.458
15910,4,13.4571
15911,4,13.4563
15912,4,13.4554
15913,4,13.4546
15914,4,13.4538
15915,4,13.4529
15916,4,13.4521
15917,4,13.4512
15918,4,13.4504
15919,4,13.4495
15920,4,13.4487
15921,4,13.4478
15922,4,13.447
15923,4,13.4461
15924,4,13.4453
15925,4,13.4445
15926,4,13.4436
15927,4,13.4428
15928,4,13.4419
15929,4,13.4411
15930,4,13.4402
15931,4,13.4394
15932,4,13.4386
15933,4,13.4377
15934,4,13.4369
15935,4,13.436
15936,4,13.4352
15937,4,13.4343
15938,4,13.4335
15939,4,13.4326
15940,4,13.4318
15941,4,13.431
15942,4,13.4301
15943,4,13.4293
15944,4,13.4284
15945,4,13.4276
15946,4,13.4268
15947,4,13.4259
15948,4,13.4251
15949,4,13.4242
15950,4,13.4234
15951,4,13.4225
15952,4,13.4217
15953,4,13.4209
15954,4,13.42
15955,4,13.4192
15956,4,13.4183
15957,4,13.4175
15958,4,13.4167
15959,4,13.4158
15960,4,13.415
15961,4,13.4141
15962,4,13.4133
15963,4,13.4125
15964,4,13.4116
15965,4,13.4108
15966,4,13.4099
15967,4,13.4091
15968,4,13.4083
15969,4,13.4074
15970,4,13.4066
15971,4,13.4057
15972,4,13.4049
15973,4,13.4041
15974,4,13.4032
15975,4,13.4024
15976,4,13.4015
15977,4,13.4007
15978,4,13.3999
15979,4,13.399
15980,4,13.3982
15981,4,13.3973
15982,4,13.3965
15983,4,13.3957
15984,4,13.3948
15985,4,13.394
15986,4,13.3932
15987,4,13.3923
15988,4,13.3915
15989,4,13.3906
15990,4,13.3898
15991,4,13.389
15992,4,13.3881
15993,4,13.3873
15994,4,13.3865
15995,4,13.3856
15996,4,13.3848
15997,4,13.3839
15998,4,13.3831
15999,4,13.3823
16000,4,13.3814
16001,4,13.3806
16002,4,13.3798
16003,4,13.3789
16004,4,13.3781
16005,4,13.3773
16006,4,13.3764
16007,4,13.3756
16008,4,13.3748
16009,4,13.3739
16010,4,13.3731
16011,4,13.3722
16012,4,13.3714
16013,4,13.3706
16014,4,13.3697
16015,4,13.3689
16016,4,13.3681
16017,4,13.3672
16018,4,13.3664
16019,4,13.3656
16020,4,13.3647
16021,4,13.3639
16022,4,13.3631
16023,4,13.3622
16024,4,13.3614
16025,4,13.3606
16026,4,13.3597
16027,4,13.3589
16028,4,13.3581
16029,4,13.3572
16030,4,13.3564
16031,4,13.3556
16032,4,13.3547
16033,4,13.3539
16034,4,13.3531
16035,4,13.3522
16036,4,13.3514
16037,4,13.3506
16038,4,13.3497
16039,4,13.3489
16040,4,13.3481
16041,4,13.3472
16042,4,13.3464
16043,4,13.3456
16044,4,13.3447
16045,4,13.3439
16046,4,13.3431
16047,4,13.3422
16048,4,13.3414
16049,4,13.3406
16050,4,13.3398
16051,4,13.3389
16052,4,13.3381
16053,4,13.3373
16054,4,13.3364
16055,4,13.3356
16056,4,13.3348
16057,4,13.3339
16058,4,13.3331
16059,4,13.3323
16060,4,13.3314
16061,4,13.3306
16062,4,13.3298
16063,4,13.329
16064,4,13.3281
16065,4,13.3273
16066,4,13.3265
16067,4,13.3256
16068,4,13.3248
16069,4,13.324
16070,4,13.3231
16071,4,13.3223
16072,4,13.3215
16073,4,13.3207
16074,4,13.3198
16075,4,13.319
16076,4,13.3182
16077,4,13.3173
16078,4,13.3165
16079,4,13.3157
16080,4,13.3149
16081,4,13.314
16082,4,13.3132
16083,4,13.3124
16084,4,13.3116
16085,4,13.3107
16086,4,13.3099
16087,4,13.3091
16088,4,13.3082
16089,4,13.3074
16090,4,13.3066
16091,4,13.3058
16092,4,13.3049
16093,4,13.3041
16094,4,13.3033
16095,4,13.3025
16096,4,13.3016
16097,4,13.3008
16098,4,13.3
16099,4,13.2991
16100,4,13.2983
16101,4,13.2975
16102,4,13.2967
16103,4,13.2958
16104,4,13.295
16105,4,13.2942
16106,4,13.2934
16107,4,13.2925
16108,4,13.2917
16109,4,13.2909
16110,4,13.2901
16111,4,13.2892
16112,4,13.2884
16113,4,13.2876
16114,4,13.2868
16115,4,13.2859
16116,4,13.2851
16117,4,13.2843
16118,4,13.2835
16119,4,13.2826
16120,4,13.2818
16121,4,13.281
16122,4,13.2802
16123,4,13.2794
16124,4,13.2785
16125,4,13.2777
16126,4,13.2769
16127,4,13.2761
16128,4,13.2752
16129,4,13.2744
16130,4,13.2736
16131,4,13.2728
16132,4,13.2719
16133,4,13.2711
16134,4,13.2703
16135,4,13.2695
16136,4,13.2687
16137,4,13.2678
16138,4,13.267
16139,4,13.2662
16140,4,13.2654
16141,4,13.2645
16142,4,13.2637
16143,4,13.2629
16144,4,13.2621
16145,4,13.2613
16146,4,13.2604
16147,4,13.2596
16148,4,13.2588
16149,4,13.258
16150,4,13.2572
16151,4,13.2563
16152,4,13.2555
16153,4,13.2547
16154,4,13.2539
16155,4,13.253
16156,4,13.2522
16157,4,13.2514
16158,4,13.2506
16159,4,13.2498
16160,4,13.2489
16161,4,13.2481
16162,4,13.2473
16163,4,13.2465
16164,4,13.2457
16165,4,13.2448
16166,4,13.244
16167,4,13.2432
16168,4,13.2424
16169,4,13.2416
16170,4,13.2408
16171,4,13.2399
16172,4,13.2391
16173,4,13.2383
16174,4,13.2375
16175,4,13.2367
16176,4,13.2358
16177,4,13.235
16178,4,13.2342
16179,4,13.2334
16180,4,13.2326
16181,4,13.2318
16182,4,13.2309
16183,4,13.2301
16184,4,13.2293
16185,4,13.2285
16186,4,13.2277
16187,4,13.2268
16188,4,13.226
16189,4,13.2252
16190,4,13.2244
16191,4,13.2236
16192,4,13.2228
16193,4,13.2219
16194,4,13.2211
16195,4,13.2203
16196,4,13.2195
16197,4,13.2187
16198,4,13.2179
16199,4,13.2171
16200,4,13.2162
16201,4,13.2154
16202,4,13.2146
16203,4,13.2138
16204,4,13.213
16205,4,13.2122
16206,4,13.2113
16207,4,13.2105
16208,4,13.2097
16209,4,13.2089
16210,4,13.2081
16211,4,13.2073
16212,4,13.2065
16213,4,13.2056
16214,4,13.2048
16215,4,13.204
16216,4,13.2032
16217,4,13.2024
16218,4,13.2016
16219,4,13.2008
16220,4,13.1999
16221,4,13.1991
16222,4,13.1983
16223,4,13.1975
16224,4,13.1967
16225,4,13.1959
16226,4,13.1951
16227,4,13.1942
16228,4,13.1934
16229,4,13.1926
16230,4,13.1918
16231,4,13.191
16232,4,13.1902
16233,4,13.1894
16234,4,13.1886
16235,4,13.1877
16236,4,13.1869
16237,4,13.1861
16238,4,13.1853
16239,4,13.1845
16240,4,13.1837
16241,4,13.1829
16242,4,13.1821
16243,4,13.1812
16244,4,13.1804
16245,4,13.1796
16246,4,13.1788
16247,4,13.178
16248,4,13.1772
16249,4,13.1764
16250,4,13.1756
16251,4,13.1748
16252,4,13.1739
16253,4,13.1731
16254,4,13.1723
16255,4,13.1715
16256,4,13.1707
16257,4,13.1699
16258,4,13.1691
16259,4,13.1683
16260,4,13.1675
16261,4,13.1667
16262,4,13.1658
16263,4,13.165
16264,4,13.1642
16265,4,13.1634
16266,4,13.1626
16267,4,13.1618
16268,4,13.161
16269,4,13.1602
16270,4,13.1594
16271,4,13.1586
16272,4,13.1578
16273,4,13.1569
16274,4,13.1561
16275,4,13.1553
16276,4,13.1545
16277,4,13.1537
16278,4,13.1529
16279,4,13.1521
16280,4,13.1513
16281,4,13.1505
16282,4,13.1497
16283,4,13.1489
16284,4,13.1481
16285,4,13.1473
16286,4,13.1464
16287,4,13.1456
16288,4,13.1448
16289,4,13.144
16290,4,13.1432
16291,4,13.1424
16292,4,13.1416
16293,4,13.1408
16294,4,13.14
16295,4,13.1392
16296,4,13.1384
16297,4,13.1376
16298,4,13.1368
16299,4,13.136
16300,4,13.1352
16301,4,13.1343
16302,4,13.1335
16303,4,13.1327
16304,4,13.1319
16305,4,13.1311
16306,4,13.1303
16307,4,13.1295
16308,4,13.1287
16309,4,13.1279
16310,4,13.1271
16311,4,13.1263
16312,4,13.1255
16313,4,13.1247
16314,4,13.1239
16315,4,13.1231
16316,4,13.1223
16317,4,13.1215
16318,4,13.1207
16319,4,13.1199
16320,4,13.1191
16321,4,13.1183
16322,4,13.1174
16323,4,13.1166
16324,4,13.1158
16325,4,13.115
16326,4,13.1142
16327,4,13.1134
16328,4,13.1126
16329,4,13.1118
16330,4,13.111
16331,4,13.1102
16332,4,13.1094
16333,4,13.1086
16334,4,13.1078
16335,4,13.107
16336,4,13.1062
16337,4,13.1054
16338,4,13.1046
16339,4,13.1038
16340,4,13.103
16341,4,13.1022
16342,4,13.1014
16343,4,13.1006
16344,4,13.0998
16345,4,13.099
16346,4,13.0982
16347,4,13.0974
16348,4,13.0966
16349,4,13.0958
16350,4,13.095
16351,4,13.0942
16352,4,13.0934
16353,4,13.0926
16354,4,13.0918
16355,4,13.091
16356,4,13.0902
16357,4,13.0894
16358,4,13.0886
16359,4,13.0878
16360,4,13.087
16361,4,13.0862
16362,4,13.0854
16363,4,13.0846
16364,4,13.0838
16365,4,13.083
16366,4,13.0822
16367,4,13.0814
16368,4,13.0806
16369,4,13.0798
16370,4,13.079
16371,4,13.0782
16372,4,13.0774
16373,4,13.0766
16374,4,13.0758
16375,4,13.075
16376,4,13.0742
16377,4,13.0734
16378,4,13.0726
16379,4,13.0718
16380,4,13.071
16381,4,13.0702
16382,4,13.0694
16383,4,13.0686
16384,4,13.0678
16385,4,13.067
16386,4,13.0662
16387,4,13.0654
16388,4,13.0646
16389,4,13.0638
16390,4,13.063
16391,4,13.0622
16392,4,13.0614
16393,4,13.0606
16394,4,13.0598
16395,4,13.059
16396,4,13.0582
16397,4,13.0574
16398,4,13.0567
16399,4,13.0559
16400,4,13.0551
16401,4,13.0543
16402,4,13.0535
16403,4,13.0527
16404,4,13.0519
16405,4,13.0511
16406,4,13.0503
16407,4,13.0495
16408,4,13.0487
16409,4,13.0479
16410,4,13.0471
16411,4,13.0463
16412,4,13.0455
16413,4,13.0447
16414,4,13.0439
16415,4,13.0431
16416,4,13.0423
16417,4,13.0415
16418,4,13.0407
16419,4,13.04
16420,4,13.0392
16421,4,13.0384
16422,4,13.0376
16423,4,13.0368
16424,4,13.036
16425,4,13.0352
16426,4,13.0344
16427,4,13.0336
16428,4,13.0328
16429,4,13.032
16430,4,13.0312
16431,4,13.0304
16432,4,13.0296
16433,4,13.0288
16434,4,13.0281
16435,4,13.0273
16436,4,13.0265
16437,4,13.0257
16438,4,13.0249
16439,4,13.0241
16440,4,13.0233
16441,4,13.0225
16442,4,13.0217
16443,4,13.0209
16444,4,13.0201
16445,4,13.0193
16446,4,13.0185
16447,4,13.0178
16448,4,13.017
16449,4,13.0162
16450,4,13.0154
16451,4,13.0146
16452,4,13.0138
16453,4,13.013
16454,4,13.0122
16455,4,13.0114
16456,4,13.0106
16457,4,13.0098
16458,4,13.0091
16459,4,13.0083
16460,4,13.0075
16461,4,13.0067
16462,4,13.0059
16463,4,13.0051
16464,4,13.0043
16465,4,13.0035
16466,4,13.0027
16467,4,13.0019
16468,4,13.0012
16469,4,13.0004
16470,4,12.9996
16471,4,12.9988
16472,4,12.998
16473,4,12.9972
16474,4,12.9964
16475,4,12.9956
16476,4,12.9948
16477,4,12.9941
16478,4,12.9933
16479,4,12.9925
16480,4,12.9917
16481,4,12.9909
16482,4,12.9901
16483,4,12.9893
16484,4,12.9885
16485,4,12.9877
16486,4,12.987
16487,4,12.9862
16488,4,12.9854
16489,4,12.9846
16490,4,12.9838
16491,4,12.983
16492,4,12.9822
16493,4,12.9814
16494,4,12.9807
16495,4,12.9799
16496,4,12.9791
16497,4,12.9783
16498,4,12.9775
16499,4,12.9767
16500,4,12.9759
16501,4,12.9752
16502,4,12.9744
16503,4,12.9736
16504,4,12.9728
16505,4,12.972
16506,4,12.9712
16507,4,12.9704
16508,4,12.9697
16509,4,12.9689
16510,4,12.9681
16511,4,12.9673
16512,4,12.9665
16513,4,12.9657
16514,4,12.9649
16515,4,12.9642
16516,4,12.9634
16517,4,12.9626
16518,4,12.9618
16519,4,12.961
16520,4,12.9602
16521,4,12.9594
16522,4,12.9587
16523,4,12.9579
16524,4,12.9571
16525,4,12.9563
16526,4,12.9555
16527,4,12.9547
16528,4,12.954
16529,4,12.9532
16530,4,12.9524
16531,4,12.9516
16532,4,12.9508
16533,4,12.95
16534,4,12.9493
16535,4,12.9485
16536,4,12.9477
16537,4,12.9469
16538,4,12.9461
16539,4,12.9453
16540,4,12.9446
16541,4,12.9438
16542,4,12.943
16543,4,12.9422
16544,4,12.9414
16545,4,12.9406
16546,4,12.9399
16547,4,12.9391
16548,4,12.9383
16549,4,12.9375
16550,4,12.9367
16551,4,12.936
16552,4,12.9352
16553,4,12.9344
16554,4,12.9336
16555,4,12.9328
16556,4,12.932
16557,4,12.9313
16558,4,12.9305
16559,4,12.9297
16560,4,12.9289
16561,4,12.9281
16562,4,12.9274
16563,4,12.9266
16564,4,12.9258
16565,4,12.925
16566,4,12.9242
16567,4,12.9235
16568,4,12.9227
16569,4,12.9219
16570,4,12.9211
16571,4,12.9203
16572,4,12.9196
16573,4,12.9188
16574,4,12.918
16575,4,12.9172
16576,4,12.9164
16577,4,12.9157
16578,4,12.9149
16579,4,12.9141
16580,4,12.9133
16581,4,12.9126
16582,4,12.9118
16583,4,12.911
16584,4,12.9102
16585,4,12.9094
16586,4,12.9087
16587,4,12.9079
16588,4,12.9071
16589,4,12.9063
16590,4,12.9055
16591,4,12.9048
16592,4,12.904
16593,4,12.9032
16594,4,12.9024
16595,4,12.9017
16596,4,12.9009
16597,4,12.9001
16598,4,12.8993
16599,4,12.8985
16600,4,12.8978
16601,4,12.897
16602,4,12.8962
16603,4,12.8954
16604,4,12.8947
16605,4,12.8939
16606,4,12.8931
16607,4,12.8923
16608,4,12.8916
16609,4,12.8908
16610,4,12.89
16611,4,12.8892
16612,4,12.8885
16613,4,12.8877
16614,4,12.8869
16615,4,12.8861
16616,4,12.8854
16617,4,12.8846
16618,4,12.8838
16619,4,12.883
16620,4,12.8823
16621,4,12.8815
16622,4,12.8807
16623,4,12.8799
16624,4,12.8792
16625,4,12.8784
16626,4,12.8776
16627,4,12.8768
16628,4,12.8761
16629,4,12.8753
16630,4,12.8745
16631,4,12.8737
16632,4,12.873
16633,4,12.8722
16634,4,12.8714
16635,4,12.8706
16636,4,12.8699
16637,4,12.8691
16638,4,12.8683
16639,4,12.8675
16640,4,12.8668
16641,4,12.866
16642,4,12.8652
16643,4,12.8644
16644,4,12.8637
16645,4,12.8629
16646,4,12.8621
16647,4,12.8614
16648,4,12.8606
16649,4,12.8598
16650,4,12.859
16651,4,12.8583
16652,4,12.8575
16653,4,12.8567
16654,4,12.856
16655,4,12.8552
16656,4,12.8544
16657,4,12.8536
16658,4,12.8529
16659,4,12.8521
16660,4,12.8513
16661,4,12.8505
16662,4,12.8498
16663,4,12.849
16664,4,12.8482
16665,4,12.8475
16666,4,12.8467
16667,4,12.8459
16668,4,12.8452
16669,4,12.8444
16670,4,12.8436
16671,4,12.8428
16672,4,12.8421
16673,4,12.8413
16674,4,12.8405
16675,4,12.8398
16676,4,12.839
16677,4,12.8382
16678,4,12.8375
16679,4,12.8367
16680,4,12.8359
16681,4,12.8351
16682,4,12.8344
16683,4,12.8336
16684,4,12.8328
16685,4,12.8321
16686,4,12.8313
16687,4,12.8305
16688,4,12.8298
16689,4,12.829
16690,4,12.8282
16691,4,12.8275
16692,4,12.8267
16693,4,12.8259
16694,4,12.8251
16695,4,12.8244
16696,4,12.8236
16697,4,12.8228
16698,4,12.8221
16699,4,12.8213
16700,4,12.8205
16701,4,12.8198
16702,4,12.819
16703,4,12.8182
16704,4,12.8175
16705,4,12.8167
16706,4,12.8159
16707,4,12.8152
16708,4,12.8144
16709,4,12.8136
16710,4,12.8129
16711,4,12.8121
16712,4,12.8113
16713,4,12.8106
16714,4,12.8098
16715,4,12.809
16716,4,12.8083
16717,4,12.8075
16718,4,12.8067
16719,4,12.806
16720,4,12.8052
16721,4,12.8044
16722,4,12.8037
16723,4,12.8029
16724,4,12.8021
16725,4,12.8014
16726,4,12.8006
16727,4,12.7998
16728,4,12.7991
16729,4,12.7983
16730,4,12.7975
16731,4,12.7968
16732,4,12.796
16733,4,12.7953
16734,4,12.7945
16735,4,12.7937
16736,4,12.793
16737,4,12.7922
16738,4,12.7914
16739,4,12.7907
16740,4,12.7899
16741,4,12.7891
16742,4,12.7884
16743,4,12.7876
16744,4,12.7868
16745,4,12.7861
16746,4,12.7853
16747,4,12.7846
16748,4,12.7838
16749,4,12.783
16750,4,12.7823
16751,4,12.7815
16752,4,12.7807
16753,4,12.78
16754,4,12.7792
16755,4,12.7785
16756,4,12.7777
16757,4,12.7769
16758,4,12.7762
16759,4,12.7754
16760,4,12.7746
16761,4,12.7739
16762,4,12.7731
16763,4,12.7724
16764,4,12.7716
16765,4,12.7708
16766,4,12.7701
16767,4,12.7693
16768,4,12.7685
16769,4,12.7678
16770,4,12.767
16771,4,12.7663
16772,4,12.7655
16773,4,12.7647
16774,4,12.764
16775,4,12.7632
16776,4,12.7625
16777,4,12.7617
16778,4,12.7609
16779,4,12.7602
16780,4,12.7594
16781,4,12.7587
16782,4,12.7579
16783,4,12.7571
16784,4,12.7564
16785,4,12.7556
16786,4,12.7549
16787,4,12.7541
16788,4,12.7533
16789,4,12.7526
16790,4,12.7518
16791,4,12.7511
16792,4,12.7503
16793,4,12.7495
16794,4,12.7488
16795,4,12.748
16796,4,12.7473
16797,4,12.7465
16798,4,12.7457
16799,4,12.745
16800,4,12.7442
16801,4,12.7435
16802,4,12.7427
16803,4,12.742
16804,4,12.7412
16805,4,12.7404
16806,4,12.7397
16807,4,12.7389
16808,4,12.7382
16809,4,12.7374
16810,4,12.7366
16811,4,12.7359
16812,4,12.7351
16813,4,12.7344
16814,4,12.7336
16815,4,12.7329
16816,4,12.7321
16817,4,12.7313
16818,4,12.7306
16819,4,12.7298
16820,4,12.7291
16821,4,12.7283
16822,4,12.7276
16823,4,12.7268
16824,4,12.726
16825,4,12.7253
16826,4,12.7245
16827,4,12.7238
16828,4,12.723
16829,4,12.7223
16830,4,12.7215
16831,4,12.7208
16832,4,12.72
16833,4,12.7192
16834,4,12.7185
16835,4,12.7177
16836,4,12.717
16837,4,12.7162
16838,4,12.7155
16839,4,12.7147
16840,4,12.714
16841,4,12.7132
16842,4,12.7124
16843,4,12.7117
16844,4,12.7109
16845,4,12.7102
16846,4,12.7094
16847,4,12.7087
16848,4,12.7079
16849,4,12.7072
16850,4,12.7064
16851,4,12.7057
16852,4,12.7049
16853,4,12.7041
16854,4,12.7034
16855,4,12.7026
16856,4,12.7019
16857,4,12.7011
16858,4,12.7004
16859,4,12.6996
16860,4,12.6989
16861,4,12.6981
16862,4,12.6974
16863,4,12.6966
16864,4,12.6959
16865,4,12.6951
16866,4,12.6944
16867,4,12.6936
16868,4,12.6929
16869,4,12.6921
16870,4,12.6913
16871,4,12.6906
16872,4,12.6898
16873,4,12.6891
16874,4,12.6883
16875,4,12.6876
16876,4,12.6868
16877,4,12.6861
16878,4,12.6853
16879,4,12.6846
16880,4,12.6838
16881,4,12.6831
16882,4,12.6823
16883,4,12.6816
16884,4,12.6808
16885,4,12.6801
16886,4,12.6793
16887,4,12.6786
16888,4,12.6778
16889,4,12.6771
16890,4,12.6763
16891,4,12.6756
16892,4,12.6748
16893,4,12.6741
16894,4,12.6733
16895,4,12.6726
16896,4,12.6718
16897,4,12.6711
16898,4,12.6703
16899,4,12.6696
16900,4,12.6688
16901,4,12.6681
16902,4,12.6673
16903,4,12.6666
16904,4,12.6658
16905,4,12.6651
16906,4,12.6643
16907,4,12.6636
16908,4,12.6628
16909,4,12.6621
16910,4,12.6613
16911,4,12.6606
16912,4,12.6598
16913,4,12.6591
16914,4,12.6583
16915,4,12.6576
16916,4,12.6568
16917,4,12.6561
16918,4,12.6553
16919,4,12.6546
16920,4,12.6538
16921,4,12.6531
16922,4,12.6523
16923,4,12.6516
16924,4,12.6509
16925,4,12.6501
16926,4,12.6494
16927,4,12.6486
16928,4,12.6479
16929,4,12.6471
16930,4,12.6464
16931,4,12.6456
16932,4,12.6449
16933,4,12.6441
16934,4,12.6434
16935,4,12.6426
16936,4,12.6419
16937,4,12.6411
16938,4,12.6404
16939,4,12.6396
16940,4,12.6389
16941,4,12.6382
16942,4,12.6374
16943,4,12.6367
16944,4,12.6359
16945,4,12.6352
16946,4,12.6344
16947,4,12.6337
16948,4,12.6329
16949,4,12.6322
16950,4,12.6314
16951,4,12.6307
16952,4,12.63
16953,4,12.6292
16954,4,12.6285
16955,4,12.6277
16956,4,12.627
16957,4,12.6262
16958,4,12.6255
16959,4,12.6247
16960,4,12.624
16961,4,12.6233
16962,4,12.6225
16963,4,12.6218
16964,4,12.621
16965,4,12.6203
16966,4,12.6195
16967,4,12.6188
16968,4,12.618
16969,4,12.6173
16970,4,12.6166
16971,4,12.6158
16972,4,12.6151
16973,4,12.6143
16974,4,12.6136
16975,4,12.6128
16976,4,12.6121
16977,4,12.6114
16978,4,12.6106
16979,4,12.6099
16980,4,12.6091
16981,4,12.6084
16982,4,12.6076
16983,4,12.6069
16984,4,12.6062
16985,4,12.6054
16986,4,12.6047
16987,4,12.6039
16988,4,12.6032
16989,4,12.6024
16990,4,12.6017
16991,4,12.601
16992,4,12.6002
16993,4,12.5995
16994,4,12.5987
16995,4,12.598
16996,4,12.5973
16997,4,12.5965
16998,4,12.5958
16999,4,12.595
17000,4,12.5943
17001,4,12.5936
17002,4,12.5928
17003,4,12.5921
17004,4,12.5913
17005,4,12.5906
17006,4,12.5899
17007,4,12.5891
17008,4,12.5884
17009,4,12.5876
17010,4,12.5869
17011,4,12.5862
17012,4,12.5854
17013,4,12.5847
17014,4,12.5839
17015,4,12.5832
17016,4,12.5825
17017,4,12.5817
17018,4,12.581
17019,4,12.5802
17020,4,12.5795
17021,4,12.5788
17022,4,12.578
17023,4,12.5773
17024,4,12.5765
17025,4,12.5758
17026,4,12.5751
17027,4,12.5743
17028,4,12.5736
17029,4,12.5728
17030,4,12.5721
17031,4,12.5714
17032,4,12.5706
17033,4,12.5699
17034,4,12.5692
17035,4,12.5684
17036,4,12.5677
17037,4,12.5669
17038,4,12.5662
17039,4,12.5655
17040,4,12.5647
17041,4,12.564
17042,4,12.5633
17043,4,12.5625
17044,4,12.5618
17045,4,12.561
17046,4,12.5603
17047,4,12.5596
17048,4,12.5588
17049,4,12.5581
17050,4,12.5574
17051,4,12.5566
17052,4,12.5559
17053,4,12.5552
17054,4,12.5544
17055,4,12.5537
17056,4,12.5529
17057,4,12.5522
17058,4,12.5515
17059,4,12.5507
17060,4,12.55
17061,4,12.5493
17062,4,12.5485
17063,4,12.5478
17064,4,12.5471
17065,4,12.5463
17066,4,12.5456
17067,4,12.5449
17068,4,12.5441
17069,4,12.5434
17070,4,12.5426
17071,4,12.5419
17072,4,12.5412
17073,4,12.5404
17074,4,12.5397
17075,4,12.539
17076,4,12.5382
17077,4,12.5375
17078,4,12.5368
17079,4,12.536
17080,4,12.5353
17081,4,12.5346
17082,4,12.5338
17083,4,12.5331
17084,4,12.5324
17085,4,12.5316
17086,4,12.5309
17087,4,12.5302
17088,4,12.5294
17089,4,12.5287
17090,4,12.528
17091,4,12.5272
17092,4,12.5265
17093,4,12.5258
17094,4,12.525
17095,4,12.5243
17096,4,12.5236
17097,4,12.5228
17098,4,12.5221
17099,4,12.5214
17100,4,12.5206
17101,4,12.5199
17102,4,12.5192
17103,4,12.5184
17104,4,12.5177
17105,4,12.517
17106,4,12.5163
17107,4,12.5155
17108,4,12.5148
17109,4,12.5141
17110,4,12.5133
17111,4,12.5126
17112,4,12.5119
17113,4,12.5111
17114,4,12.5104
17115,4,12.5097
17116,4,12.5089
17117,4,12.5082
17118,4,12.5075
17119,4,12.5067
17120,4,12.506
17121,4,12.5053
17122,4,12.5046
17123,4,12.5038
17124,4,12.5031
17125,4,12.5024
17126,4,12.5016
17127,4,12.5009
17128,4,12.5002
17129,4,12.4994
17130,4,12.4987
17131,4,12.498
17132,4,12.4973
17133,4,12.4965
17134,4,12.4958
17135,4,12.4951
17136,4,12.4943
17137,4,12.4936
17138,4,12.4929
17139,4,12.4922
17140,4,12.4914
17141,4,12.4907
17142,4,12.49
17143,4,12.4892
17144,4,12.4885
17145,4,12.4878
17146,4,12.4871
17147,4,12.4863
17148,4,12.4856
17149,4,12.4849
17150,4,12.4841
17151,4,12.4834
17152,4,12.4827
17153,4,12.482
17154,4,12.4812
17155,4,12.4805
17156,4,12.4798
17157,4,12.479
17158,4,12.4783
17159,4,12.4776
17160,4,12.4769
17161,4,12.4761
17162,4,12.4754
17163,4,12.4747
17164,4,12.474
17165,4,12.4732
17166,4,12.4725
17167,4,12.4718
17168,4,12.4711
17169,4,12.4703
17170,4,12.4696
17171,4,12.4689
17172,4,12.4681
17173,4,12.4674
17174,4,12.4667
17175,4,12.466
17176,4,12.4652
17177,4,12.4645
17178,4,12.4638
17179,4,12.4631
17180,4,12.4623
17181,4,12.4616
17182,4,12.4609
17183,4,12.4602
17184,4,12.4594
17185,4,12.4587
17186,4,12.458
17187,4,12.4573
17188,4,12.4565
17189,4,12.4558
17190,4,12.4551
17191,4,12.4544
17192,4,12.4536
17193,4,12.4529
17194,4,12.4522
17195,4,12.4515
17196,4,12.4507
17197,4,12.45
17198,4,12.4493
17199,4,12.4486
17200,4,12.4478
17201,4,12.4471
17202,4,12.4464
17203,4,12.4457
17204,4,12.445
17205,4,12.4442
17206,4,12.4435
17207,4,12.4428
17208,4,12.4421
17209,4,12.4413
17210,4,12.4406
17211,4,12.4399
17212,4,12.4392
17213,4,12.4384
17214,4,12.4377
17215,4,12.437
17216,4,12.4363
17217,4,12.4356
17218,4,12.4348
17219,4,12.4341
17220,4,12.4334
17221,4,12.4327
17222,4,12.4319
17223,4,12.4312
17224,4,12.4305
17225,4,12.4298
17226,4,12.4291
17227,4,12.4283
17228,4,12.4276
17229,4,12.4269
17230,4,12.4262
17231,4,12.4255
17232,4,12.4247
17233,4,12.424
17234,4,12.4233
17235,4,12.4226
17236,4,12.4218
17237,4,12.4211
17238,4,12.4204
17239,4,12.4197
17240,4,12.419
17241,4,12.4182
17242,4,12.4175
17243,4,12.4168
17244,4,12.4161
17245,4,12.4154
17246,4,12.4146
17247,4,12.4139
17248,4,12.4132
17249,4,12.4125
17250,4,12.4118
17251,4,12.411
17252,4,12.4103
17253,4,12.4096
17254,4,12.4089
17255,4,12.4082
17256,4,12.4075
17257,4,12.4067
17258,4,12.406
17259,4,12.4053
17260,4,12.4046
17261,4,12.4039
17262,4,12.4031
17263,4,12.4024
17264,4,12.4017
17265,4,12.401
17266,4,12.4003
17267,4,12.3995
17268,4,12.3988
17269,4,12.3981
17270,4,12.3974
17271,4,12.3967
17272,4,12.396
17273,4,12.3952
17274,4,12.3945
17275,4,12.3938
17276,4,12.3931
17277,4,12.3924
17278,4,12.3917
17279,4,12.3909
17280,4,12.3902
17281,4,12.3895
17282,4,12.3888
17283,4,12.3881
17284,4,12.3874
17285,4,12.3866
17286,4,12.3859
17287,4,12.3852
17288,4,12.3845
17289,4,12.3838
17290,4,12.3831
17291,4,12.3823
17292,4,12.3816
17293,4,12.3809
17294,4,12.3802
17295,4,12.3795
17296,4,12.3788
17297,4,12.378
17298,4,12.3773
17299,4,12.3766
17300,4,12.3759
17301,4,12.3752
17302,4,12.3745
17303,4,12.3738
17304,4,12.373
17305,4,12.3723
17306,4,12.3716
17307,4,12.3709
17308,4,12.3702
17309,4,12.3695
17310,4,12.3687
17311,4,12.368
17312,4,12.3673
17313,4,12.3666
17314,4,12.3659
17315,4,12.3652
17316,4,12.3645
17317,4,12.3637
17318,4,12.363
17319,4,12.3623
17320,4,12.3616
17321,4,12.3609
17322,4,12.3602
17323,4,12.3595
17324,4,12.3588
17325,4,12.358
17326,4,12.3573
17327,4,12.3566
17328,4,12.3559
17329,4,12.3552
17330,4,12.3545
17331,4,12.3538
17332,4,12.353
17333,4,12.3523
17334,4,12.3516
17335,4,12.3509
17336,4,12.3502
17337,4,12.3495
17338,4,12.3488
17339,4,12.3481
17340,4,12.3473
17341,4,12.3466
17342,4,12.3459
17343,4,12.3452
17344,4,12.3445
17345,4,12.3438
17346,4,12.3431
17347,4,12.3424
17348,4,12.3417
17349,4,12.3409
17350,4,12.3402
17351,4,12.3395
17352,4,12.3388
17353,4,12.3381
17354,4,12.3374
17355,4,12.3367
17356,4,12.336
17357,4,12.3353
17358,4,12.3345
17359,4,12.3338
17360,4,12.3331
17361,4,12.3324
17362,4,12.3317
17363,4,12.331
17364,4,12.3303
17365,4,12.3296
17366,4,12.3289
17367,4,12.3282
17368,4,12.3274
17369,4,12.3267
17370,4,12.326
17371,4,12.3253
17372,4,12.3246
17373,4,12.3239
17374,4,12.3232
17375,4,12.3225
17376,4,12.3218
17377,4,12.3211
17378,4,12.3203
17379,4,12.3196
17380,4,12.3189
17381,4,12.3182
17382,4,12.3175
17383,4,12.3168
17384,4,12.3161
17385,4,12.3154
17386,4,12.3147
17387,4,12.314
17388,4,12.3133
17389,4,12.3126
17390,4,12.3118
17391,4,12.3111
17392,4,12.3104
17393,4,12.3097
17394,4,12.309
17395,4,12.3083
17396,4,12.3076
17397,4,12.3069
17398,4,12.3062
17399,4,12.3055
17400,4,12.3048
17401,4,12.3041
17402,4,12.3034
17403,4,12.3026
17404,4,12.3019
17405,4,12.3012
17406,4,12.3005
17407,4,12.2998
17408,4,12.2991
17409,4,12.2984
17410,4,12.2977
17411,4,12.297
17412,4,12.2963
17413,4,12.2956
17414,4,12.2949
17415,4,12.2942
17416,4,12.2935
17417,4,12.2928
17418,4,12.2921
17419,4,12.2913
17420,4,12.2906
17421,4,12.2899
17422,4,12.2892
17423,4,12.2885
17424,4,12.2878
17425,4,12.2871
17426,4,12.2864
17427,4,12.2857
17428,4,12.285
17429,4,12.2843
17430,4,12.2836
17431,4,12.2829
17432,4,12.2822
17433,4,12.2815
17434,4,12.2808
17435,4,12.2801
17436,4,12.2794
17437,4,12.2787
17438,4,12.278
17439,4,12.2773
17440,4,12.2765
17441,4,12.2758
17442,4,12.2751
17443,4,12.2744
17444,4,12.2737
17445,4,12.273
17446,4,12.2723
17447,4,12.2716
17448,4,12.2709
17449,4,12.2702
17450,4,12.2695
17451,4,12.2688
17452,4,12.2681
17453,4,12.2674
17454,4,12.2667
17455,4,12.266
17456,4,12.2653
17457,4,12.2646
17458,4,12.2639
17459,4,12.2632
17460,4,12.2625
17461,4,12.2618
17462,4,12.2611
17463,4,12.2604
17464,4,12.2597
17465,4,12.259
17466,4,12.2583
17467,4,12.2576
17468,4,12.2569
17469,4,12.2562
17470,4,12.2555
17471,4,12.2548
17472,4,12.2541
17473,4,12.2534
17474,4,12.2527
17475,4,12.252
17476,4,12.2513
17477,4,12.2506
17478,4,12.2499
17479,4,12.2492
17480,4,12.2485
17481,4,12.2478
17482,4,12.2471
17483,4,12.2464
17484,4,12.2457
17485,4,12.245
17486,4,12.2443
17487,4,12.2436
17488,4,12.2429
17489,4,12.2422
17490,4,12.2415
17491,4,12.2408
17492,4,12.2401
17493,4,12.2394
17494,4,12.2387
17495,4,12.238
17496,4,12.2373
17497,4,12.2366
17498,4,12.2359
17499,4,12.2352
17500,4,12.2345
17501,4,12.2338
17502,4,12.2331
17503,4,12.2324
17504,4,12.2317
17505,4,12.231
17506,4,12.2303
17507,4,12.2296
17508,4,12.2289
17509,4,12.2282
17510,4,12.2275
17511,4,12.2268
17512,4,12.2261
17513,4,12.2254
17514,4,12.2247
17515,4,12.224
17516,4,12.2233
17517,4,12.2226
17518,4,12.2219
17519,4,12.2212
17520,4,12.2205
17521,4,12.2198
17522,4,12.2191
17523,4,12.2184
17524,4,12.2177
17525,4,12.217
17526,4,12.2163
17527,4,12.2156
17528,4,12.2149
17529,4,12.2142
17530,4,12.2135
17531,4,12.2128
17532,4,12.2121
17533,4,12.2114
17534,4,12.2107
17535,4,12.21
17536,4,12.2093
17537,4,12.2086
17538,4,12.2079
17539,4,12.2073
17540,4,12.2066
17541,4,12.2059
17542,4,12.2052
17543,4,12.2045
17544,4,12.2038
17545,4,12.2031
17546,4,12.2024
17547,4,12.2017
17548,4,12.201
17549,4,12.2003
17550,4,12.1996
17551,4,12.1989
17552,4,12.1982
17553,4,12.1975
17554,4,12.1968
17555,4,12.1961
17556,4,12.1954
17557,4,12.1947
17558,4,12.194
17559,4,12.1933
17560,4,12.1927
17561,4,12.192
17562,4,12.1913
17563,4,12.1906
17564,4,12.1899
17565,4,12.1892
17566,4,12.1885
17567,4,12.1878
17568,4,12.1871
17569,4,12.1864
17570,4,12.1857
17571,4,12.185
17572,4,12.1843
17573,4,12.1836
17574,4,12.1829
17575,4,12.1822
17576,4,12.1816
17577,4,12.1809
17578,4,12.1802
17579,4,12.1795
17580,4,12.1788
17581,4,12.1781
17582,4,12.1774
17583,4,12.1767
17584,4,12.176
17585,4,12.1753
17586,4,12.1746
17587,4,12.1739
17588,4,12.1732
17589,4,12.1726
17590,4,12.1719
17591,4,12.1712
17592,4,12.1705
17593,4,12.1698
17594,4,12.1691
17595,4,12.1684
17596,4,12.1677
17597,4,12.167
17598,4,12.1663
17599,4,12.1656
17600,4,12.1649
17601,4,12.1643
17602,4,12.1636
17603,4,12.1629
17604,4,12.1622
17605,4,12.1615
17606,4,12.1608
17607,4,12.1601
17608,4,12.1594
17609,4,12.1587
17610,4,12.158
17611,4,12.1573
17612,4,12.1567
17613,4,12.156
17614,4,12.1553
17615,4,12.1546
17616,4,12.1539
17617,4,12.1532
17618,4,12.1525
17619,4,12.1518
17620,4,12.1511
17621,4,12.1504
17622,4,12.1498
17623,4,12.1491
17624,4,12.1484
17625,4,12.1477
17626,4,12.147
17627,4,12.1463
17628,4,12.1456
17629,4,12.1449
17630,4,12.1442
17631,4,12.1436
17632,4,12.1429
17633,4,12.1422
17634,4,12.1415
17635,4,12.1408
17636,4,12.1401
17637,4,12.1394
17638,4,12.1387
17639,4,12.138
17640,4,12.1374
17641,4,12.1367
17642,4,12.136
17643,4,12.1353
17644,4,12.1346
17645,4,12.1339
17646,4,12.1332
17647,4,12.1325
17648,4,12.1319
17649,4,12.1312
17650,4,12.1305
17651,4,12.1298
17652,4,12.1291
17653,4,12.1284
17654,4,12.1277
17655,4,12.127
17656,4,12.1264
17657,4,12.1257
17658,4,12.125
17659,4,12.1243
17660,4,12.1236
17661,4,12.1229
17662,4,12.1222
17663,4,12.1216
17664,4,12.1209
17665,4,12.1202
17666,4,12.1195
17667,4,12.1188
17668,4,12.1181
17669,4,12.1174
17670,4,12.1168
17671,4,12.1161
17672,4,12.1154
17673,4,12.1147
17674,4,12.114
17675,4,12.1133
17676,4,12.1126
17677,4,12.112
17678,4,12.1113
17679,4,12.1106
17680,4,12.1099
17681,4,12.1092
17682,4,12.1085
17683,4,12.1078
17684,4,12.1072
17685,4,12.1065
17686,4,12.1058
17687,4,12.1051
17688,4,12.1044
17689,4,12.1037
17690,4,12.1031
17691,4,12.1024
17692,4,12.1017
17693,4,12.101
17694,4,12.1003
17695,4,12.0996
17696,4,12.0989
17697,4,12.0983
17698,4,12.0976
17699,4,12.0969
17700,4,12.0962
17701,4,12.0955
17702,4,12.0948
17703,4,12.0942
17704,4,12.0935
17705,4,12.0928
17706,4,12.0921
17707,4,12.0914
17708,4,12.0907
17709,4,12.0901
17710,4,12.0894
17711,4,12.0887
17712,4,12.088
17713,4,12.0873
17714,4,12.0867
17715,4,12.086
17716,4,12.0853
17717,4,12.0846
17718,4,12.0839
17719,4,12.0832
17720,4,12.0826
17721,4,12.0819
17722,4,12.0812
17723,4,12.0805
17724,4,12.0798
17725,4,12.0792
17726,4,12.0785
17727,4,12.0778
17728,4,12.0771
17729,4,12.0764
17730,4,12.0757
17731,4,12.0751
17732,4,12.0744
17733,4,12.0737
17734,4,12.073
17735,4,12.0723
17736,4,12.0717
17737,4,12.071
17738,4,12.0703
17739,4,12.0696
17740,4,12.0689
17741,4,12.0683
17742,4,12.0676
17743,4,12.0669
17744,4,12.0662
17745,4,12.0655
17746,4,12.0649
17747,4,12.0642
17748,4,12.0635
17749,4,12.0628
17750,4,12.0621
17751,4,12.0615
17752,4,12.0608
17753,3,12.0601
17754,3,12.0594
17755,3,12.0587
17756,3,12.0581
17757,3,12.0574
17758,3,12.0567
17759,3,12.056
17760,3,12.0553
17761,3,12.0547
17762,3,12.054
17763,3,12.0533
17764,3,12.0526
17765,3,12.052
17766,3,12.0513
17767,3,12.0506
17768,3,12.0499
17769,3,12.0492
17770,3,12.0486
17771,3,12.0479
17772,3,12.0472
17773,3,12.0465
17774,3,12.0459
17775,3,12.0452
17776,3,12.0445
17777,3,12.0438
17778,3,12.0431
17779,3,12.0425
17780,3,12.0418
17781,3,12.0411
17782,3,12.0404
17783,3,12.0398
17784,3,12.0391
17785,3,12.0384
17786,3,12.0377
17787,3,12.037
17788,3,12.0364
17789,3,12.0357
17790,3,12.035
17791,3,12.0343
17792,3,12.0337
17793,3,12.033
17794,3,12.0323
17795,3,12.0316
17796,3,12.031
17797,3,12.0303
17798,3,12.0296
17799,3,12.0289
17800,3,12.0283
17801,3,12.0276
17802,3,12.0269
17803,3,12.0262
17804,3,12.0256
17805,3,12.0249
17806,3,12.0242
17807,3,12.0235
17808,3,12.0229
17809,3,12.0222
17810,3,12.0215
17811,3,12.0208
17812,3,12.0202
17813,3,12.0195
17814,3,12.0188
17815,3,12.0181
17816,3,12.0175
17817,3,12.0168
17818,3,12.0161
17819,3,12.0154
17820,3,12.0148
17821,3,12.0141
17822,3,12.0134
17823,3,12.0127
17824,3,12.0121
17825,3,12.0114
17826,3,12.0107
17827,3,12.01
17828,3,12.0094
17829,3,12.0087
17830,3,12.008
17831,3,12.0073
17832,3,12.0067
17833,3,12.006
17834,3,12.0053
17835,3,12.0047
17836,3,12.004
17837,3,12.0033
17838,3,12.0026
17839,3,12.002
17840,3,12.0013
17841,3,12.0006
17842,3,11.9999
17843,3,11.9993
17844,3,11.9986
17845,3,11.9979
17846,3,11.9973
17847,3,11.9966
17848,3,11.9959
17849,3,11.9952
17850,3,11.9946
17851,3,11.9939
17852,3,11.9932
17853,3,11.9926
17854,3,11.9919
17855,3,11.9912
17856,3,11.9905
17857,3,11.9899
17858,3,11.9892
17859,3,11.9885
17860,3,11.9878
17861,3,11.9872
17862,3,11.9865
17863,3,11.9858
17864,3,11.9852
17865,3,11.9845
17866,3,11.9838
17867,3,11.9832
17868,3,11.9825
17869,3,11.9818
17870,3,11.9811
17871,3,11.9805
17872,3,11.9798
17873,3,11.9791
17874,3,11.9785
17875,3,11.9778
17876,3,11.9771
17877,3,11.9765
17878,3,11.9758
17879,3,11.9751
17880,3,11.9744
17881,3,11.9738
17882,3,11.9731
17883,3,11.9724
17884,3,11.9718
17885,3,11.9711
17886,3,11.9704
17887,3,11.9698
17888,3,11.9691
17889,3,11.9684
17890,3,11.9677
17891,3,11.9671
17892,3,11.9664
17893,3,11.9657
17894,3,11.9651
17895,3,11.9644
17896,3,11.9637
17897,3,11.9631
17898,3,11.9624
17899,3,11.9617
17900,3,11.9611
17901,3,11.9604
17902,3,11.9597
17903,3,11.9591
17904,3,11.9584
17905,3,11.9577
17906,3,11.9571
17907,3,11.9564
17908,3,11.9557
17909,3,11.9551
17910,3,11.9544
17911,3,11.9537
17912,3,11.953
17913,3,11.9524
17914,3,11.9517
17915,3,11.951
17916,3,11.9504
17917,3,11.9497
17918,3,11.949
17919,3,11.9484
17920,3,11.9477
17921,3,11.947
17922,3,11.9464
17923,3,11.9457
17924,3,11.945
17925,3,11.9444
17926,3,11.9437
17927,3,11.943
17928,3,11.9424
17929,3,11.9417
17930,3,11.941
17931,3,11.9404
17932,3,11.9397
17933,3,11.9391
17934,3,11.9384
17935,3,11.9377
17936,3,11.9371
17937,3,11.9364
17938,3,11.9357
17939,3,11.9351
17940,3,11.9344
17941,3,11.9337
17942,3,11.9331
17943,3,11.9324
17944,3,11.9317
17945,3,11.9311
17946,3,11.9304
17947,3,11.9297
17948,3,11.9291
17949,3,11.9284
17950,3,11.9277
17951,3,11.9271
17952,3,11.9264
17953,3,11.9258
17954,3,11.9251
17955,3,11.9244
17956,3,11.9238
17957,3,11.9231
17958,3,11.9224
17959,3,11.9218
17960,3,11.9211
17961,3,11.9204
17962,3,11.9198
17963,3,11.9191
17964,3,11.9184
17965,3,11.9178
17966,3,11.9171
17967,3,11.9165
17968,3,11.9158
17969,3,11.9151
17970,3,11.9145
17971,3,11.9138
17972,3,11.9131
17973,3,11.9125
17974,3,11.9118
17975,3,11.9112
17976,3,11.9105
17977,3,11.9098
17978,3,11.9092
17979,3,11.9085
17980,3,11.9078
17981,3,11.9072
17982,3,11.9065
17983,3,11.9059
17984,3,11.9052
17985,3,11.9045
17986,3,11.9039
17987,3,11.9032
17988,3,11.9025
17989,3,11.9019
17990,3,11.9012
17991,3,11.9006
17992,3,11.8999
17993,3,11.8992
17994,3,11.8986
17995,3,11.8979
17996,3,11.8973
17997,3,11.8966
17998,3,11.8959
17999,3,11.8953
18000,3,11.8946
18001,3,11.894
18002,3,11.8933
18003,3,11.8926
18004,3,11.892
18005,3,11.8913
18006,3,11.8906
18007,3,11.89
18008,3,11.8893
18009,3,11.8887
18010,3,11.888
18011,3,11.8873
18012,3,11.8867
18013,3,11.886
18014,3,11.8854
18015,3,11.8847
18016,3,11.884
18017,3,11.8834
18018,3,11.8827
18019,3,11.8821
18020,3,11.8814
18021,3,11.8808
18022,3,11.8801
18023,3,11.8794
18024,3,11.8788
18025,3,11.8781
18026,3,11.8775
18027,3,11.8768
18028,3,11.8761
18029,3,11.8755
18030,3,11.8748
18031,3,11.8742
18032,3,11.8735
18033,3,11.8728
18034,3,11.8722
18035,3,11.8715
18036,3,11.8709
18037,3,11.8702
18038,3,11.8696
18039,3,11.8689
18040,3,11.8682
18041,3,11.8676
18042,3,11.8669
18043,3,11.8663
18044,3,11.8656
18045,3,11.8649
18046,3,11.8643
18047,3,11.8636
18048,3,11.863
18049,3,11.8623
18050,3,11.8617
18051,3,11.861
18052,3,11.8603
18053,3,11.8597
18054,3,11.859
18055,3,11.8584
18056,3,11.8577
18057,3,11.8571
18058,3,11.8564
18059,3,11.8558
18060,3,11.8551
18061,3,11.8544
18062,3,11.8538
18063,3,11.8531
18064,3,11.8525
18065,3,11.8518
18066,3,11.8512
18067,3,11.8505
18068,3,11.8498
18069,3,11.8492
18070,3,11.8485
18071,3,11.8479
18072,3,11.8472
18073,3,11.8466
18074,3,11.8459
18075,3,11.8453
18076,3,11.8446
18077,3,11.8439
18078,3,11.8433
18079,3,11.8426
18080,3,11.842
18081,3,11.8413
18082,3,11.8407
18083,3,11.84
18084,3,11.8394
18085,3,11.8387
18086,3,11.8381
18087,3,11.8374
18088,3,11.8367
18089,3,11.8361
18090,3,11.8354
18091,3,11.8348
18092,3,11.8341
18093,3,11.8335
18094,3,11.8328
18095,3,11.8322
18096,3,11.8315
18097,3,11.8309
18098,3,11.8302
18099,3,11.8295
18100,3,11.8289
18101,3,11.8282
18102,3,11.8276
18103,3,11.8269
18104,3,11.8263
18105,3,11.8256
18106,3,11.825
18107,3,11.8243
18108,3,11.8237
18109,3,11.823
18110,3,11.8224
18111,3,11.8217
18112,3,11.8211
18113,3,11.8204
18114,3,11.8198
18115,3,11.8191
18116,3,11.8184
18117,3,11.8178
18118,3,11.8171
18119,3,11.8165
18120,3,11.8158
18121,3,11.8152
18122,3,11.8145
18123,3,11.8139
18124,3,11.8132
18125,3,11.8126
18126,3,11.8119
18127,3,11.8113
18128,3,11.8106
18129,3,11.81
18130,3,11.8093
18131,3,11.8087
18132,3,11.808
18133,3,11.8074
18134,3,11.8067
18135,3,11.8061
18136,3,11.8054
18137,3,11.8048
18138,3,11.8041
18139,3,11.8035
18140,3,11.8028
18141,3,11.8022
18142,3,11.8015
18143,3,11.8009
18144,3,11.8002
18145,3,11.7996
18146,3,11.7989
18147,3,11.7983
18148,3,11.7976
18149,3,11.797
18150,3,11.7963
18151,3,11.7957
18152,3,11.795
18153,3,11.7944
18154,3,11.7937
18155,3,11.7931
18156,3,11.7924
18157,3,11.7918
18158,3,11.7911
18159,3,11.7905
18160,3,11.7898
18161,3,11.7892
18162,3,11.7885
18163,3,11.7879
18164,3,11.7872
18165,3,11.7866
18166,3,11.7859
18167,3,11.7853
18168,3,11.7846
18169,3,11.784
18170,3,11.7833
18171,3,11.7827
18172,3,11.782
18173,3,11.7814
18174,3,11.7807
18175,3,11.7801
18176,3,11.7794
18177,3,11.7788
18178,3,11.7781
18179,3,11.7775
18180,3,11.7768
18181,3,11.7762
18182,3,11.7755
18183,3,11.7749
18184,3,11.7743
18185,3,11.7736
18186,3,11.773
18187,3,11.7723
18188,3,11.7717
18189,3,11.771
18190,3,11.7704
18191,3,11.7697
18192,3,11.7691
18193,3,11.7684
18194,3,11.7678
18195,3,11.7671
18196,3,11.7665
18197,3,11.7658
18198,3,11.7652
18199,3,11.7645
18200,3,11.7639
18201,3,11.7633
18202,3,11.7626
18203,3,11.762
18204,3,11.7613
18205,3,11.7607
18206,3,11.76
18207,3,11.7594
18208,3,11.7587
18209,3,11.7581
18210,3,11.7574
18211,3,11.7568
18212,3,11.7561
18213,3,11.7555
18214,3,11.7549
18215,3,11.7542
18216,3,11.7536
18217,3,11.7529
18218,3,11.7523
18219,3,11.7516
18220,3,11.751
18221,3,11.7503
18222,3,11.7497
18223,3,11.7491
18224,3,11.7484
18225,3,11.7478
18226,3,11.7471
18227,3,11.7465
18228,3,11.7458
18229,3,11.7452
18230,3,11.7445
18231,3,11.7439
18232,3,11.7433
18233,3,11.7426
18234,3,11.742
18235,3,11.7413
18236,3,11.7407
18237,3,11.74
18238,3,11.7394
18239,3,11.7387
18240,3,11.7381
18241,3,11.7375
18242,3,11.7368
18243,3,11.7362
18244,3,11.7355
18245,3,11.7349
18246,3,11.7342
18247,3,11.7336
18248,3,11.733
18249,3,11.7323
18250,3,11.7317
18251,3,11.731
18252,3,11.7304
18253,3,11.7297
18254,3,11.7291
18255,3,11.7285
18256,3,11.7278
18257,3,11.7272
18258,3,11.7265
18259,3,11.7259
18260,3,11.7252
18261,3,11.7246
18262,3,11.724
18263,3,11.7233
18264,3,11.7227
18265,3,11.722
18266,3,11.7214
18267,3,11.7208
18268,3,11.7201
18269,3,11.7195
18270,3,11.7188
18271,3,11.7182
18272,3,11.7175
18273,3,11.7169
18274,3,11.7163
18275,3,11.7156
18276,3,11.715
18277,3,11.7143
18278,3,11.7137
18279,3,11.7131
18280,3,11.7124
18281,3,11.7118
18282,3,11.7111
18283,3,11.7105
18284,3,11.7099
18285,3,11.7092
18286,3,11.7086
18287,3,11.7079
18288,3,11.7073
18289,3,11.7067
18290,3,11.706
18291,3,11.7054
18292,3,11.7047
18293,3,11.7041
18294,3,11.7035
18295,3,11.7028
18296,3,11.7022
18297,3,11.7015
18298,3,11.7009
18299,3,11.7003
18300,3,11.6996
18301,3,11.699
18302,3,11.6983
18303,3,11.6977
18304,3,11.6971
18305,3,11.6964
18306,3,11.6958
18307,3,11.6951
18308,3,11.6945
18309,3,11.6939
18310,3,11.6932
18311,3,11.6926
18312,3,11.692
18313,3,11.6913
18314,3,11.6907
18315,3,11.69
18316,3,11.6894
18317,3,11.6888
18318,3,11.6881
18319,3,11.6875
18320,3,11.6868
18321,3,11.6862
18322,3,11.6856
18323,3,11.6849
18324,3,11.6843
18325,3,11.6837
18326,3,11.683
18327,3,11.6824
18328,3,11.6817
18329,3,11.6811
18330,3,11.6805
18331,3,11.6798
18332,3,11.6792
18333,3,11.6786
18334,3,11.6779
18335,3,11.6773
18336,3,11.6766
18337,3,11.676
18338,3,11.6754
18339,3,11.6747
18340,3,11.6741
18341,3,11.6735
18342,3,11.6728
18343,3,11.6722
18344,3,11.6716
18345,3,11.6709
18346,3,11.6703
18347,3,11.6696
18348,3,11.669
18349,3,11.6684
18350,3,11.6677
18351,3,11.6671
18352,3,11.6665
18353,3,11.6658
18354,3,11.6652
18355,3,11.6646
18356,3,11.6639
18357,3,11.6633
18358,3,11.6627
18359,3,11.662
18360,3,11.6614
18361,3,11.6607
18362,3,11.6601
18363,3,11.6595
18364,3,11.6588
18365,3,11.6582
18366,3,11.6576
18367,3,11.6569
18368,3,11.6563
18369,3,11.6557
18370,3,11.655
18371,3,11.6544
18372,3,11.6538
18373,3,11.6531
18374,3,11.6525
18375,3,11.6519
18376,3,11.6512
18377,3,11.6506
18378,3,11.65
18379,3,11.6493
18380,3,11.6487
18381,3,11.6481
18382,3,11.6474
18383,3,11.6468
18384,3,11.6462
18385,3,11.6455
18386,3,11.6449
18387,3,11.6443
18388,3,11.6436
18389,3,11.643
18390,3,11.6424
18391,3,11.6417
18392,3,11.6411
18393,3,11.6405
18394,3,11.6398
18395,3,11.6392
18396,3,11.6386
18397,3,11.6379
18398,3,11.6373
18399,3,11.6367
18400,3,11.636
18401,3,11.6354
18402,3,11.6348
18403,3,11.6341
18404,3,11.6335
18405,3,11.6329
18406,3,11.6322
18407,3,11.6316
18408,3,11.631
18409,3,11.6303
18410,3,11.6297
18411,3,11.6291
18412,3,11.6284
18413,3,11.6278
18414,3,11.6272
18415,3,11.6266
18416,3,11.6259
18417,3,11.6253
18418,3,11.6247
18419,3,11.624
18420,3,11.6234
18421,3,11.6228
18422,3,11.6221
18423,3,11.6215
18424,3,11.6209
18425,3,11.6202
18426,3,11.6196
18427,3,11.619
18428,3,11.6184
18429,3,11.6177
18430,3,11.6171
18431,3,11.6165
18432,3,11.6158
18433,3,11.6152
18434,3,11.6146
18435,3,11.6139
18436,3,11.6133
18437,3,11.6127
18438,3,11.6121
18439,3,11.6114
18440,3,11.6108
18441,3,11.6102
18442,3,11.6095
18443,3,11.6089
18444,3,11.6083
18445,3,11.6076
18446,3,11.607
18447,3,11.6064
18448,3,11.6058
18449,3,11.6051
18450,3,11.6045
18451,3,11.6039
18452,3,11.6032
18453,3,11.6026
18454,3,11.602
18455,3,11.6014
18456,3,11.6007
18457,3,11.6001
18458,3,11.5995
18459,3,11.5988
18460,3,11.5982
18461,3,11.5976
18462,3,11.597
18463,3,11.5963
18464,3,11.5957
18465,3,11.5951
18466,3,11.5944
18467,3,11.5938
18468,3,11.5932
18469,3,11.5926
18470,3,11.5919
18471,3,11.5913
18472,3,11.5907
18473,3,11.5901
18474,3,11.5894
18475,3,11.5888
18476,3,11.5882
18477,3,11.5875
18478,3,11.5869
18479,3,11.5863
18480,3,11.5857
18481,3,11.585
18482,3,11.5844
18483,3,11.5838
18484,3,11.5832
18485,3,11.5825
18486,3,11.5819
18487,3,11.5813
18488,3,11.5806
18489,3,11.58
18490,3,11.5794
18491,3,11.5788
18492,3,11.5781
18493,3,11.5775
18494,3,11.5769
18495,3,11.5763
18496,3,11.5756
18497,3,11.575
18498,3,11.5744
18499,3,11.5738
18500,3,11.5731
18501,3,11.5725
18502,3,11.5719
18503,3,11.5713
18504,3,11.5706
18505,3,11.57
18506,3,11.5694
18507,3,11.5688
18508,3,11.5681
18509,3,11.5675
18510,3,11.5669
18511,3,11.5663
18512,3,11.5656
18513,3,11.565
18514,3,11.5644
18515,3,11.5638
18516,3,11.5631
18517,3,11.5625
18518,3,11.5619
18519,3,11.5613
18520,3,11.5606
18521,3,11.56
18522,3,11.5594
18523,3,11.5588
18524,3,11.5581
18525,3,11.5575
18526,3,11.5569
18527,3,11.5563
18528,3,11.5556
18529,3,11.555
18530,3,11.5544
18531,3,11.5538
18532,3,11.5532
18533,3,11.5525
18534,3,11.5519
18535,3,11.5513
18536,3,11.5507
18537,3,11.55
18538,3,11.5494
18539,3,11.5488
18540,3,11.5482
18541,3,11.5475
18542,3,11.5469
18543,3,11.5463
18544,3,11.5457
18545,3,11.5451
18546,3,11.5444
18547,3,11.5438
18548,3,11.5432
18549,3,11.5426
18550,3,11.5419
18551,3,11.5413
18552,3,11.5407
18553,3,11.5401
18554,3,11.5395
18555,3,11.5388
18556,3,11.5382
18557,3,11.5376
18558,3,11.537
18559,3,11.5363
18560,3,11.5357
18561,3,11.5351
18562,3,11.5345
18563,3,11.5339
18564,3,11.5332
18565,3,11.5326
18566,3,11.532
18567,3,11.5314
18568,3,11.5308
18569,3,11.5301
18570,3,11.5295
18571,3,11.5289
18572,3,11.5283
18573,3,11.5276
18574,3,11.527
18575,3,11.5264
18576,3,11.5258
18577,3,11.5252
18578,3,11.5245
18579,3,11.5239
18580,3,11.5233
18581,3,11.5227
18582,3,11.5221
18583,3,11.5214
18584,3,11.5208
18585,3,11.5202
18586,3,11.5196
18587,3,11.519
18588,3,11.5183
18589,3,11.5177
18590,3,11.5171
18591,3,11.5165
18592,3,11.5159
18593,3,11.5152
18594,3,11.5146
18595,3,11.514
18596,3,11.5134
18597,3,11.5128
18598,3,11.5122
18599,3,11.5115
18600,3,11.5109
18601,3,11.5103
18602,3,11.5097
18603,3,11.5091
18604,3,11.5084
18605,3,11.5078
18606,3,11.5072
18607,3,11.5066
18608,3,11.506
18609,3,11.5053
18610,3,11.5047
18611,3,11.5041
18612,3,11.5035
18613,3,11.5029
18614,3,11.5023
18615,3,11.5016
18616,3,11.501
18617,3,11.5004
18618,3,11.4998
18619,3,11.4992
18620,3,11.4985
18621,3,11.4979
18622,3,11.4973
18623,3,11.4967
18624,3,11.4961
18625,3,11.4955
18626,3,11.4948
18627,3,11.4942
18628,3,11.4936
18629,3,11.493
18630,3,11.4924
18631,3,11.4918
18632,3,11.4911
18633,3,11.4905
18634,3,11.4899
18635,3,11.4893
18636,3,11.4887
18637,3,11.4881
18638,3,11.4874
18639,3,11.4868
18640,3,11.4862
18641,3,11.4856
18642,3,11.485
18643,3,11.4844
18644,3,11.4837
18645,3,11.4831
18646,3,11.4825
18647,3,11.4819
18648,3,11.4813
18649,3,11.4807
18650,3,11.4801
18651,3,11.4794
18652,3,11.4788
18653,3,11.4782
18654,3,11.4776
18655,3,11.477
18656,3,11.4764
18657,3,11.4757
18658,3,11.4751
18659,3,11.4745
18660,3,11.4739
18661,3,11.4733
18662,3,11.4727
18663,3,11.4721
18664,3,11.4714
18665,3,11.4708
18666,3,11.4702
18667,3,11.4696
18668,3,11.469
18669,3,11.4684
18670,3,11.4678
18671,3,11.4671
18672,3,11.4665
18673,3,11.4659
18674,3,11.4653
18675,3,11.4647
18676,3,11.4641
18677,3,11.4635
18678,3,11.4628
18679,3,11.4622
18680,3,11.4616
18681,3,11.461
18682,3,11.4604
18683,3,11.4598
18684,3,11.4592
18685,3,11.4585
18686,3,11.4579
18687,3,11.4573
18688,3,11.4567
18689,3,11.4561
18690,3,11.4555
18691,3,11.4549
18692,3,11.4543
18693,3,11.4536
18694,3,11.453
18695,3,11.4524
18696,3,11.4518
18697,3,11.4512
18698,3,11.4506
18699,3,11.45
18700,3,11.4494
18701,3,11.4487
18702,3,11.4481
18703,3,11.4475
18704,3,11.4469
18705,3,11.4463
18706,3,11.4457
18707,3,11.4451
18708,3,11.4445
18709,3,11.4439
18710,3,11.4432
18711,3,11.4426
18712,3,11.442
18713,3,11.4414
18714,3,11.4408
18715,3,11.4402
18716,3,11.4396
18717,3,11.439
18718,3,11.4383
18719,3,11.4377
18720,3,11.4371
18721,3,11.4365
18722,3,11.4359
18723,3,11.4353
18724,3,11.4347
18725,3,11.4341
18726,3,11.4335
18727,3,11.4329
18728,3,11.4322
18729,3,11.4316
18730,3,11.431
18731,3,11.4304
18732,3,11.4298
18733,3,11.4292
18734,3,11.4286
18735,3,11.428
18736,3,11.4274
18737,3,11.4267
18738,3,11.4261
18739,3,11.4255
18740,3,11.4249
18741,3,11.4243
18742,3,11.4237
18743,3,11.4231
18744,3,11.4225
18745,3,11.4219
18746,3,11.4213
18747,3,11.4207
18748,3,11.42
18749,3,11.4194
18750,3,11.4188
18751,3,11.4182
18752,3,11.4176
18753,3,11.417
18754,3,11.4164
18755,3,11.4158
18756,3,11.4152
18757,3,11.4146
18758,3,11.414
18759,3,11.4133
18760,3,11.4127
18761,3,11.4121
18762,3,11.4115
18763,3,11.4109
18764,3,11.4103
18765,3,11.4097
18766,3,11.4091
18767,3,11.4085
18768,3,11.4079
18769,3,11.4073
18770,3,11.4067
18771,3,11.4061
18772,3,11.4054
18773,3,11.4048
18774,3,11.4042
18775,3,11.4036
18776,3,11.403
18777,3,11.4024
18778,3,11.4018
18779,3,11.4012
18780,3,11.4006
18781,3,11.4
18782,3,11.3994
18783,3,11.3988
18784,3,11.3982
18785,3,11.3976
18786,3,11.3969
18787,3,11.3963
18788,3,11.3957
18789,3,11.3951
18790,3,11.3945
18791,3,11.3939
18792,3,11.3933
18793,3,11.3927
18794,3,11.3921
18795,3,11.3915
18796,3,11.3909
18797,3,11.3903
18798,3,11.3897
18799,3,11.3891
18800,3,11.3885
18801,3,11.3879
18802,3,11.3872
18803,3,11.3866
18804,3,11.386
18805,3,11.3854
18806,3,11.3848
18807,3,11.3842
18808,3,11.3836
18809,3,11.383
18810,3,11.3824
18811,3,11.3818
18812,3,11.3812
18813,3,11.3806
18814,3,11.38
18815,3,11.3794
18816,3,11.3788
18817,3,11.3782
18818,3,11.3776
18819,3,11.377
18820,3,11.3764
18821,3,11.3758
18822,3,11.3751
18823,3,11.3745
18824,3,11.3739
18825,3,11.3733
18826,3,11.3727
18827,3,11.3721
18828,3,11.3715
18829,3,11.3709
18830,3,11.3703
18831,3,11.3697
18832,3,11.3691
18833,3,11.3685
18834,3,11.3679
18835,3,11.3673
18836,3,11.3667
18837,3,11.3661
18838,3,11.3655
18839,3,11.3649
18840,3,11.3643
18841,3,11.3637
18842,3,11.3631
18843,3,11.3625
18844,3,11.3619
18845,3,11.3613
18846,3,11.3607
18847,3,11.3601
18848,3,11.3595
18849,3,11.3589
18850,3,11.3582
18851,3,11.3576
18852,3,11.357
18853,3,11.3564
18854,3,11.3558
18855,3,11.3552
18856,3,11.3546
18857,3,11.354
18858,3,11.3534
18859,3,11.3528
18860,3,11.3522
18861,3,11.3516
18862,3,11.351
18863,3,11.3504
18864,3,11.3498
18865,3,11.3492
18866,3,11.3486
18867,3,11.348
18868,3,11.3474
18869,3,11.3468
18870,3,11.3462
18871,3,11.3456
18872,3,11.345
18873,3,11.3444
18874,3,11.3438
18875,3,11.3432
18876,3,11.3426
18877,3,11.342
18878,3,11.3414
18879,3,11.3408
18880,3,11.3402
18881,3,11.3396
18882,3,11.339
18883,3,11.3384
18884,3,11.3378
18885,3,11.3372
18886,3,11.3366
18887,3,11.336
18888,3,11.3354
18889,3,11.3348
18890,3,11.3342
18891,3,11.3336
18892,3,11.333
18893,3,11.3324
18894,3,11.3318
18895,3,11.3312
18896,3,11.3306
18897,3,11.33
18898,3,11.3294
18899,3,11.3288
18900,3,11.3282
18901,3,11.3276
18902,3,11.327
18903,3,11.3264
18904,3,11.3258
18905,3,11.3252
18906,3,11.3246
18907,3,11.324
18908,3,11.3234
18909,3,11.3228
18910,3,11.3222
18911,3,11.3216
18912,3,11.321
18913,3,11.3204
18914,3,11.3198
18915,3,11.3192
18916,3,11.3186
18917,3,11.318
18918,3,11.3174
18919,3,11.3168
18920,3,11.3162
18921,3,11.3156
18922,3,11.315
18923,3,11.3144
18924,3,11.3138
18925,3,11.3132
18926,3,11.3126
18927,3,11.312
18928,3,11.3114
18929,3,11.3108
18930,3,11.3102
18931,3,11.3097
18932,3,11.3091
18933,3,11.3085
18934,3,11.3079
18935,3,11.3073
18936,3,11.3067
18937,3,11.3061
18938,3,11.3055
18939,3,11.3049
18940,3,11.3043
18941,3,11.3037
18942,3,11.3031
18943,3,11.3025
18944,3,11.3019
18945,3,11.3013
18946,3,11.3007
18947,3,11.3001
18948,3,11.2995
18949,3,11.2989
18950,3,11.2983
18951,3,11.2977
18952,3,11.2971
18953,3,11.2965
18954,3,11.2959
18955,3,11.2953
18956,3,11.2947
18957,3,11.2941
18958,3,11.2935
18959,3,11.2929
18960,3,11.2924
18961,3,11.2918
18962,3,11.2912
18963,3,11.2906
18964,3,11.29
18965,3,11.2894
18966,3,11.2888
18967,3,11.2882
18968,3,11.2876
18969,3,11.287
18970,3,11.2864
18971,3,11.2858
18972,3,11.2852
18973,3,11.2846
18974,3,11.284
18975,3,11.2834
18976,3,11.2828
18977,3,11.2822
18978,3,11.2816
18979,3,11.281
18980,3,11.2805
18981,3,11.2799
18982,3,11.2793
18983,3,11.2787
18984,3,11.2781
18985,3,11.2775
18986,3,11.2769
18987,3,11.2763
18988,3,11.2757
18989,3,11.2751
18990,3,11.2745
18991,3,11.2739
18992,3,11.2733
18993,3,11.2727
18994,3,11.2721
18995,3,11.2715
18996,3,11.271
18997,3,11.2704
18998,3,11.2698
18999,3,11.2692
19000,3,11.2686
19001,3,11.268
19002,3,11.2674
19003,3,11.2668
19004,3,11.2662
19005,3,11.2656
19006,3,11.265
19007,3,11.2644
19008,3,11.2638
19009,3,11.2632
19010,3,11.2627
19011,3,11.2621
19012,3,11.2615
19013,3,11.2609
19014,3,11.2603
19015,3,11.2597
19016,3,11.2591
19017,3,11.2585
19018,3,11.2579
19019,3,11.2573
19020,3,11.2567
19021,3,11.2561
19022,3,11.2555
19023,3,11.255
19024,3,11.2544
19025,3,11.2538
19026,3,11.2532
19027,3,11.2526
19028,3,11.252
19029,3,11.2514
19030,3,11.2508
19031,3,11.2502
19032,3,11.2496
19033,3,11.249
19034,3,11.2485
19035,3,11.2479
19036,3,11.2473
19037,3,11.2467
19038,3,11.2461
19039,3,11.2455
19040,3,11.2449
19041,3,11.2443
19042,3,11.2437
19043,3,11.2431
19044,3,11.2425
19045,3,11.242
19046,3,11.2414
19047,3,11.2408
19048,3,11.2402
19049,3,11.2396
19050,3,11.239
19051,3,11.2384
19052,3,11.2378
19053,3,11.2372
19054,3,11.2366
19055,3,11.2361
19056,3,11.2355
19057,3,11.2349
19058,3,11.2343
19059,3,11.2337
19060,3,11.2331
19061,3,11.2325
19062,3,11.2319
19063,3,11.2313
19064,3,11.2307
19065,3,11.2302
19066,3,11.2296
19067,3,11.229
19068,3,11.2284
19069,3,11.2278
19070,3,11.2272
19071,3,11.2266
19072,3,11.226
19073,3,11.2254
19074,3,11.2249
19075,3,11.2243
19076,3,11.2237
19077,3,11.2231
19078,3,11.2225
19079,3,11.2219
19080,3,11.2213
19081,3,11.2207
19082,3,11.2202
19083,3,11.2196
19084,3,11.219
19085,3,11.2184
19086,3,11.2178
19087,3,11.2172
19088,3,11.2166
19089,3,11.216
19090,3,11.2155
19091,3,11.2149
19092,3,11.2143
19093,3,11.2137
19094,3,11.2131
19095,3,11.2125
19096,3,11.2119
19097,3,11.2113
19098,3,11.2108
19099,3,11.2102
19100,3,11.2096
19101,3,11.209
19102,3,11.2084
19103,3,11.2078
19104,3,11.2072
19105,3,11.2066
19106,3,11.2061
19107,3,11.2055
19108,3,11.2049
19109,3,11.2043
19110,3,11.2037
19111,3,11.2031
19112,3,11.2025
19113,3,11.202
19114,3,11.2014
19115,3,11.2008
19116,3,11.2002
19117,3,11.1996
19118,3,11.199
19119,3,11.1984
19120,3,11.1979
19121,3,11.1973
19122,3,11.1967
19123,3,11.1961
19124,3,11.1955
19125,3,11.1949
19126,3,11.1943
19127,3,11.1938
19128,3,11.1932
19129,3,11.1926
19130,3,11.192
19131,3,11.1914
19132,3,11.1908
19133,3,11.1902
19134,3,11.1897
19135,3,11.1891
19136,3,11.1885
19137,3,11.1879
19138,3,11.1873
19139,3,11.1867
19140,3,11.1862
19141,3,11.1856
19142,3,11.185
19143,3,11.1844
19144,3,11.1838
19145,3,11.1832
19146,3,11.1826
19147,3,11.1821
19148,3,11.1815
19149,3,11.1809
19150,3,11.1803
19151,3,11.1797
19152,3,11.1791
19153,3,11.1786
19154,3,11.178
19155,3,11.1774
19156,3,11.1768
19157,3,11.1762
19158,3,11.1756
19159,3,11.1751
19160,3,11.1745
19161,3,11.1739
19162,3,11.1733
19163,3,11.1727
19164,3,11.1721
19165,3,11.1716
19166,3,11.171
19167,3,11.1704
19168,3,11.1698
19169,3,11.1692
19170,3,11.1686
19171,3,11.1681
19172,3,11.1675
19173,3,11.1669
19174,3,11.1663
19175,3,11.1657
19176,3,11.1652
19177,3,11.1646
19178,3,11.164
19179,3,11.1634
19180,3,11.1628
19181,3,11.1622
19182,3,11.1617
19183,3,11.1611
19184,3,11.1605
19185,3,11.1599
19186,3,11.1593
19187,3,11.1588
19188,3,11.1582
19189,3,11.1576
19190,3,11.157
19191,3,11.1564
19192,3,11.1558
19193,3,11.1553
19194,3,11.1547
19195,3,11.1541
19196,3,11.1535
19197,3,11.1529
19198,3,11.1524
19199,3,11.1518
19200,3,11.1512
19201,3,11.1506
19202,3,11.15
19203,3,11.1495
19204,3,11.1489
19205,3,11.1483
19206,3,11.1477
19207,3,11.1471
19208,3,11.1466
19209,3,11.146
19210,3,11.1454
19211,3,11.1448
19212,3,11.1442
19213,3,11.1437
19214,3,11.1431
19215,3,11.1425
19216,3,11.1419
19217,3,11.1413
19218,3,11.1408
19219,3,11.1402
19220,3,11.1396
19221,3,11.139
19222,3,11.1384
19223,3,11.1379
19224,3,11.1373
19225,3,11.1367
19226,3,11.1361
19227,3,11.1355
19228,3,11.135
19229,3,11.1344
19230,3,11.1338
19231,3,11.1332
19232,3,11.1326
19233,3,11.1321
19234,3,11.1315
19235,3,11.1309
19236,3,11.1303
19237,3,11.1297
19238,3,11.1292
19239,3,11.1286
19240,3,11.128
19241,3,11.1274
19242,3,11.1269
19243,3,11.1263
19244,3,11.1257
19245,3,11.1251
19246,3,11.1245
19247,3,11.124
19248,3,11.1234
19249,3,11.1228
19250,3,11.1222
19251,3,11.1217
19252,3,11.1211
19253,3,11.1205
19254,3,11.1199
19255,3,11.1193
19256,3,11.1188
19257,3,11.1182
19258,3,11.1176
19259,3,11.117
19260,3,11.1165
19261,3,11.1159
19262,3,11.1153
19263,3,11.1147
19264,3,11.1142
19265,3,11.1136
19266,3,11.113
19267,3,11.1124
19268,3,11.1118
19269,3,11.1113
19270,3,11.1107
19271,3,11.1101
19272,3,11.1095
19273,3,11.109
19274,3,11.1084
19275,3,11.1078
19276,3,11.1072
19277,3,11.1067
19278,3,11.1061
19279,3,11.1055
19280,3,11.1049
19281,3,11.1044
19282,3,11.1038
19283,3,11.1032
19284,3,11.1026
19285,3,11.102
19286,3,11.1015
19287,3,11.1009
19288,3,11.1003
19289,3,11.0997
19290,3,11.0992
19291,3,11.0986
19292,3,11.098
19293,3,11.0974
19294,3,11.0969
19295,3,11.0963
19296,3,11.0957
19297,3,11.0951
19298,3,11.0946
19299,3,11.094
19300,3,11.0934
19301,3,11.0928
19302,3,11.0923
19303,3,11.0917
19304,3,11.0911
19305,3,11.0905
19306,3,11.09
19307,3,11.0894
19308,3,11.0888
19309,3,11.0882
19310,3,11.0877
19311,3,11.0871
19312,3,11.0865
19313,3,11.086
19314,3,11.0854
19315,3,11.0848
19316,3,11.0842
19317,3,11.0837
19318,3,11.0831
19319,3,11.0825
19320,3,11.0819
19321,3,11.0814
19322,3,11.0808
19323,3,11.0802
19324,3,11.0796
19325,3,11.0791
19326,3,11.0785
19327,3,11.0779
19328,3,11.0773
19329,3,11.0768
19330,3,11.0762
19331,3,11.0756
19332,3,11.0751
19333,3,11.0745
19334,3,11.0739
19335,3,11.0733
19336,3,11.0728
19337,3,11.0722
19338,3,11.0716
19339,3,11.071
19340,3,11.0705
19341,3,11.0699
19342,3,11.0693
19343,3,11.0688
19344,3,11.0682
19345,3,11.0676
19346,3,11.067
19347,3,11.0665
19348,3,11.0659
19349,3,11.0653
19350,3,11.0648
19351,3,11.0642
19352,3,11.0636
19353,3,11.063
19354,3,11.0625
19355,3,11.0619
19356,3,11.0613
19357,3,11.0608
19358,3,11.0602
19359,3,11.0596
19360,3,11.059
19361,3,11.0585
19362,3,11.0579
19363,3,11.0573
19364,3,11.0568
19365,3,11.0562
19366,3,11.0556
19367,3,11.055
19368,3,11.0545
19369,3,11.0539
19370,3,11.0533
19371,3,11.0528
19372,3,11.0522
19373,3,11.0516
19374,3,11.051
19375,3,11.0505
19376,3,11.0499
19377,3,11.0493
19378,3,11.0488
19379,3,11.0482
19380,3,11.0476
19381,3,11.0471
19382,3,11.0465
19383,3,11.0459
19384,3,11.0453
19385,3,11.0448
19386,3,11.0442
19387,3,11.0436
19388,3,11.0431
19389,3,11.0425
19390,3,11.0419
19391,3,11.0414
19392,3,11.0408
19393,3,11.0402
19394,3,11.0397
19395,3,11.0391
19396,3,11.0385
19397,3,11.0379
19398,3,11.0374
19399,3,11.0368
19400,3,11.0362
19401,3,11.0357
19402,3,11.0351
19403,3,11.0345
19404,3,11.034
19405,3,11.0334
19406,3,11.0328
19407,3,11.0323
19408,3,11.0317
19409,3,11.0311
19410,3,11.0306
19411,3,11.03
19412,3,11.0294
19413,3,11.0288
19414,3,11.0283
19415,3,11.0277
19416,3,11.0271
19417,3,11.0266
19418,3,11.026
19419,3,11.0254
19420,3,11.0249
19421,3,11.0243
19422,3,11.0237
19423,3,11.0232
19424,3,11.0226
19425,3,11.022
19426,3,11.0215
19427,3,11.0209
19428,3,11.0203
19429,3,11.0198
19430,3,11.0192
19431,3,11.0186
19432,3,11.0181
19433,3,11.0175
19434,3,11.0169
19435,3,11.0164
19436,3,11.0158
19437,3,11.0152
19438,3,11.0147
19439,3,11.0141
19440,3,11.0135
19441,3,11.013
19442,3,11.0124
19443,3,11.0118
19444,3,11.0113
19445,3,11.0107
19446,3,11.0101
19447,3,11.0096
19448,3,11.009
19449,3,11.0084
19450,3,11.0079
19451,3,11.0073
19452,3,11.0067
19453,3,11.0062
19454,3,11.0056
19455,3,11.005
19456,3,11.0045
19457,3,11.0039
19458,3,11.0033
19459,3,11.0028
19460,3,11.0022
19461,3,11.0016
19462,3,11.0011
19463,3,11.0005
19464,3,10.9999
19465,3,10.9994
19466,3,10.9988
19467,3,10.9983
19468,3,10.9977
19469,3,10.9971
19470,3,10.9966
19471,3,10.996
19472,3,10.9954
19473,3,10.9949
19474,3,10.9943
19475,3,10.9937
19476,3,10.9932
19477,3,10.9926
19478,3,10.992
19479,3,10.9915
19480,3,10.9909
19481,3,10.9903
19482,3,10.9898
19483,3,10.9892
19484,3,10.9887
19485,3,10.9881
19486,3,10.9875
19487,3,10.987
19488,3,10.9864
19489,3,10.9858
19490,3,10.9853
19491,3,10.9847
19492,3,10.9841
19493,3,10.9836
19494,3,10.983
19495,3,10.9825
19496,3,10.9819
19497,3,10.9813
19498,3,10.9808
19499,3,10.9802
19500,3,10.9796
19501,3,10.9791
19502,3,10.9785
19503,3,10.978
19504,3,10.9774
19505,3,10.9768
19506,3,10.9763
19507,3,10.9757
19508,3,10.9751
19509,3,10.9746
19510,3,10.974
19511,3,10.9735
19512,3,10.9729
19513,3,10.9723
19514,3,10.9718
19515,3,10.9712
19516,3,10.9706
19517,3,10.9701
19518,3,10.9695
19519,3,10.969
19520,3,10.9684
19521,3,10.9678
19522,3,10.9673
19523,3,10.9667
19524,3,10.9661
19525,3,10.9656
19526,3,10.965
19527,3,10.9645
19528,3,10.9639
19529,3,10.9633
19530,3,10.9628
19531,3,10.9622
19532,3,10.9617
19533,3,10.9611
19534,3,10.9605
19535,3,10.96
19536,3,10.9594
19537,3,10.9588
19538,3,10.9583
19539,3,10.9577
19540,3,10.9572
19541,3,10.9566
19542,3,10.956
19543,3,10.9555
19544,3,10.9549
19545,3,10.9544
19546,3,10.9538
19547,3,10.9532
19548,3,10.9527
19549,3,10.9521
19550,3,10.9516
19551,3,10.951
19552,3,10.9504
19553,3,10.9499
19554,3,10.9493
19555,3,10.9488
19556,3,10.9482
19557,3,10.9476
19558,3,10.9471
19559,3,10.9465
19560,3,10.946
19561,3,10.9454
19562,3,10.9448
19563,3,10.9443
19564,3,10.9437
19565,3,10.9432
19566,3,10.9426
19567,3,10.942
19568,3,10.9415
19569,3,10.9409
19570,3,10.9404
19571,3,10.9398
19572,3,10.9392
19573,3,10.9387
19574,3,10.9381
19575,3,10.9376
19576,3,10.937
19577,3,10.9365
19578,3,10.9359
19579,3,10.9353
19580,3,10.9348
19581,3,10.9342
19582,3,10.9337
19583,3,10.9331
19584,3,10.9325
19585,3,10.932
19586,3,10.9314
19587,3,10.9309
19588,3,10.9303
19589,3,10.9298
19590,3,10.9292
19591,3,10.9286
19592,3,10.9281
19593,3,10.9275
19594,3,10.927
19595,3,10.9264
19596,3,10.9259
19597,3,10.9253
19598,3,10.9247
19599,3,10.9242
19600,3,10.9236
19601,3,10.9231
19602,3,10.9225
19603,3,10.922
19604,3,10.9214
19605,3,10.9208
19606,3,10.9203
19607,3,10.9197
19608,3,10.9192
19609,3,10.9186
19610,3,10.9181
19611,3,10.9175
19612,3,10.9169
19613,3,10.9164
19614,3,10.9158
19615,3,10.9153
19616,3,10.9147
19617,3,10.9142
19618,3,10.9136
19619,3,10.913
19620,3,10.9125
19621,3,10.9119
19622,3,10.9114
19623,3,10.9108
19624,3,10.9103
19625,3,10.9097
19626,3,10.9092
19627,3,10.9086
19628,3,10.908
19629,3,10.9075
19630,3,10.9069
19631,3,10.9064
19632,3,10.9058
19633,3,10.9053
19634,3,10.9047
19635,3,10.9042
19636,3,10.9036
19637,3,10.903
19638,3,10.9025
19639,3,10.9019
19640,3,10.9014
19641,3,10.9008
19642,3,10.9003
19643,3,10.8997
19644,3,10.8992
19645,3,10.8986
19646,3,10.898
19647,3,10.8975
19648,3,10.8969
19649,3,10.8964
19650,3,10.8958
19651,3,10.8953
19652,3,10.8947
19653,3,10.8942
19654,3,10.8936
19655,3,10.8931
19656,3,10.8925
19657,3,10.8919
19658,3,10.8914
19659,3,10.8908
19660,3,10.8903
19661,3,10.8897
19662,3,10.8892
19663,3,10.8886
19664,3,10.8881
19665,3,10.8875
19666,3,10.887
19667,3,10.8864
19668,3,10.8859
19669,3,10.8853
19670,3,10.8847
19671,3,10.8842
19672,3,10.8836
19673,3,10.8831
19674,3,10.8825
19675,3,10.882
19676,3,10.8814
19677,3,10.8809
19678,3,10.8803
19679,3,10.8798
19680,3,10.8792
19681,3,10.8787
19682,3,10.8781
19683,3,10.8776
19684,3,10.877
19685,3,10.8765
19686,3,10.8759
19687,3,10.8753
19688,3,10.8748
19689,3,10.8742
19690,3,10.8737
19691,3,10.8731
19692,3,10.8726
19693,3,10.872
19694,3,10.8715
19695,3,10.8709
19696,3,10.8704
19697,3,10.8698
19698,3,10.8693
19699,3,10.8687
19700,3,10.8682
19701,3,10.8676
19702,3,10.8671
19703,3,10.8665
19704,3,10.866
19705,3,10.8654
19706,3,10.8649
19707,3,10.8643
19708,3,10.8638
19709,3,10.8632
19710,3,10.8627
19711,3,10.8621
19712,3,10.8616
19713,3,10.861
19714,3,10.8605
19715,3,10.8599
19716,3,10.8594
19717,3,10.8588
19718,3,10.8583
19719,3,10.8577
19720,3,10.8572
19721,3,10.8566
19722,3,10.856
19723,3,10.8555
19724,3,10.8549
19725,3,10.8544
19726,3,10.8538
19727,3,10.8533
19728,3,10.8527
19729,3,10.8522
19730,3,10.8516
19731,3,10.8511
19732,3,10.8505
19733,3,10.85
19734,3,10.8494
19735,3,10.8489
19736,3,10.8483
19737,3,10.8478
19738,3,10.8472
19739,3,10.8467
19740,3,10.8461
19741,3,10.8456
19742,3,10.8451
19743,3,10.8445
19744,3,10.844
19745,3,10.8434
19746,3,10.8429
19747,3,10.8423
19748,3,10.8418
19749,3,10.8412
19750,3,10.8407
19751,3,10.8401
19752,3,10.8396
19753,3,10.839
19754,3,10.8385
19755,3,10.8379
19756,3,10.8374
19757,3,10.8368
19758,3,10.8363
19759,3,10.8357
19760,3,10.8352
19761,3,10.8346
19762,3,10.8341
19763,3,10.8335
19764,3,10.833
19765,3,10.8324
19766,3,10.8319
19767,3,10.8313
19768,3,10.8308
19769,3,10.8302
19770,3,10.8297
19771,3,10.8291
19772,3,10.8286
19773,3,10.828
19774,3,10.8275
19775,3,10.827
19776,3,10.8264
19777,3,10.8259
19778,3,10.8253
19779,3,10.8248
19780,3,10.8242
19781,3,10.8237
19782,3,10.8231
19783,3,10.8226
19784,3,10.822
19785,3,10.8215
19786,3,10.8209
19787,3,10.8204
19788,3,10.8198
19789,3,10.8193
19790,3,10.8187
19791,3,10.8182
19792,3,10.8177
19793,3,10.8171
19794,3,10.8166
19795,3,10.816
19796,3,10.8155
19797,3,10.8149
19798,3,10.8144
19799,3,10.8138
19800,3,10.8133
19801,3,10.8127
19802,3,10.8122
19803,3,10.8116
19804,3,10.8111
19805,3,10.8106
19806,3,10.81
19807,3,10.8095
19808,3,10.8089
19809,3,10.8084
19810,3,10.8078
19811,3,10.8073
19812,3,10.8067
19813,3,10.8062
19814,3,10.8056
19815,3,10.8051
19816,3,10.8046
19817,3,10.804
19818,3,10.8035
19819,3,10.8029
19820,3,10.8024
19821,3,10.8018
19822,3,10.8013
19823,3,10.8007
19824,3,10.8002
19825,3,10.7996
19826,3,10.7991
19827,3,10.7986
19828,3,10.798
19829,3,10.7975
19830,3,10.7969
19831,3,10.7964
19832,3,10.7958
19833,3,10.7953
19834,3,10.7947
19835,3,10.7942
19836,3,10.7937
19837,3,10.7931
19838,3,10.7926
19839,3,10.792
19840,3,10.7915
19841,3,10.7909
19842,3,10.7904
19843,3,10.7899
19844,3,10.7893
19845,3,10.7888
19846,3,10.7882
19847,3,10.7877
19848,3,10.7871
19849,3,10.7866
19850,3,10.786
19851,3,10.7855
19852,3,10.785
19853,3,10.7844
19854,3,10.7839
19855,3,10.7833
19856,3,10.7828
19857,3,10.7822
19858,3,10.7817
19859,3,10.7812
19860,3,10.7806
19861,3,10.7801
19862,3,10.7795
19863,3,10.779
19864,3,10.7784
19865,3,10.7779
19866,3,10.7774
19867,3,10.7768
19868,3,10.7763
19869,3,10.7757
19870,3,10.7752
19871,3,10.7746
19872,3,10.7741
19873,3,10.7736
19874,3,10.773
19875,3,10.7725
19876,3,10.7719
19877,3,10.7714
19878,3,10.7709
19879,3,10.7703
19880,3,10.7698
19881,3,10.7692
19882,3,10.7687
19883,3,10.7681
19884,3,10.7676
19885,3,10.7671
19886,3,10.7665
19887,3,10.766
19888,3,10.7654
19889,3,10.7649
19890,3,10.7644
19891,3,10.7638
19892,3,10.7633
19893,3,10.7627
19894,3,10.7622
19895,3,10.7616
19896,3,10.7611
19897,3,10.7606
19898,3,10.76
19899,3,10.7595
19900,3,10.7589
19901,3,10.7584
19902,3,10.7579
19903,3,10.7573
19904,3,10.7568
19905,3,10.7562
19906,3,10.7557
19907,3,10.7552
19908,3,10.7546
19909,3,10.7541
19910,3,10.7535
19911,3,10.753
19912,3,10.7525
19913,3,10.7519
19914,3,10.7514
19915,3,10.7508
19916,3,10.7503
19917,3,10.7498
19918,3,10.7492
19919,3,10.7487
19920,3,10.7481
19921,3,10.7476
19922,3,10.7471
19923,3,10.7465
19924,3,10.746
19925,3,10.7454
19926,3,10.7449
19927,3,10.7444
19928,3,10.7438
19929,3,10.7433
19930,3,10.7427
19931,3,10.7422
19932,3,10.7417
19933,3,10.7411
19934,3,10.7406
19935,3,10.7401
19936,3,10.7395
19937,3,10.739
19938,3,10.7384
19939,3,10.7379
19940,3,10.7374
19941,3,10.7368
19942,3,10.7363
19943,3,10.7357
19944,3,10.7352
19945,3,10.7347
19946,3,10.7341
19947,3,10.7336
19948,3,10.7331
19949,3,10.7325
19950,3,10.732
19951,3,10.7314
19952,3,10.7309
19953,3,10.7304
19954,3,10.7298
19955,3,10.7293
19956,3,10.7288
19957,3,10.7282
19958,3,10.7277
19959,3,10.7271
19960,3,10.7266
19961,3,10.7261
19962,3,10.7255
19963,3,10.725
19964,3,10.7245
19965,3,10.7239
19966,3,10.7234
19967,3,10.7228
19968,3,10.7223
19969,3,10.7218
19970,3,10.7212
19971,3,10.7207
19972,3,10.7202
19973,3,10.7196
19974,3,10.7191
19975,3,10.7185
19976,3,10.718
19977,3,10.7175
19978,3,10.7169
19979,3,10.7164
19980,3,10.7159
19981,3,10.7153
19982,3,10.7148
19983,3,10.7143
19984,3,10.7137
19985,3,10.7132
19986,3,10.7126
19987,3,10.7121
19988,3,10.7116
19989,3,10.711
19990,3,10.7105
19991,3,10.71
19992,3,10.7094
19993,3,10.7089
19994,3,10.7084
19995,3,10.7078
19996,3,10.7073
19997,3,10.7068
19998,3,10.7062
19999,3,10.7057
20000,3,10.7051
20001,3,10.7046
20002,3,10.7041
20003,3,10.7035
20004,3,10.703
20005,3,10.7025
20006,3,10.7019
20007,3,10.7014
20008,3,10.7009
20009,3,10.7003
20010,3,10.6998
20011,3,10.6993
20012,3,10.6987
20013,3,10.6982
20014,3,10.6977
20015,3,10.6971
20016,3,10.6966
20017,3,10.6961
20018,3,10.6955
20019,3,10.695
20020,3,10.6945
20021,3,10.6939
20022,3,10.6934
20023,3,10.6929
20024,3,10.6923
20025,3,10.6918
20026,3,10.6913
20027,3,10.6907
20028,3,10.6902
20029,3,10.6897
20030,3,10.6891
20031,3,10.6886
20032,3,10.688
20033,3,10.6875
20034,3,10.687
20035,3,10.6864
20036,3,10.6859
20037,3,10.6854
20038,3,10.6848
20039,3,10.6843
20040,3,10.6838
20041,3,10.6832
20042,3,10.6827
20043,3,10.6822
20044,3,10.6817
20045,3,10.6811
20046,3,10.6806
20047,3,10.6801
20048,3,10.6795
20049,3,10.679
20050,3,10.6785
20051,3,10.6779
20052,3,10.6774
20053,3,10.6769
20054,3,10.6763
20055,3,10.6758
20056,3,10.6753
20057,3,10.6747
20058,3,10.6742
20059,3,10.6737
20060,3,10.6731
20061,3,10.6726
20062,3,10.6721
20063,3,10.6715
20064,3,10.671
20065,3,10.6705
20066,3,10.6699
20067,3,10.6694
20068,3,10.6689
20069,3,10.6683
20070,3,10.6678
20071,3,10.6673
20072,3,10.6667
20073,3,10.6662
20074,3,10.6657
20075,3,10.6652
20076,3,10.6646
20077,3,10.6641
20078,3,10.6636
20079,3,10.663
20080,3,10.6625
20081,3,10.662
20082,3,10.6614
20083,3,10.6609
20084,3,10.6604
20085,3,10.6598
20086,3,10.6593
20087,3,10.6588
20088,3,10.6583
20089,3,10.6577
20090,3,10.6572
20091,3,10.6567
20092,3,10.6561
20093,3,10.6556
20094,3,10.6551
20095,3,10.6545
20096,3,10.654
20097,3,10.6535
20098,3,10.653
20099,3,10.6524
20100,3,10.6519
20101,3,10.6514
20102,3,10.6508
20103,3,10.6503
20104,3,10.6498
20105,3,10.6492
20106,3,10.6487
20107,3,10.6482
20108,3,10.6477
20109,3,10.6471
20110,3,10.6466
20111,3,10.6461
20112,3,10.6455
20113,3,10.645
20114,3,10.6445
20115,3,10.6439
20116,3,10.6434
20117,3,10.6429
20118,3,10.6424
20119,3,10.6418
20120,3,10.6413
20121,3,10.6408
20122,3,10.6402
20123,3,10.6397
20124,3,10.6392
20125,3,10.6387
20126,3,10.6381
20127,3,10.6376
20128,3,10.6371
20129,3,10.6365
20130,3,10.636
20131,3,10.6355
20132,3,10.635
20133,3,10.6344
20134,3,10.6339
20135,3,10.6334
20136,3,10.6328
20137,3,10.6323
20138,3,10.6318
20139,3,10.6313
20140,3,10.6307
20141,3,10.6302
20142,3,10.6297
20143,3,10.6292
20144,3,10.6286
20145,3,10.6281
20146,3,10.6276
20147,3,10.627
20148,3,10.6265
20149,3,10.626
20150,3,10.6255
20151,3,10.6249
20152,3,10.6244
20153,3,10.6239
20154,3,10.6234
20155,3,10.6228
20156,3,10.6223
20157,3,10.6218
20158,3,10.6212
20159,3,10.6207
20160,3,10.6202
20161,3,10.6197
20162,3,10.6191
20163,3,10.6186
20164,3,10.6181
20165,3,10.6176
20166,3,10.617
20167,3,10.6165
20168,3,10.616
20169,3,10.6154
20170,3,10.6149
20171,3,10.6144
20172,3,10.6139
20173,3,10.6133
20174,3,10.6128
20175,3,10.6123
20176,3,10.6118
20177,3,10.6112
20178,3,10.6107
20179,3,10.6102
20180,3,10.6097
20181,3,10.6091
20182,3,10.6086
20183,3,10.6081
20184,3,10.6076
20185,3,10.607
20186,3,10.6065
20187,3,10.606
20188,3,10.6055
20189,3,10.6049
20190,3,10.6044
20191,3,10.6039
20192,3,10.6034
20193,3,10.6028
20194,3,10.6023
20195,3,10.6018
20196,3,10.6013
20197,3,10.6007
20198,3,10.6002
20199,3,10.5997
20200,3,10.5992
20201,3,10.5986
20202,3,10.5981
20203,3,10.5976
20204,3,10.5971
20205,3,10.5965
20206,3,10.596
20207,3,10.5955
20208,3,10.595
20209,3,10.5944
20210,3,10.5939
20211,3,10.5934
20212,3,10.5929
20213,3,10.5923
20214,3,10.5918
20215,3,10.5913
20216,3,10.5908
20217,3,10.5902
20218,3,10.5897
20219,3,10.5892
20220,3,10.5887
20221,3,10.5882
20222,3,10.5876
20223,3,10.5871
20224,3,10.5866
20225,3,10.5861
20226,3,10.5855
20227,3,10.585
20228,3,10.5845
20229,3,10.584
20230,3,10.5834
20231,3,10.5829
20232,3,10.5824
20233,3,10.5819
20234,3,10.5813
20235,3,10.5808
20236,3,10.5803
20237,3,10.5798
20238,3,10.5793
20239,3,10.5787
20240,3,10.5782
20241,3,10.5777
20242,3,10.5772
20243,3,10.5766
20244,3,10.5761
20245,3,10.5756
20246,3,10.5751
20247,3,10.5746
20248,3,10.574
20249,3,10.5735
20250,3,10.573
20251,3,10.5725
20252,3,10.5719
20253,3,10.5714
20254,3,10.5709
20255,3,10.5704
20256,3,10.5699
20257,3,10.5693
20258,3,10.5688
20259,3,10.5683
20260,3,10.5678
20261,3,10.5672
20262,3,10.5667
20263,3,10.5662
20264,3,10.5657
20265,3,10.5652
20266,3,10.5646
20267,3,10.5641
20268,3,10.5636
20269,3,10.5631
20270,3,10.5626
20271,3,10.562
20272,3,10.5615
20273,3,10.561
20274,3,10.5605
20275,3,10.56
20276,3,10.5594
20277,3,10.5589
20278,3,10.5584
20279,3,10.5579
20280,3,10.5573
20281,3,10.5568
20282,3,10.5563
20283,3,10.5558
20284,3,10.5553
20285,3,10.5547
20286,3,10.5542
20287,3,10.5537
20288,3,10.5532
20289,3,10.5527
20290,3,10.5521
20291,3,10.5516
20292,3,10.5511
20293,3,10.5506
20294,3,10.5501
20295,3,10.5495
20296,3,10.549
20297,3,10.5485
20298,3,10.548
20299,3,10.5475
20300,3,10.5469
20301,3,10.5464
20302,3,10.5459
20303,3,10.5454
20304,3,10.5449
20305,3,10.5443
20306,3,10.5438
20307,3,10.5433
20308,3,10.5428
20309,3,10.5423
20310,3,10.5418
20311,3,10.5412
20312,3,10.5407
20313,3,10.5402
20314,3,10.5397
20315,3,10.5392
20316,3,10.5386
20317,3,10.5381
20318,3,10.5376
20319,3,10.5371
20320,3,10.5366
20321,3,10.536
20322,3,10.5355
20323,3,10.535
20324,3,10.5345
20325,3,10.534
20326,3,10.5335
20327,3,10.5329
20328,3,10.5324
20329,3,10.5319
20330,3,10.5314
20331,3,10.5309
20332,3,10.5303
20333,3,10.5298
20334,3,10.5293
20335,3,10.5288
20336,3,10.5283
20337,3,10.5278
20338,3,10.5272
20339,3,10.5267
20340,3,10.5262
20341,3,10.5257
20342,3,10.5252
20343,3,10.5247
20344,3,10.5241
20345,3,10.5236
20346,3,10.5231
20347,3,10.5226
20348,3,10.5221
20349,3,10.5215
20350,3,10.521
20351,3,10.5205
20352,3,10.52
20353,3,10.5195
20354,3,10.519
20355,3,10.5184
20356,3,10.5179
20357,3,10.5174
20358,3,10.5169
20359,3,10.5164
20360,3,10.5159
20361,3,10.5153
20362,3,10.5148
20363,3,10.5143
20364,3,10.5138
20365,3,10.5133
20366,3,10.5128
20367,3,10.5123
20368,3,10.5117
20369,3,10.5112
20370,3,10.5107
20371,3,10.5102
20372,3,10.5097
20373,3,10.5092
20374,3,10.5086
20375,3,10.5081
20376,3,10.5076
20377,3,10.5071
20378,3,10.5066
20379,3,10.5061
20380,3,10.5055
20381,3,10.505
20382,3,10.5045
20383,3,10.504
20384,3,10.5035
20385,3,10.503
20386,3,10.5025
20387,3,10.5019
20388,3,10.5014
20389,3,10.5009
20390,3,10.5004
20391,3,10.4999
20392,3,10.4994
20393,3,10.4988
20394,3,10.4983
20395,3,10.4978
20396,3,10.4973
20397,3,10.4968
20398,3,10.4963
20399,3,10.4958
20400,3,10.4952
20401,3,10.4947
20402,3,10.4942
20403,3,10.4937
20404,3,10.4932
20405,3,10.4927
20406,3,10.4922
20407,3,10.4916
20408,3,10.4911
20409,3,10.4906
20410,3,10.4901
20411,3,10.4896
20412,3,10.4891
20413,3,10.4886
20414,3,10.488
20415,3,10.4875
20416,3,10.487
20417,3,10.4865
20418,3,10.486
20419,3,10.4855
20420,3,10.485
20421,3,10.4845
20422,3,10.4839
20423,3,10.4834
20424,3,10.4829
20425,3,10.4824
20426,3,10.4819
20427,3,10.4814
20428,3,10.4809
20429,3,10.4803
20430,3,10.4798
20431,3,10.4793
20432,3,10.4788
20433,3,10.4783
20434,3,10.4778
20435,3,10.4773
20436,3,10.4768
20437,3,10.4762
20438,3,10.4757
20439,3,10.4752
20440,3,10.4747
20441,3,10.4742
20442,3,10.4737
20443,3,10.4732
20444,3,10.4727
20445,3,10.4721
20446,3,10.4716
20447,3,10.4711
20448,3,10.4706
20449,3,10.4701
20450,3,10.4696
20451,3,10.4691
20452,3,10.4686
20453,3,10.468
20454,3,10.4675
20455,3,10.467
20456,3,10.4665
20457,3,10.466
20458,3,10.4655
20459,3,10.465
20460,3,10.4645
20461,3,10.464
20462,3,10.4634
20463,3,10.4629
20464,3,10.4624
20465,3,10.4619
20466,3,10.4614
20467,3,10.4609
20468,3,10.4604
20469,3,10.4599
20470,3,10.4594
20471,3,10.4588
20472,3,10.4583
20473,3,10.4578
20474,3,10.4573
20475,3,10.4568
20476,3,10.4563
20477,3,10.4558
20478,3,10.4553
20479,3,10.4548
20480,3,10.4542
20481,3,10.4537
20482,3,10.4532
20483,3,10.4527
20484,3,10.4522
20485,3,10.4517
20486,3,10.4512
20487,3,10.4507
20488,3,10.4502
20489,3,10.4497
20490,3,10.4491
20491,3,10.4486
20492,3,10.4481
20493,3,10.4476
20494,3,10.4471
20495,3,10.4466
20496,3,10.4461
20497,3,10.4456
20498,3,10.4451
20499,3,10.4446
20500,3,10.444
20501,3,10.4435
20502,3,10.443
20503,3,10.4425
20504,3,10.442
20505,3,10.4415
20506,3,10.441
20507,3,10.4405
20508,3,10.44
20509,3,10.4395
20510,3,10.439
20511,3,10.4384
20512,3,10.4379
20513,3,10.4374
20514,3,10.4369
20515,3,10.4364
20516,3,10.4359
20517,3,10.4354
20518,3,10.4349
20519,3,10.4344
20520,3,10.4339
20521,3,10.4334
20522,3,10.4329
20523,3,10.4323
20524,3,10.4318
20525,3,10.4313
20526,3,10.4308
20527,3,10.4303
20528,3,10.4298
20529,3,10.4293
20530,3,10.4288
20531,3,10.4283
20532,3,10.4278
20533,3,10.4273
20534,3,10.4268
20535,3,10.4262
20536,3,10.4257
20537,3,10.4252
20538,3,10.4247
20539,3,10.4242
20540,3,10.4237
20541,3,10.4232
20542,3,10.4227
20543,3,10.4222
20544,3,10.4217
20545,3,10.4212
20546,3,10.4207
20547,3,10.4202
20548,3,10.4197
20549,3,10.4191
20550,3,10.4186
20551,3,10.4181
20552,3,10.4176
20553,3,10.4171
20554,3,10.4166
20555,3,10.4161
20556,3,10.4156
20557,3,10.4151
20558,3,10.4146
20559,3,10.4141
20560,3,10.4136
20561,3,10.4131
20562,3,10.4126
20563,3,10.4121
20564,3,10.4115
20565,3,10.411
20566,3,10.4105
20567,3,10.41
20568,3,10.4095
20569,3,10.409
20570,3,10.4085
20571,3,10.408
20572,3,10.4075
20573,3,10.407
20574,3,10.4065
20575,3,10.406
20576,3,10.4055
20577,3,10.405
20578,3,10.4045
20579,3,10.404
20580,3,10.4034
20581,3,10.4029
20582,3,10.4024
20583,3,10.4019
20584,3,10.4014
20585,3,10.4009
20586,3,10.4004
20587,3,10.3999
20588,3,10.3994
20589,3,10.3989
20590,3,10.3984
20591,3,10.3979
20592,3,10.3974
20593,3,10.3969
20594,3,10.3964
20595,3,10.3959
20596,3,10.3954
20597,3,10.3949
20598,3,10.3944
20599,3,10.3939
20600,3,10.3933
20601,3,10.3928
20602,3,10.3923
20603,3,10.3918
20604,3,10.3913
20605,3,10.3908
20606,3,10.3903
20607,3,10.3898
20608,3,10.3893
20609,3,10.3888
20610,3,10.3883
20611,3,10.3878
20612,3,10.3873
20613,3,10.3868
20614,3,10.3863
20615,3,10.3858
20616,3,10.3853
20617,3,10.3848
20618,3,10.3843
20619,3,10.3838
20620,3,10.3833
20621,3,10.3828
20622,3,10.3823
20623,3,10.3818
20624,3,10.3813
20625,3,10.3808
20626,3,10.3802
20627,3,10.3797
20628,3,10.3792
20629,3,10.3787
20630,3,10.3782
20631,3,10.3777
20632,3,10.3772
20633,3,10.3767
20634,3,10.3762
20635,3,10.3757
20636,3,10.3752
20637,3,10.3747
20638,3,10.3742
20639,3,10.3737
20640,3,10.3732
20641,3,10.3727
20642,3,10.3722
20643,3,10.3717
20644,3,10.3712
20645,3,10.3707
20646,3,10.3702
20647,3,10.3697
20648,3,10.3692
20649,3,10.3687
20650,3,10.3682
20651,3,10.3677
20652,3,10.3672
20653,3,10.3667
20654,3,10.3662
20655,3,10.3657
20656,3,10.3652
20657,3,10.3647
20658,3,10.3642
20659,3,10.3637
20660,3,10.3632
20661,3,10.3627
20662,3,10.3622
20663,3,10.3617
20664,3,10.3612
20665,3,10.3607
20666,3,10.3602
20667,3,10.3597
20668,3,10.3592
20669,3,10.3587
20670,3,10.3582
20671,3,10.3577
20672,3,10.3571
20673,3,10.3566
20674,3,10.3561
20675,3,10.3556
20676,3,10.3551
20677,3,10.3546
20678,3,10.3541
20679,3,10.3536
20680,3,10.3531
20681,3,10.3526
20682,3,10.3521
20683,3,10.3516
20684,3,10.3511
20685,3,10.3506
20686,3,10.3501
20687,3,10.3496
20688,3,10.3491
20689,3,10.3486
20690,3,10.3481
20691,3,10.3476
20692,3,10.3471
20693,3,10.3466
20694,3,10.3461
20695,3,10.3456
20696,3,10.3451
20697,3,10.3446
20698,3,10.3441
20699,3,10.3436
20700,3,10.3431
20701,3,10.3426
20702,3,10.3421
20703,3,10.3416
20704,3,10.3411
20705,3,10.3406
20706,3,10.3401
20707,3,10.3396
20708,3,10.3391
20709,3,10.3386
20710,3,10.3381
20711,3,10.3376
20712,3,10.3371
20713,3,10.3366
20714,3,10.3361
20715,3,10.3357
20716,3,10.3352
20717,3,10.3347
20718,3,10.3342
20719,3,10.3337
20720,3,10.3332
20721,3,10.3327
20722,3,10.3322
20723,3,10.3317
20724,3,10.3312
20725,3,10.3307
20726,3,10.3302
20727,3,10.3297
20728,3,10.3292
20729,3,10.3287
20730,3,10.3282
20731,3,10.3277
20732,3,10.3272
20733,3,10.3267
20734,3,10.3262
20735,3,10.3257
20736,3,10.3252
20737,3,10.3247
20738,3,10.3242
20739,3,10.3237
20740,3,10.3232
20741,3,10.3227
20742,3,10.3222
20743,3,10.3217
20744,3,10.3212
20745,3,10.3207
20746,3,10.3202
20747,3,10.3197
20748,3,10.3192
20749,3,10.3187
20750,3,10.3182
20751,3,10.3177
20752,3,10.3172
20753,3,10.3167
20754,3,10.3162
20755,3,10.3157
20756,3,10.3152
20757,3,10.3147
20758,3,10.3142
20759,3,10.3137
20760,3,10.3132
20761,3,10.3127
20762,3,10.3123
20763,3,10.3118
20764,3,10.3113
20765,3,10.3108
20766,3,10.3103
20767,3,10.3098
20768,3,10.3093
20769,3,10.3088
20770,3,10.3083
20771,3,10.3078
20772,3,10.3073
20773,3,10.3068
20774,3,10.3063
20775,3,10.3058
20776,3,10.3053
20777,3,10.3048
20778,3,10.3043
20779,3,10.3038
20780,3,10.3033
20781,3,10.3028
20782,3,10.3023
20783,3,10.3018
20784,3,10.3013
20785,3,10.3008
20786,3,10.3003
20787,3,10.2999
20788,3,10.2994
20789,3,10.2989
20790,3,10.2984
20791,3,10.2979
20792,3,10.2974
20793,3,10.2969
20794,3,10.2964
20795,3,10.2959
20796,3,10.2954
20797,3,10.2949
20798,3,10.2944
20799,3,10.2939
20800,3,10.2934
20801,3,10.2929
20802,3,10.2924
20803,3,10.2919
20804,3,10.2914
20805,3,10.2909
20806,3,10.2904
20807,3,10.29
20808,3,10.2895
20809,3,10.289
20810,3,10.2885
20811,3,10.288
20812,3,10.2875
20813,3,10.287
20814,3,10.2865
20815,3,10.286
20816,3,10.2855
20817,3,10.285
20818,3,10.2845
20819,3,10.284
20820,3,10.2835
20821,3,10.283
20822,3,10.2825
20823,3,10.282
20824,3,10.2816
20825,3,10.2811
20826,3,10.2806
20827,3,10.2801
20828,3,10.2796
20829,3,10.2791
20830,3,10.2786
20831,3,10.2781
20832,3,10.2776
20833,3,10.2771
20834,3,10.2766
20835,3,10.2761
20836,3,10.2756
20837,3,10.2751
20838,3,10.2746
20839,3,10.2741
20840,3,10.2737
20841,3,10.2732
20842,3,10.2727
20843,3,10.2722
20844,3,10.2717
20845,3,10.2712
20846,3,10.2707
20847,3,10.2702
20848,3,10.2697
20849,3,10.2692
20850,3,10.2687
20851,3,10.2682
20852,3,10.2677
20853,3,10.2673
20854,3,10.2668
20855,3,10.2663
20856,3,10.2658
20857,3,10.2653
20858,3,10.2648
20859,3,10.2643
20860,3,10.2638
20861,3,10.2633
20862,3,10.2628
20863,3,10.2623
20864,3,10.2618
20865,3,10.2613
20866,3,10.2609
20867,3,10.2604
20868,3,10.2599
20869,3,10.2594
20870,3,10.2589
20871,3,10.2584
20872,3,10.2579
20873,3,10.2574
20874,3,10.2569
20875,3,10.2564
20876,3,10.2559
20877,3,10.2554
20878,3,10.255
20879,3,10.2545
20880,3,10.254
20881,3,10.2535
20882,3,10.253
20883,3,10.2525
20884,3,10.252
20885,3,10.2515
20886,3,10.251
20887,3,10.2505
20888,3,10.25
20889,3,10.2496
20890,3,10.2491
20891,3,10.2486
20892,3,10.2481
20893,3,10.2476
20894,3,10.2471
20895,3,10.2466
20896,3,10.2461
20897,3,10.2456
20898,3,10.2451
20899,3,10.2447
20900,3,10.2442
20901,3,10.2437
20902,3,10.2432
20903,3,10.2427
20904,3,10.2422
20905,3,10.2417
20906,3,10.2412
20907,3,10.2407
20908,3,10.2402
20909,3,10.2398
20910,3,10.2393
20911,3,10.2388
20912,3,10.2383
20913,3,10.2378
20914,3,10.2373
20915,3,10.2368
20916,3,10.2363
20917,3,10.2358
20918,3,10.2353
20919,3,10.2349
20920,3,10.2344
20921,3,10.2339
20922,3,10.2334
20923,3,10.2329
20924,3,10.2324
20925,3,10.2319
20926,3,10.2314
20927,3,10.2309
20928,3,10.2305
20929,3,10.23
20930,3,10.2295
20931,3,10.229
20932,3,10.2285
20933,3,10.228
20934,3,10.2275
20935,3,10.227
20936,3,10.2265
20937,3,10.2261
20938,3,10.2256
20939,3,10.2251
20940,3,10.2246
20941,3,10.2241
20942,3,10.2236
20943,3,10.2231
20944,3,10.2226
20945,3,10.2222
20946,3,10.2217
20947,3,10.2212
20948,3,10.2207
20949,3,10.2202
20950,3,10.2197
20951,3,10.2192
20952,3,10.2187
20953,3,10.2183
20954,3,10.2178
20955,3,10.2173
20956,3,10.2168
20957,3,10.2163
20958,3,10.2158
20959,3,10.2153
20960,3,10.2148
20961,3,10.2144
20962,3,10.2139
20963,3,10.2134
20964,3,10.2129
20965,3,10.2124
20966,3,10.2119
20967,3,10.2114
20968,3,10.2109
20969,3,10.2105
20970,3,10.21
20971,3,10.2095
20972,3,10.209
20973,3,10.2085
20974,3,10.208
20975,3,10.2075
20976,3,10.207
20977,3,10.2066
20978,3,10.2061
20979,3,10.2056
20980,3,10.2051
20981,3,10.2046
20982,3,10.2041
20983,3,10.2036
20984,3,10.2032
20985,3,10.2027
20986,3,10.2022
20987,3,10.2017
20988,3,10.2012
20989,3,10.2007
20990,3,10.2002
20991,3,10.1998
20992,3,10.1993
20993,3,10.1988
20994,3,10.1983
20995,3,10.1978
20996,3,10.1973
20997,3,10.1968
20998,3,10.1964
20999,3,10.1959
21000,3,10.1954
21001,3,10.1949
21002,3,10.1944
21003,3,10.1939
21004,3,10.1934
21005,3,10.193
21006,3,10.1925
21007,3,10.192
21008,3,10.1915
21009,3,10.191
21010,3,10.1905
21011,3,10.19
21012,3,10.1896
21013,3,10.1891
21014,3,10.1886
21015,3,10.1881
21016,3,10.1876
21017,3,10.1871
21018,3,10.1866
21019,3,10.1862
21020,3,10.1857
21021,3,10.1852
21022,3,10.1847
21023,3,10.1842
21024,3,10.1837
21025,3,10.1833
21026,3,10.1828
21027,3,10.1823
21028,3,10.1818
21029,3,10.1813
21030,3,10.1808
21031,3,10.1804
21032,3,10.1799
21033,3,10.1794
21034,3,10.1789
21035,3,10.1784
21036,3,10.1779
21037,3,10.1774
21038,3,10.177
21039,3,10.1765
21040,3,10.176
21041,3,10.1755
21042,3,10.175
21043,3,10.1745
21044,3,10.1741
21045,3,10.1736
21046,3,10.1731
21047,3,10.1726
21048,3,10.1721
21049,3,10.1716
21050,3,10.1712
21051,3,10.1707
21052,3,10.1702
21053,3,10.1697
21054,3,10.1692
21055,3,10.1687
21056,3,10.1683
21057,3,10.1678
21058,3,10.1673
21059,3,10.1668
21060,3,10.1663
21061,3,10.1659
21062,3,10.1654
21063,3,10.1649
21064,3,10.1644
21065,3,10.1639
21066,3,10.1634
21067,3,10.163
21068,3,10.1625
21069,3,10.162
21070,3,10.1615
21071,3,10.161
21072,3,10.1605
21073,3,10.1601
21074,3,10.1596
21075,3,10.1591
21076,3,10.1586
21077,3,10.1581
21078,3,10.1577
21079,3,10.1572
21080,3,10.1567
21081,3,10.1562
21082,3,10.1557
21083,3,10.1552
21084,3,10.1548
21085,3,10.1543
21086,3,10.1538
21087,3,10.1533
21088,3,10.1528
21089,3,10.1524
21090,3,10.1519
21091,3,10.1514
21092,3,10.1509
21093,3,10.1504
21094,3,10.1499
21095,3,10.1495
21096,3,10.149
21097,3,10.1485
21098,3,10.148
21099,3,10.1475
21100,3,10.1471
21101,3,10.1466
21102,3,10.1461
21103,3,10.1456
21104,3,10.1451
21105,3,10.1447
21106,3,10.1442
21107,3,10.1437
21108,3,10.1432
21109,3,10.1427
21110,3,10.1423
21111,3,10.1418
21112,3,10.1413
21113,3,10.1408
21114,3,10.1403
21115,3,10.1399
21116,3,10.1394
21117,3,10.1389
21118,3,10.1384
21119,3,10.1379
21120,3,10.1375
21121,3,10.137
21122,3,10.1365
21123,3,10.136
21124,3,10.1355
21125,3,10.1351
21126,3,10.1346
21127,3,10.1341
21128,3,10.1336
21129,3,10.1331
21130,3,10.1327
21131,3,10.1322
21132,3,10.1317
21133,3,10.1312
21134,3,10.1307
21135,3,10.1303
21136,3,10.1298
21137,3,10.1293
21138,3,10.1288
21139,3,10.1283
21140,3,10.1279
21141,3,10.1274
21142,3,10.1269
21143,3,10.1264
21144,3,10.1259
21145,3,10.1255
21146,3,10.125
21147,3,10.1245
21148,3,10.124
21149,3,10.1236
21150,3,10.1231
21151,3,10.1226
21152,3,10.1221
21153,3,10.1216
21154,3,10.1212
21155,3,10.1207
21156,3,10.1202
21157,3,10.1197
21158,3,10.1192
21159,3,10.1188
21160,3,10.1183
21161,3,10.1178
21162,3,10.1173
21163,3,10.1169
21164,3,10.1164
21165,3,10.1159
21166,3,10.1154
21167,3,10.1149
21168,3,10.1145
21169,3,10.114
21170,3,10.1135
21171,3,10.113
21172,3,10.1126
21173,3,10.1121
21174,3,10.1116
21175,3,10.1111
21176,3,10.1106
21177,3,10.1102
21178,3,10.1097
21179,3,10.1092
21180,3,10.1087
21181,3,10.1083
21182,3,10.1078
21183,3,10.1073
21184,3,10.1068
21185,3,10.1063
21186,3,10.1059
21187,3,10.1054
21188,3,10.1049
21189,3,10.1044
21190,3,10.104
21191,3,10.1035
21192,3,10.103
21193,3,10.1025
21194,3,10.1021
21195,3,10.1016
21196,3,10.1011
21197,3,10.1006
21198,3,10.1002
21199,3,10.0997
21200,3,10.0992
21201,3,10.0987
21202,3,10.0982
21203,3,10.0978
21204,3,10.0973
21205,3,10.0968
21206,3,10.0963
21207,3,10.0959
21208,3,10.0954
21209,3,10.0949
21210,3,10.0944
21211,3,10.094
21212,3,10.0935
21213,3,10.093
21214,3,10.0925
21215,3,10.0921
21216,3,10.0916
21217,3,10.0911
21218,3,10.0906
21219,3,10.0902
21220,3,10.0897
21221,3,10.0892
21222,3,10.0887
21223,3,10.0883
21224,3,10.0878
21225,3,10.0873
21226,3,10.0868
21227,3,10.0864
21228,3,10.0859
21229,3,10.0854
21230,3,10.0849
21231,3,10.0845
21232,3,10.084
21233,3,10.0835
21234,3,10.083
21235,3,10.0826
21236,3,10.0821
21237,3,10.0816
21238,3,10.0811
21239,3,10.0807
21240,3,10.0802
21241,3,10.0797
21242,3,10.0792
21243,3,10.0788
21244,3,10.0783
21245,3,10.0778
21246,3,10.0773
21247,3,10.0769
21248,3,10.0764
21249,3,10.0759
21250,3,10.0754
21251,3,10.075
21252,3,10.0745
21253,3,10.074
21254,3,10.0735
21255,3,10.0731
21256,3,10.0726
21257,3,10.0721
21258,3,10.0716
21259,3,10.0712
21260,3,10.0707
21261,3,10.0702
21262,3,10.0697
21263,3,10.0693
21264,3,10.0688
21265,3,10.0683
21266,3,10.0679
21267,3,10.0674
21268,3,10.0669
21269,3,10.0664
21270,3,10.066
21271,3,10.0655
21272,3,10.065
21273,3,10.0645
21274,3,10.0641
21275,3,10.0636
21276,3,10.0631
21277,3,10.0626
21278,3,10.0622
21279,3,10.0617
21280,3,10.0612
21281,3,10.0608
21282,3,10.0603
21283,3,10.0598
21284,3,10.0593
21285,3,10.0589
21286,3,10.0584
21287,3,10.0579
21288,3,10.0575
21289,3,10.057
21290,3,10.0565
21291,3,10.056
21292,3,10.0556
21293,3,10.0551
21294,3,10.0546
21295,3,10.0541
21296,3,10.0537
21297,3,10.0532
21298,3,10.0527
21299,3,10.0523
21300,3,10.0518
21301,3,10.0513
21302,3,10.0508
21303,3,10.0504
21304,3,10.0499
21305,3,10.0494
21306,3,10.049
21307,3,10.0485
21308,3,10.048
21309,3,10.0475
21310,3,10.0471
21311,3,10.0466
21312,3,10.0461
21313,3,10.0457
21314,3,10.0452
21315,3,10.0447
21316,3,10.0442
21317,3,10.0438
21318,3,10.0433
21319,3,10.0428
21320,3,10.0424
21321,3,10.0419
21322,3,10.0414
21323,3,10.0409
21324,3,10.0405
21325,3,10.04
21326,3,10.0395
21327,3,10.0391
21328,3,10.0386
21329,3,10.0381
21330,3,10.0376
21331,3,10.0372
21332,3,10.0367
21333,3,10.0362
21334,3,10.0358
21335,3,10.0353
21336,3,10.0348
21337,3,10.0344
21338,3,10.0339
21339,3,10.0334
21340,3,10.0329
21341,3,10.0325
21342,3,10.032
21343,3,10.0315
21344,3,10.0311
21345,3,10.0306
21346,3,10.0301
21347,3,10.0297
21348,3,10.0292
21349,3,10.0287
21350,3,10.0282
21351,3,10.0278
21352,3,10.0273
21353,3,10.0268
21354,3,10.0264
21355,3,10.0259
21356,3,10.0254
21357,3,10.025
21358,3,10.0245
21359,3,10.024
21360,3,10.0235
21361,3,10.0231
21362,3,10.0226
21363,3,10.0221
21364,3,10.0217
21365,3,10.0212
21366,3,10.0207
21367,3,10.0203
21368,3,10.0198
21369,3,10.0193
21370,3,10.0189
21371,3,10.0184
21372,3,10.0179
21373,3,10.0175
21374,3,10.017
21375,3,10.0165
21376,3,10.016
21377,3,10.0156
21378,3,10.0151
21379,3,10.0146
21380,3,10.0142
21381,3,10.0137
21382,3,10.0132
21383,3,10.0128
21384,3,10.0123
21385,3,10.0118
21386,3,10.0114
21387,3,10.0109
21388,3,10.0104
21389,3,10.01
21390,3,10.0095
21391,3,10.009
21392,3,10.0086
21393,3,10.0081
21394,3,10.0076
21395,3,10.0072
21396,3,10.0067
21397,3,10.0062
21398,3,10.0057
21399,3,10.0053
21400,3,10.0048
21401,3,10.0043
21402,3,10.0039
21403,3,10.0034
21404,3,10.0029
21405,3,10.0025
21406,3,10.002
21407,3,10.0015
21408,3,10.0011
21409,3,10.0006
21410,3,10.0001
21411,3,9.99967
21412,3,9.99921
21413,3,9.99874
21414,3,9.99827
21415,3,9.99781
21416,3,9.99734
21417,3,9.99687
21418,3,9.9964
21419,3,9.99594
21420,3,9.99547
21421,3,9.995
21422,3,9.99454
21423,3,9.99407
21424,3,9.99361
21425,3,9.99314
21426,3,9.99267
21427,3,9.99221
21428,3,9.99174
21429,3,9.99127
21430,3,9.99081
21431,3,9.99034
21432,3,9.98987
21433,3,9.98941
21434,3,9.98894
21435,3,9.98848
21436,3,9.98801
21437,3,9.98754
21438,3,9.98708
21439,3,9.98661
21440,3,9.98615
21441,3,9.98568
21442,3,9.98522
21443,3,9.98475
21444,3,9.98428
21445,3,9.98382
21446,3,9.98335
21447,3,9.98289
21448,3,9.98242
21449,3,9.98196
21450,3,9.98149
21451,3,9.98103
21452,3,9.98056
21453,3,9.9801
21454,3,9.97963
21455,3,9.97917
21456,3,9.9787
21457,3,9.97824
21458,3,9.97777
21459,3,9.97731
21460,3,9.97684
21461,3,9.97638
21462,3,9.97591
21463,3,9.97545
21464,3,9.97498
21465,3,9.97452
21466,3,9.97405
21467,3,9.97359
21468,3,9.97312
21469,3,9.97266
21470,3,9.97219
21471,3,9.97173
21472,3,9.97126
21473,3,9.9708
21474,3,9.97034
21475,3,9.96987
21476,3,9.96941
21477,3,9.96894
21478,3,9.96848
21479,3,9.96802
21480,3,9.96755
21481,3,9.96709
21482,3,9.96662
21483,3,9.96616
21484,3,9.9657
21485,3,9.96523
21486,3,9.96477
21487,3,9.9643
21488,3,9.96384
21489,3,9.96338
21490,3,9.96291
21491,3,9.96245
21492,3,9.96199
21493,3,9.96152
21494,3,9.96106
21495,3,9.9606
21496,3,9.96013
21497,3,9.95967
21498,3,9.95921
21499,3,9.95874
21500,3,9.95828
21501,3,9.95782
21502,3,9.95735
21503,3,9.95689
21504,3,9.95643
21505,3,9.95596
21506,3,9.9555
21507,3,9.95504
21508,3,9.95458
21509,3,9.95411
21510,3,9.95365
21511,3,9.95319
21512,3,9.95272
21513,3,9.95226
21514,3,9.9518
21515,3,9.95134
21516,3,9.95087
21517,3,9.95041
21518,3,9.94995
21519,3,9.94949
21520,3,9.94902
21521,3,9.94856
21522,3,9.9481
21523,3,9.94764
21524,3,9.94718
21525,3,9.94671
21526,3,9.94625
21527,3,9.94579
21528,3,9.94533
21529,3,9.94487
21530,3,9.9444
21531,3,9.94394
21532,3,9.94348
21533,3,9.94302
21534,3,9.94256
21535,3,9.94209
21536,3,9.94163
21537,3,9.94117
21538,3,9.94071
21539,3,9.94025
21540,3,9.93979
21541,3,9.93933
21542,3,9.93886
21543,3,9.9384
21544,3,9.93794
21545,3,9.93748
21546,3,9.93702
21547,3,9.93656
21548,3,9.9361
21549,3,9.93564
21550,3,9.93517
21551,3,9.93471
21552,3,9.93425
21553,3,9.93379
21554,3,9.93333
21555,3,9.93287
21556,3,9.93241
21557,3,9.93195
21558,3,9.93149
21559,3,9.93103
21560,3,9.93057
21561,3,9.93011
21562,3,9.92964
21563,3,9.92918
21564,3,9.92872
21565,3,9.92826
21566,3,9.9278
21567,3,9.92734
21568,3,9.92688
21569,3,9.92642
21570,3,9.92596
21571,3,9.9255
21572,3,9.92504
21573,3,9.92458
21574,3,9.92412
21575,3,9.92366
21576,3,9.9232
21577,2,9.92274
21578,2,9.92228
21579,2,9.92182
21580,2,9.92136
21581,2,9.9209
21582,2,9.92044
21583,2,9.91998
21584,2,9.91952
21585,2,9.91906
21586,2,9.9186
21587,2,9.91815
21588,2,9.91769
21589,2,9.91723
21590,2,9.91677
21591,2,9.91631
21592,2,9.91585
21593,2,9.91539
21594,2,9.91493
21595,2,9.91447
21596,2,9.91401
21597,2,9.91355
21598,2,9.91309
21599,2,9.91263
21600,2,9.91218
21601,2,9.91172
21602,2,9.91126
21603,2,9.9108
21604,2,9.91034
21605,2,9.90988
21606,2,9.90942
21607,2,9.90896
21608,2,9.90851
21609,2,9.90805
21610,2,9.90759
21611,2,9.90713
21612,2,9.90667
21613,2,9.90621
21614,2,9.90576
21615,2,9.9053
21616,2,9.90484
21617,2,9.90438
21618,2,9.90392
21619,2,9.90346
21620,2,9.90301
21621,2,9.90255
21622,2,9.90209
21623,2,9.90163
21624,2,9.90117
21625,2,9.90072
21626,2,9.90026
21627,2,9.8998
21628,2,9.89934
21629,2,9.89889
21630,2,9.89843
21631,2,9.89797
21632,2,9.89751
21633,2,9.89706
21634,2,9.8966
21635,2,9.89614
21636,2,9.89568
21637,2,9.89523
21638,2,9.89477
21639,2,9.89431
21640,2,9.89385
21641,2,9.8934
21642,2,9.89294
21643,2,9.89248
21644,2,9.89203
21645,2,9.89157
21646,2,9.89111
21647,2,9.89065
21648,2,9.8902
21649,2,9.88974
21650,2,9.88928
21651,2,9.88883
21652,2,9.88837
21653,2,9.88791
21654,2,9.88746
21655,2,9.887
21656,2,9.88654
21657,2,9.88609
21658,2,9.88563
21659,2,9.88517
21660,2,9.88472
21661,2,9.88426
21662,2,9.88381
21663,2,9.88335
21664,2,9.88289
21665,2,9.88244
21666,2,9.88198
21667,2,9.88152
21668,2,9.88107
21669,2,9.88061
21670,2,9.88016
21671,2,9.8797
21672,2,9.87925
21673,2,9.87879
21674,2,9.87833
21675,2,9.87788
21676,2,9.87742
21677,2,9.87697
21678,2,9.87651
21679,2,9.87606
21680,2,9.8756
21681,2,9.87514
21682,2,9.87469
21683,2,9.87423
21684,2,9.87378
21685,2,9.87332
21686,2,9.87287
21687,2,9.87241
21688,2,9.87196
21689,2,9.8715
21690,2,9.87105
21691,2,9.87059
21692,2,9.87014
21693,2,9.86968
21694,2,9.86923
21695,2,9.86877
21696,2,9.86832
21697,2,9.86786
21698,2,9.86741
21699,2,9.86695
21700,2,9.8665
21701,2,9.86604
21702,2,9.86559
21703,2,9.86513
21704,2,9.86468
21705,2,9.86422
21706,2,9.86377
21707,2,9.86332
21708,2,9.86286
21709,2,9.86241
21710,2,9.86195
21711,2,9.8615
21712,2,9.86104
21713,2,9.86059
21714,2,9.86014
21715,2,9.85968
21716,2,9.85923
21717,2,9.85877
21718,2,9.85832
21719,2,9.85787
21720,2,9.85741
21721,2,9.85696
21722,2,9.8565
21723,2,9.85605
21724,2,9.8556
21725,2,9.85514
21726,2,9.85469
21727,2,9.85424
21728,2,9.85378
21729,2,9.85333
21730,2,9.85288
21731,2,9.85242
21732,2,9.85197
21733,2,9.85152
21734,2,9.85106
21735,2,9.85061
21736,2,9.85016
21737,2,9.8497
21738,2,9.84925
21739,2,9.8488
21740,2,9.84834
21741,2,9.84789
21742,2,9.84744
21743,2,9.84699
21744,2,9.84653
21745,2,9.84608
21746,2,9.84563
21747,2,9.84517
21748,2,9.84472
21749,2,9.84427
21750,2,9.84382
21751,2,9.84336
21752,2,9.84291
21753,2,9.84246
21754,2,9.84201
21755,2,9.84155
21756,2,9.8411
21757,2,9.84065
21758,2,9.8402
21759,2,9.83974
21760,2,9.83929
21761,2,9.83884
21762,2,9.83839
21763,2,9.83794
21764,2,9.83748
21765,2,9.83703
21766,2,9.83658
21767,2,9.83613
21768,2,9.83568
21769,2,9.83522
21770,2,9.83477
21771,2,9.83432
21772,2,9.83387
21773,2,9.83342
21774,2,9.83297
21775,2,9.83251
21776,2,9.83206
21777,2,9.83161
21778,2,9.83116
21779,2,9.83071
21780,2,9.83026
21781,2,9.82981
21782,2,9.82935
21783,2,9.8289
21784,2,9.82845
21785,2,9.828
21786,2,9.82755
21787,2,9.8271
21788,2,9.82665
21789,2,9.8262
21790,2,9.82575
21791,2,9.82529
21792,2,9.82484
21793,2,9.82439
21794,2,9.82394
21795,2,9.82349
21796,2,9.82304
21797,2,9.82259
21798,2,9.82214
21799,2,9.82169
21800,2,9.82124
21801,2,9.82079
21802,2,9.82034
21803,2,9.81989
21804,2,9.81944
21805,2,9.81899
21806,2,9.81854
21807,2,9.81809
21808,2,9.81764
21809,2,9.81719
21810,2,9.81674
21811,2,9.81629
21812,2,9.81584
21813,2,9.81539
21814,2,9.81494
21815,2,9.81449
21816,2,9.81404
21817,2,9.81359
21818,2,9.81314
21819,2,9.81269
21820,2,9.81224
21821,2,9.81179
21822,2,9.81134
21823,2,9.81089
21824,2,9.81044
21825,2,9.80999
21826,2,9.80954
21827,2,9.80909
21828,2,9.80864
21829,2,9.80819
21830,2,9.80774
21831,2,9.80729
21832,2,9.80684
21833,2,9.80639
21834,2,9.80594
21835,2,9.8055
21836,2,9.80505
21837,2,9.8046
21838,2,9.80415
21839,2,9.8037
21840,2,9.80325
21841,2,9.8028
21842,2,9.80235
21843,2,9.8019
21844,2,9.80146
21845,2,9.80101
21846,2,9.80056
21847,2,9.80011
21848,2,9.79966
21849,2,9.79921
21850,2,9.79876
21851,2,9.79832
21852,2,9.79787
21853,2,9.79742
21854,2,9.79697
21855,2,9.79652
21856,2,9.79607
21857,2,9.79563
21858,2,9.79518
21859,2,9.79473
21860,2,9.79428
21861,2,9.79383
21862,2,9.79339
21863,2,9.79294
21864,2,9.79249
21865,2,9.79204
21866,2,9.79159
21867,2,9.79115
21868,2,9.7907
21869,2,9.79025
21870,2,9.7898
21871,2,9.78936
21872,2,9.78891
21873,2,9.78846
21874,2,9.78801
21875,2,9.78757
21876,2,9.78712
21877,2,9.78667
21878,2,9.78622
21879,2,9.78578
21880,2,9.78533
21881,2,9.78488
21882,2,9.78443
21883,2,9.78399
21884,2,9.78354
21885,2,9.78309
21886,2,9.78265
21887,2,9.7822
21888,2,9.78175
21889,2,9.78131
21890,2,9.78086
21891,2,9.78041
21892,2,9.77997
21893,2,9.77952
21894,2,9.77907
21895,2,9.77863
21896,2,9.77818
21897,2,9.77773
21898,2,9.77729
21899,2,9.77684
21900,2,9.77639
21901,2,9.77595
21902,2,9.7755
21903,2,9.77505
21904,2,9.77461
21905,2,9.77416
21906,2,9.77371
21907,2,9.77327
21908,2,9.77282
21909,2,9.77238
21910,2,9.77193
21911,2,9.77148
21912,2,9.77104
21913,2,9.77059
21914,2,9.77015
21915,2,9.7697
21916,2,9.76926
21917,2,9.76881
21918,2,9.76836
21919,2,9.76792
21920,2,9.76747
21921,2,9.76703
21922,2,9.76658
21923,2,9.76614
21924,2,9.76569
21925,2,9.76525
21926,2,9.7648
21927,2,9.76435
21928,2,9.76391
21929,2,9.76346
21930,2,9.76302
21931,2,9.76257
21932,2,9.76213
21933,2,9.76168
21934,2,9.76124
21935,2,9.76079
21936,2,9.76035
21937,2,9.7599
21938,2,9.75946
21939,2,9.75901
21940,2,9.75857
21941,2,9.75812
21942,2,9.75768
21943,2,9.75723
21944,2,9.75679
21945,2,9.75635
21946,2,9.7559
21947,2,9.75546
21948,2,9.75501
21949,2,9.75457
21950,2,9.75412
21951,2,9.75368
21952,2,9.75323
21953,2,9.75279
21954,2,9.75235
21955,2,9.7519
21956,2,9.75146
21957,2,9.75101
21958,2,9.75057
21959,2,9.75013
21960,2,9.74968
21961,2,9.74924
21962,2,9.74879
21963,2,9.74835
21964,2,9.74791
21965,2,9.74746
21966,2,9.74702
21967,2,9.74657
21968,2,9.74613
21969,2,9.74569
21970,2,9.74524
21971,2,9.7448
21972,2,9.74436
21973,2,9.74391
21974,2,9.74347
21975,2,9.74303
21976,2,9.74258
21977,2,9.74214
21978,2,9.7417
21979,2,9.74125
21980,2,9.74081
21981,2,9.74037
21982,2,9.73992
21983,2,9.73948
21984,2,9.73904
21985,2,9.73859
21986,2,9.73815
21987,2,9.73771
21988,2,9.73727
21989,2,9.73682
21990,2,9.73638
21991,2,9.73594
21992,2,9.73549
21993,2,9.73505
21994,2,9.73461
21995,2,9.73417
21996,2,9.73372
21997,2,9.73328
21998,2,9.73284
21999,2,9.7324
22000,2,9.73195
22001,2,9.73151
22002,2,9.73107
22003,2,9.73063
22004,2,9.73019
22005,2,9.72974
22006,2,9.7293
22007,2,9.72886
22008,2,9.72842
22009,2,9.72797
22010,2,9.72753
22011,2,9.72709
22012,2,9.72665
22013,2,9.72621
22014,2,9.72577
22015,2,9.72532
22016,2,9.72488
22017,2,9.72444
22018,2,9.724
22019,2,9.72356
22020,2,9.72312
22021,2,9.72267
22022,2,9.72223
22023,2,9.72179
22024,2,9.72135
22025,2,9.72091
22026,2,9.72047
22027,2,9.72003
22028,2,9.71958
22029,2,9.71914
22030,2,9.7187
22031,2,9.71826
22032,2,9.71782
22033,2,9.71738
22034,2,9.71694
22035,2,9.7165
22036,2,9.71606
22037,2,9.71561
22038,2,9.71517
22039,2,9.71473
22040,2,9.71429
22041,2,9.71385
22042,2,9.71341
22043,2,9.71297
22044,2,9.71253
22045,2,9.71209
22046,2,9.71165
22047,2,9.71121
22048,2,9.71077
22049,2,9.71033
22050,2,9.70989
22051,2,9.70945
22052,2,9.70901
22053,2,9.70857
22054,2,9.70813
22055,2,9.70769
22056,2,9.70725
22057,2,9.70681
22058,2,9.70637
22059,2,9.70593
22060,2,9.70549
22061,2,9.70505
22062,2,9.70461
22063,2,9.70417
22064,2,9.70373
22065,2,9.70329
22066,2,9.70285
22067,2,9.70241
22068,2,9.70197
22069,2,9.70153
22070,2,9.70109
22071,2,9.70065
22072,2,9.70021
22073,2,9.69977
22074,2,9.69933
22075,2,9.69889
22076,2,9.69845
22077,2,9.69801
22078,2,9.69757
22079,2,9.69713
22080,2,9.69669
22081,2,9.69625
22082,2,9.69582
22083,2,9.69538
22084,2,9.69494
22085,2,9.6945
22086,2,9.69406
22087,2,9.69362
22088,2,9.69318
22089,2,9.69274
22090,2,9.6923
22091,2,9.69187
22092,2,9.69143
22093,2,9.69099
22094,2,9.69055
22095,2,9.69011
22096,2,9.68967
22097,2,9.68923
22098,2,9.6888
22099,2,9.68836
22100,2,9.68792
22101,2,9.68748
22102,2,9.68704
22103,2,9.6866
22104,2,9.68617
22105,2,9.68573
22106,2,9.68529
22107,2,9.68485
22108,2,9.68441
22109,2,9.68397
22110,2,9.68354
22111,2,9.6831
22112,2,9.68266
22113,2,9.68222
22114,2,9.68179
22115,2,9.68135
22116,2,9.68091
22117,2,9.68047
22118,2,9.68003
22119,2,9.6796
22120,2,9.67916
22121,2,9.67872
22122,2,9.67828
22123,2,9.67785
22124,2,9.67741
22125,2,9.67697
22126,2,9.67653
22127,2,9.6761
22128,2,9.67566
22129,2,9.67522
22130,2,9.67479
22131,2,9.67435
22132,2,9.67391
22133,2,9.67347
22134,2,9.67304
22135,2,9.6726
22136,2,9.67216
22137,2,9.67173
22138,2,9.67129
22139,2,9.67085
22140,2,9.67042
22141,2,9.66998
22142,2,9.66954
22143,2,9.66911
22144,2,9.66867
22145,2,9.66823
22146,2,9.6678
22147,2,9.66736
22148,2,9.66692
22149,2,9.66649
22150,2,9.66605
22151,2,9.66561
22152,2,9.66518
22153,2,9.66474
22154,2,9.6643
22155,2,9.66387
22156,2,9.66343
22157,2,9.663
22158,2,9.66256
22159,2,9.66212
22160,2,9.66169
22161,2,9.66125
22162,2,9.66082
22163,2,9.66038
22164,2,9.65994
22165,2,9.65951
22166,2,9.65907
22167,2,9.65864
22168,2,9.6582
22169,2,9.65777
22170,2,9.65733
22171,2,9.65689
22172,2,9.65646
22173,2,9.65602
22174,2,9.65559
22175,2,9.65515
22176,2,9.65472
22177,2,9.65428
22178,2,9.65385
22179,2,9.65341
22180,2,9.65298
22181,2,9.65254
22182,2,9.65211
22183,2,9.65167
22184,2,9.65124
22185,2,9.6508
22186,2,9.65037
22187,2,9.64993
22188,2,9.6495
22189,2,9.64906
22190,2,9.64863
22191,2,9.64819
22192,2,9.64776
22193,2,9.64732
22194,2,9.64689
22195,2,9.64645
22196,2,9.64602
22197,2,9.64558
22198,2,9.64515
22199,2,9.64471
22200,2,9.64428
22201,2,9.64384
22202,2,9.64341
22203,2,9.64298
22204,2,9.64254
22205,2,9.64211
22206,2,9.64167
22207,2,9.64124
22208,2,9.64081
22209,2,9.64037
22210,2,9.63994
22211,2,9.6395
22212,2,9.63907
22213,2,9.63864
22214,2,9.6382
22215,2,9.63777
22216,2,9.63733
22217,2,9.6369
22218,2,9.63647
22219,2,9.63603
22220,2,9.6356
22221,2,9.63516
22222,2,9.63473
22223,2,9.6343
22224,2,9.63386
22225,2,9.63343
22226,2,9.633
22227,2,9.63256
22228,2,9.63213
22229,2,9.6317
22230,2,9.63126
22231,2,9.63083
22232,2,9.6304
22233,2,9.62996
22234,2,9.62953
22235,2,9.6291
22236,2,9.62867
22237,2,9.62823
22238,2,9.6278
22239,2,9.62737
22240,2,9.62693
22241,2,9.6265
22242,2,9.62607
22243,2,9.62564
22244,2,9.6252
22245,2,9.62477
22246,2,9.62434
22247,2,9.6239
22248,2,9.62347
22249,2,9.62304
22250,2,9.62261
22251,2,9.62217
22252,2,9.62174
22253,2,9.62131
22254,2,9.62088
22255,2,9.62044
22256,2,9.62001
22257,2,9.61958
22258,2,9.61915
22259,2,9.61872
22260,2,9.61828
22261,2,9.61785
22262,2,9.61742
22263,2,9.61699
22264,2,9.61656
22265,2,9.61612
22266,2,9.61569
22267,2,9.61526
22268,2,9.61483
22269,2,9.6144
22270,2,9.61396
22271,2,9.61353
22272,2,9.6131
22273,2,9.61267
22274,2,9.61224
22275,2,9.61181
22276,2,9.61138
22277,2,9.61094
22278,2,9.61051
22279,2,9.61008
22280,2,9.60965
22281,2,9.60922
22282,2,9.60879
22283,2,9.60836
22284,2,9.60792
22285,2,9.60749
22286,2,9.60706
22287,2,9.60663
22288,2,9.6062
22289,2,9.60577
22290,2,9.60534
22291,2,9.60491
22292,2,9.60448
22293,2,9.60405
22294,2,9.60362
22295,2,9.60318
22296,2,9.60275
22297,2,9.60232
22298,2,9.60189
22299,2,9.60146
22300,2,9.60103
22301,2,9.6006
22302,2,9.60017
22303,2,9.59974
22304,2,9.59931
22305,2,9.59888
22306,2,9.59845
22307,2,9.59802
22308,2,9.59759
22309,2,9.59716
22310,2,9.59673
22311,2,9.5963
22312,2,9.59587
22313,2,9.59544
22314,2,9.59501
22315,2,9.59458
22316,2,9.59415
22317,2,9.59372
22318,2,9.59329
22319,2,9.59286
22320,2,9.59243
22321,2,9.592
22322,2,9.59157
22323,2,9.59114
22324,2,9.59071
22325,2,9.59028
22326,2,9.58985
22327,2,9.58942
22328,2,9.58899
22329,2,9.58856
22330,2,9.58813
22331,2,9.5877
22332,2,9.58727
22333,2,9.58684
22334,2,9.58642
22335,2,9.58599
22336,2,9.58556
22337,2,9.58513
22338,2,9.5847
22339,2,9.58427
22340,2,9.58384
22341,2,9.58341
22342,2,9.58298
22343,2,9.58255
22344,2,9.58212
22345,2,9.5817
22346,2,9.58127
22347,2,9.58084
22348,2,9.58041
22349,2,9.57998
22350,2,9.57955
22351,2,9.57912
22352,2,9.5787
22353,2,9.57827
22354,2,9.57784
22355,2,9.57741
22356,2,9.57698
22357,2,9.57655
22358,2,9.57612
22359,2,9.5757
22360,2,9.57527
22361,2,9.57484
22362,2,9.57441
22363,2,9.57398
22364,2,9.57356
22365,2,9.57313
22366,2,9.5727
22367,2,9.57227
22368,2,9.57184
22369,2,9.57142
22370,2,9.57099
22371,2,9.57056
22372,2,9.57013
22373,2,9.5697
22374,2,9.56928
22375,2,9.56885
22376,2,9.56842
22377,2,9.56799
22378,2,9.56757
22379,2,9.56714
22380,2,9.56671
22381,2,9.56628
22382,2,9.56586
22383,2,9.56543
22384,2,9.565
22385,2,9.56457
22386,2,9.56415
22387,2,9.56372
22388,2,9.56329
22389,2,9.56287
22390,2,9.56244
22391,2,9.56201
22392,2,9.56158
22393,2,9.56116
22394,2,9.56073
22395,2,9.5603
22396,2,9.55988
22397,2,9.55945
22398,2,9.55902
22399,2,9.5586
22400,2,9.55817
22401,2,9.55774
22402,2,9.55732
22403,2,9.55689
22404,2,9.55646
22405,2,9.55604
22406,2,9.55561
22407,2,9.55518
22408,2,9.55476
22409,2,9.55433
22410,2,9.5539
22411,2,9.55348
22412,2,9.55305
22413,2,9.55263
22414,2,9.5522
22415,2,9.55177
22416,2,9.55135
22417,2,9.55092
22418,2,9.5505
22419,2,9.55007
22420,2,9.54964
22421,2,9.54922
22422,2,9.54879
22423,2,9.54837
22424,2,9.54794
22425,2,9.54751
22426,2,9.54709
22427,2,9.54666
22428,2,9.54624
22429,2,9.54581
22430,2,9.54539
22431,2,9.54496
22432,2,9.54453
22433,2,9.54411
22434,2,9.54368
22435,2,9.54326
22436,2,9.54283
22437,2,9.54241
22438,2,9.54198
22439,2,9.54156
22440,2,9.54113
22441,2,9.54071
22442,2,9.54028
22443,2,9.53986
22444,2,9.53943
22445,2,9.53901
22446,2,9.53858
22447,2,9.53816
22448,2,9.53773
22449,2,9.53731
22450,2,9.53688
22451,2,9.53646
22452,2,9.53603
22453,2,9.53561
22454,2,9.53518
22455,2,9.53476
22456,2,9.53433
22457,2,9.53391
22458,2,9.53348
22459,2,9.53306
22460,2,9.53264
22461,2,9.53221
22462,2,9.53179
22463,2,9.53136
22464,2,9.53094
22465,2,9.53051
22466,2,9.53009
22467,2,9.52967
22468,2,9.52924
22469,2,9.52882
22470,2,9.52839
22471,2,9.52797
22472,2,9.52755
22473,2,9.52712
22474,2,9.5267
22475,2,9.52627
22476,2,9.52585
22477,2,9.52543
22478,2,9.525
22479,2,9.52458
22480,2,9.52415
22481,2,9.52373
22482,2,9.52331
22483,2,9.52288
22484,2,9.52246
22485,2,9.52204
22486,2,9.52161
22487,2,9.52119
22488,2,9.52077
22489,2,9.52034
22490,2,9.51992
22491,2,9.5195
22492,2,9.51907
22493,2,9.51865
22494,2,9.51823
22495,2,9.5178
22496,2,9.51738
22497,2,9.51696
22498,2,9.51653
22499,2,9.51611
22500,2,9.51569
22501,2,9.51527
22502,2,9.51484
22503,2,9.51442
22504,2,9.514
22505,2,9.51357
22506,2,9.51315
22507,2,9.51273
22508,2,9.51231
22509,2,9.51188
22510,2,9.51146
22511,2,9.51104
22512,2,9.51062
22513,2,9.51019
22514,2,9.50977
22515,2,9.50935
22516,2,9.50893
22517,2,9.5085
22518,2,9.50808
22519,2,9.50766
22520,2,9.50724
22521,2,9.50682
22522,2,9.50639
22523,2,9.50597
22524,2,9.50555
22525,2,9.50513
22526,2,9.50471
22527,2,9.50428
22528,2,9.50386
22529,2,9.50344
22530,2,9.50302
22531,2,9.5026
22532,2,9.50217
22533,2,9.50175
22534,2,9.50133
22535,2,9.50091
22536,2,9.50049
22537,2,9.50007
22538,2,9.49965
22539,2,9.49922
22540,2,9.4988
22541,2,9.49838
22542,2,9.49796
22543,2,9.49754
22544,2,9.49712
22545,2,9.4967
22546,2,9.49627
22547,2,9.49585
22548,2,9.49543
22549,2,9.49501
22550,2,9.49459
22551,2,9.49417
22552,2,9.49375
22553,2,9.49333
22554,2,9.49291
22555,2,9.49249
22556,2,9.49206
22557,2,9.49164
22558,2,9.49122
22559,2,9.4908
22560,2,9.49038
22561,2,9.48996
22562,2,9.48954
22563,2,9.48912
22564,2,9.4887
22565,2,9.48828
22566,2,9.48786
22567,2,9.48744
22568,2,9.48702
22569,2,9.4866
22570,2,9.48618
22571,2,9.48576
22572,2,9.48534
22573,2,9.48492
22574,2,9.4845
22575,2,9.48408
22576,2,9.48366
22577,2,9.48324
22578,2,9.48282
22579,2,9.4824
22580,2,9.48198
22581,2,9.48156
22582,2,9.48114
22583,2,9.48072
22584,2,9.4803
22585,2,9.47988
22586,2,9.47946
22587,2,9.47904
22588,2,9.47862
22589,2,9.4782
22590,2,9.47778
22591,2,9.47736
22592,2,9.47694
22593,2,9.47652
22594,2,9.4761
22595,2,9.47568
22596,2,9.47526
22597,2,9.47484
22598,2,9.47442
22599,2,9.474
22600,2,9.47358
22601,2,9.47316
22602,2,9.47275
22603,2,9.47233
22604,2,9.47191
22605,2,9.47149
22606,2,9.47107
22607,2,9.47065
22608,2,9.47023
22609,2,9.46981
22610,2,9.46939
22611,2,9.46898
22612,2,9.46856
22613,2,9.46814
22614,2,9.46772
22615,2,9.4673
22616,2,9.46688
22617,2,9.46646
22618,2,9.46604
22619,2,9.46563
22620,2,9.46521
22621,2,9.46479
22622,2,9.46437
22623,2,9.46395
22624,2,9.46353
22625,2,9.46312
22626,2,9.4627
22627,2,9.46228
22628,2,9.46186
22629,2,9.46144
22630,2,9.46103
22631,2,9.46061
22632,2,9.46019
22633,2,9.45977
22634,2,9.45935
22635,2,9.45894
22636,2,9.45852
22637,2,9.4581
22638,2,9.45768
22639,2,9.45726
22640,2,9.45685
22641,2,9.45643
22642,2,9.45601
22643,2,9.45559
22644,2,9.45518
22645,2,9.45476
22646,2,9.45434
22647,2,9.45392
22648,2,9.45351
22649,2,9.45309
22650,2,9.45267
22651,2,9.45225
22652,2,9.45184
22653,2,9.45142
22654,2,9.451
22655,2,9.45058
22656,2,9.45017
22657,2,9.44975
22658,2,9.44933
22659,2,9.44892
22660,2,9.4485
22661,2,9.44808
22662,2,9.44767
22663,2,9.44725
22664,2,9.44683
22665,2,9.44642
22666,2,9.446
22667,2,9.44558
22668,2,9.44516
22669,2,9.44475
22670,2,9.44433
22671,2,9.44392
22672,2,9.4435
22673,2,9.44308
22674,2,9.44267
22675,2,9.44225
22676,2,9.44183
22677,2,9.44142
22678,2,9.441
22679,2,9.44058
22680,2,9.44017
22681,2,9.43975
22682,2,9.43934
22683,2,9.43892
22684,2,9.4385
22685,2,9.43809
22686,2,9.43767
22687,2,9.43725
22688,2,9.43684
22689,2,9.43642
22690,2,9.43601
22691,2,9.43559
22692,2,9.43518
22693,2,9.43476
22694,2,9.43434
22695,2,9.43393
22696,2,9.43351
22697,2,9.4331
22698,2,9.43268
22699,2,9.43227
22700,2,9.43185
22701,2,9.43143
22702,2,9.43102
22703,2,9.4306
22704,2,9.43019
22705,2,9.42977
22706,2,9.42936
22707,2,9.42894
22708,2,9.42853
22709,2,9.42811
22710,2,9.4277
22711,2,9.42728
22712,2,9.42687
22713,2,9.42645
22714,2,9.42604
22715,2,9.42562
22716,2,9.42521
22717,2,9.42479
22718,2,9.42438
22719,2,9.42396
22720,2,9.42355
22721,2,9.42313
22722,2,9.42272
22723,2,9.4223
22724,2,9.42189
22725,2,9.42147
22726,2,9.42106
22727,2,9.42065
22728,2,9.42023
22729,2,9.41982
22730,2,9.4194
22731,2,9.41899
22732,2,9.41857
22733,2,9.41816
22734,2,9.41774
22735,2,9.41733
22736,2,9.41692
22737,2,9.4165
22738,2,9.41609
22739,2,9.41567
22740,2,9.41526
22741,2,9.41485
22742,2,9.41443
22743,2,9.41402
22744,2,9.4136
22745,2,9.41319
22746,2,9.41278
22747,2,9.41236
22748,2,9.41195
22749,2,9.41153
22750,2,9.41112
22751,2,9.41071
22752,2,9.41029
22753,2,9.40988
22754,2,9.40947
22755,2,9.40905
22756,2,9.40864
22757,2,9.40823
22758,2,9.40781
22759,2,9.4074
22760,2,9.40699
22761,2,9.40657
22762,2,9.40616
22763,2,9.40575
22764,2,9.40533
22765,2,9.40492
22766,2,9.40451
22767,2,9.40409
22768,2,9.40368
22769,2,9.40327
22770,2,9.40285
22771,2,9.40244
22772,2,9.40203
22773,2,9.40162
22774,2,9.4012
22775,2,9.40079
22776,2,9.40038
22777,2,9.39996
22778,2,9.39955
22779,2,9.39914
22780,2,9.39873
22781,2,9.39831
22782,2,9.3979
22783,2,9.39749
22784,2,9.39708
22785,2,9.39666
22786,2,9.39625
22787,2,9.39584
22788,2,9.39543
22789,2,9.39502
22790,2,9.3946
22791,2,9.39419
22792,2,9.39378
22793,2,9.39337
22794,2,9.39295
22795,2,9.39254
22796,2,9.39213
22797,2,9.39172
22798,2,9.39131
22799,2,9.39089
22800,2,9.39048
22801,2,9.39007
22802,2,9.38966
22803,2,9.38925
22804,2,9.38884
22805,2,9.38842
22806,2,9.38801
22807,2,9.3876
22808,2,9.38719
22809,2,9.38678
22810,2,9.38637
22811,2,9.38595
22812,2,9.38554
22813,2,9.38513
22814,2,9.38472
22815,2,9.38431
22816,2,9.3839
22817,2,9.38349
22818,2,9.38307
22819,2,9.38266
22820,2,9.38225
22821,2,9.38184
22822,2,9.38143
22823,2,9.38102
22824,2,9.38061
22825,2,9.3802
22826,2,9.37979
22827,2,9.37938
22828,2,9.37896
22829,2,9.37855
22830,2,9.37814
22831,2,9.37773
22832,2,9.37732
22833,2,9.37691
22834,2,9.3765
22835,2,9.37609
22836,2,9.37568
22837,2,9.37527
22838,2,9.37486
22839,2,9.37445
22840,2,9.37404
22841,2,9.37363
22842,2,9.37322
22843,2,9.37281
22844,2,9.3724
22845,2,9.37199
22846,2,9.37157
22847,2,9.37116
22848,2,9.37075
22849,2,9.37034
22850,2,9.36993
22851,2,9.36952
22852,2,9.36911
22853,2,9.3687
22854,2,9.36829
22855,2,9.36788
22856,2,9.36747
22857,2,9.36706
22858,2,9.36666
22859,2,9.36625
22860,2,9.36584
22861,2,9.36543
22862,2,9.36502
22863,2,9.36461
22864,2,9.3642
22865,2,9.36379
22866,2,9.36338
22867,2,9.36297
22868,2,9.36256
22869,2,9.36215
22870,2,9.36174
22871,2,9.36133
22872,2,9.36092
22873,2,9.36051
22874,2,9.3601
22875,2,9.35969
22876,2,9.35928
22877,2,9.35888
22878,2,9.35847
22879,2,9.35806
22880,2,9.35765
22881,2,9.35724
22882,2,9.35683
22883,2,9.35642
22884,2,9.35601
22885,2,9.3556
22886,2,9.3552
22887,2,9.35479
22888,2,9.35438
22889,2,9.35397
22890,2,9.35356
22891,2,9.35315
22892,2,9.35274
22893,2,9.35233
22894,2,9.35193
22895,2,9.35152
22896,2,9.35111
22897,2,9.3507
22898,2,9.35029
22899,2,9.34988
22900,2,9.34948
22901,2,9.34907
22902,2,9.34866
22903,2,9.34825
22904,2,9.34784
22905,2,9.34744
22906,2,9.34703
22907,2,9.34662
22908,2,9.34621
22909,2,9.3458
22910,2,9.3454
22911,2,9.34499
22912,2,9.34458
22913,2,9.34417
22914,2,9.34376
22915,2,9.34336
22916,2,9.34295
22917,2,9.34254
22918,2,9.34213
22919,2,9.34173
22920,2,9.34132
22921,2,9.34091
22922,2,9.3405
22923,2,9.3401
22924,2,9.33969
22925,2,9.33928
22926,2,9.33887
22927,2,9.33847
22928,2,9.33806
22929,2,9.33765
22930,2,9.33724
22931,2,9.33684
22932,2,9.33643
22933,2,9.33602
22934,2,9.33562
22935,2,9.33521
22936,2,9.3348
22937,2,9.33439
22938,2,9.33399
22939,2,9.33358
22940,2,9.33317
22941,2,9.33277
22942,2,9.33236
22943,2,9.33195
22944,2,9.33155
22945,2,9.33114
22946,2,9.33073
22947,2,9.33033
22948,2,9.32992
22949,2,9.32951
22950,2,9.32911
22951,2,9.3287
22952,2,9.32829
22953,2,9.32789
22954,2,9.32748
22955,2,9.32707
22956,2,9.32667
22957,2,9.32626
22958,2,9.32586
22959,2,9.32545
22960,2,9.32504
22961,2,9.32464
22962,2,9.32423
22963,2,9.32383
22964,2,9.32342
22965,2,9.32301
22966,2,9.32261
22967,2,9.3222
22968,2,9.3218
22969,2,9.32139
22970,2,9.32098
22971,2,9.32058
22972,2,9.32017
22973,2,9.31977
22974,2,9.31936
22975,2,9.31896
22976,2,9.31855
22977,2,9.31814
22978,2,9.31774
22979,2,9.31733
22980,2,9.31693
22981,2,9.31652
22982,2,9.31612
22983,2,9.31571
22984,2,9.31531
22985,2,9.3149
22986,2,9.3145
22987,2,9.31409
22988,2,9.31369
22989,2,9.31328
22990,2,9.31288
22991,2,9.31247
22992,2,9.31207
22993,2,9.31166
22994,2,9.31126
22995,2,9.31085
22996,2,9.31045
22997,2,9.31004
22998,2,9.30964
22999,2,9.30923
23000,2,9.30883
23001,2,9.30842
23002,2,9.30802
23003,2,9.30761
23004,2,9.30721
23005,2,9.3068
23006,2,9.3064
23007,2,9.30599
23008,2,9.30559
23009,2,9.30518
23010,2,9.30478
23011,2,9.30438
23012,2,9.30397
23013,2,9.30357
23014,2,9.30316
23015,2,9.30276
23016,2,9.30235
23017,2,9.30195
23018,2,9.30155
23019,2,9.30114
23020,2,9.30074
23021,2,9.30033
23022,2,9.29993
23023,2,9.29953
23024,2,9.29912
23025,2,9.29872
23026,2,9.29831
23027,2,9.29791
23028,2,9.29751
23029,2,9.2971
23030,2,9.2967
23031,2,9.2963
23032,2,9.29589
23033,2,9.29549
23034,2,9.29509
23035,2,9.29468
23036,2,9.29428
23037,2,9.29388
23038,2,9.29347
23039,2,9.29307
23040,2,9.29266
23041,2,9.29226
23042,2,9.29186
23043,2,9.29146
23044,2,9.29105
23045,2,9.29065
23046,2,9.29025
23047,2,9.28984
23048,2,9.28944
23049,2,9.28904
23050,2,9.28863
23051,2,9.28823
23052,2,9.28783
23053,2,9.28742
23054,2,9.28702
23055,2,9.28662
23056,2,9.28622
23057,2,9.28581
23058,2,9.28541
23059,2,9.28501
23060,2,9.28461
23061,2,9.2842
23062,2,9.2838
23063,2,9.2834
23064,2,9.283
23065,2,9.28259
23066,2,9.28219
23067,2,9.28179
23068,2,9.28139
23069,2,9.28098
23070,2,9.28058
23071,2,9.28018
23072,2,9.27978
23073,2,9.27937
23074,2,9.27897
23075,2,9.27857
23076,2,9.27817
23077,2,9.27777
23078,2,9.27736
23079,2,9.27696
23080,2,9.27656
23081,2,9.27616
23082,2,9.27576
23083,2,9.27535
23084,2,9.27495
23085,2,9.27455
23086,2,9.27415
23087,2,9.27375
23088,2,9.27335
23089,2,9.27294
23090,2,9.27254
23091,2,9.27214
23092,2,9.27174
23093,2,9.27134
23094,2,9.27094
23095,2,9.27053
23096,2,9.27013
23097,2,9.26973
23098,2,9.26933
23099,2,9.26893
23100,2,9.26853
23101,2,9.26813
23102,2,9.26773
23103,2,9.26732
23104,2,9.26692
23105,2,9.26652
23106,2,9.26612
23107,2,9.26572
23108,2,9.26532
23109,2,9.26492
23110,2,9.26452
23111,2,9.26412
23112,2,9.26372
23113,2,9.26332
23114,2,9.26291
23115,2,9.26251
23116,2,9.26211
23117,2,9.26171
23118,2,9.26131
23119,2,9.26091
23120,2,9.26051
23121,2,9.26011
23122,2,9.25971
23123,2,9.25931
23124,2,9.25891
23125,2,9.25851
23126,2,9.25811
23127,2,9.25771
23128,2,9.25731
23129,2,9.25691
23130,2,9.25651
23131,2,9.25611
23132,2,9.25571
23133,2,9.25531
23134,2,9.25491
23135,2,9.25451
23136,2,9.25411
23137,2,9.25371
23138,2,9.25331
23139,2,9.25291
23140,2,9.25251
23141,2,9.25211
23142,2,9.25171
23143,2,9.25131
23144,2,9.25091
23145,2,9.25051
23146,2,9.25011
23147,2,9.24971
23148,2,9.24931
23149,2,9.24891
23150,2,9.24851
23151,2,9.24811
23152,2,9.24771
23153,2,9.24731
23154,2,9.24691
23155,2,9.24651
23156,2,9.24611
23157,2,9.24571
23158,2,9.24531
23159,2,9.24492
23160,2,9.24452
23161,2,9.24412
23162,2,9.24372
23163,2,9.24332
23164,2,9.24292
23165,2,9.24252
23166,2,9.24212
23167,2,9.24172
23168,2,9.24132
23169,2,9.24093
23170,2,9.24053
23171,2,9.24013
23172,2,9.23973
23173,2,9.23933
23174,2,9.23893
23175,2,9.23853
23176,2,9.23813
23177,2,9.23774
23178,2,9.23734
23179,2,9.23694
23180,2,9.23654
23181,2,9.23614
23182,2,9.23574
23183,2,9.23534
23184,2,9.23495
23185,2,9.23455
23186,2,9.23415
23187,2,9.23375
23188,2,9.23335
23189,2,9.23296
23190,2,9.23256
23191,2,9.23216
23192,2,9.23176
23193,2,9.23136
23194,2,9.23096
23195,2,9.23057
23196,2,9.23017
23197,2,9.22977
23198,2,9.22937
23199,2,9.22898
23200,2,9.22858
23201,2,9.22818
23202,2,9.22778
23203,2,9.22738
23204,2,9.22699
23205,2,9.22659
23206,2,9.22619
23207,2,9.22579
23208,2,9.2254
23209,2,9.225
23210,2,9.2246
23211,2,9.2242
23212,2,9.22381
23213,2,9.22341
23214,2,9.22301
23215,2,9.22261
23216,2,9.22222
23217,2,9.22182
23218,2,9.22142
23219,2,9.22103
23220,2,9.22063
23221,2,9.22023
23222,2,9.21983
23223,2,9.21944
23224,2,9.21904
23225,2,9.21864
23226,2,9.21825
23227,2,9.21785
23228,2,9.21745
23229,2,9.21706
23230,2,9.21666
23231,2,9.21626
23232,2,9.21587
23233,2,9.21547
23234,2,9.21507
23235,2,9.21468
23236,2,9.21428
23237,2,9.21388
23238,2,9.21349
23239,2,9.21309
23240,2,9.21269
23241,2,9.2123
23242,2,9.2119
23243,2,9.2115
23244,2,9.21111
23245,2,9.21071
23246,2,9.21032
23247,2,9.20992
23248,2,9.20952
23249,2,9.20913
23250,2,9.20873
23251,2,9.20834
23252,2,9.20794
23253,2,9.20754
23254,2,9.20715
23255,2,9.20675
23256,2,9.20636
23257,2,9.20596
23258,2,9.20556
23259,2,9.20517
23260,2,9.20477
23261,2,9.20438
23262,2,9.20398
23263,2,9.20359
23264,2,9.20319
23265,2,9.20279
23266,2,9.2024
23267,2,9.202
23268,2,9.20161
23269,2,9.20121
23270,2,9.20082
23271,2,9.20042
23272,2,9.20003
23273,2,9.19963
23274,2,9.19924
23275,2,9.19884
23276,2,9.19844
23277,2,9.19805
23278,2,9.19765
23279,2,9.19726
23280,2,9.19686
23281,2,9.19647
23282,2,9.19607
23283,2,9.19568
23284,2,9.19528
23285,2,9.19489
23286,2,9.19449
23287,2,9.1941
23288,2,9.1937
23289,2,9.19331
23290,2,9.19292
23291,2,9.19252
23292,2,9.19213
23293,2,9.19173
23294,2,9.19134
23295,2,9.19094
23296,2,9.19055
23297,2,9.19015
23298,2,9.18976
23299,2,9.18936
23300,2,9.18897
23301,2,9.18858
23302,2,9.18818
23303,2,9.18779
23304,2,9.18739
23305,2,9.187
23306,2,9.1866
23307,2,9.18621
23308,2,9.18582
23309,2,9.18542
23310,2,9.18503
23311,2,9.18463
23312,2,9.18424
23313,2,9.18385
23314,2,9.18345
23315,2,9.18306
23316,2,9.18266
23317,2,9.18227
23318,2,9.18188
23319,2,9.18148
23320,2,9.18109
23321,2,9.1807
23322,2,9.1803
23323,2,9.17991
23324,2,9.17951
23325,2,9.17912
23326,2,9.17873
23327,2,9.17833
23328,2,9.17794
23329,2,9.17755
23330,2,9.17715
23331,2,9.17676
23332,2,9.17637
23333,2,9.17597
23334,2,9.17558
23335,2,9.17519
23336,2,9.17479
23337,2,9.1744
23338,2,9.17401
23339,2,9.17361
23340,2,9.17322
23341,2,9.17283
23342,2,9.17244
23343,2,9.17204
23344,2,9.17165
23345,2,9.17126
23346,2,9.17086
23347,2,9.17047
23348,2,9.17008
23349,2,9.16969
23350,2,9.16929
23351,2,9.1689
23352,2,9.16851
23353,2,9.16812
23354,2,9.16772
23355,2,9.16733
23356,2,9.16694
23357,2,9.16655
23358,2,9.16615
23359,2,9.16576
23360,2,9.16537
23361,2,9.16498
23362,2,9.16458
23363,2,9.16419
23364,2,9.1638
23365,2,9.16341
23366,2,9.16301
23367,2,9.16262
23368,2,9.16223
23369,2,9.16184
23370,2,9.16145
23371,2,9.16105
23372,2,9.16066
23373,2,9.16027
23374,2,9.15988
23375,2,9.15949
23376,2,9.15909
23377,2,9.1587
23378,2,9.15831
23379,2,9.15792
23380,2,9.15753
23381,2,9.15714
23382,2,9.15674
23383,2,9.15635
23384,2,9.15596
23385,2,9.15557
23386,2,9.15518
23387,2,9.15479
23388,2,9.1544
23389,2,9.154
23390,2,9.15361
23391,2,9.15322
23392,2,9.15283
23393,2,9.15244
23394,2,9.15205
23395,2,9.15166
23396,2,9.15127
23397,2,9.15087
23398,2,9.15048
23399,2,9.15009
23400,2,9.1497
23401,2,9.14931
23402,2,9.14892
23403,2,9.14853
23404,2,9.14814
23405,2,9.14775
23406,2,9.14736
23407,2,9.14696
23408,2,9.14657
23409,2,9.14618
23410,2,9.14579
23411,2,9.1454
23412,2,9.14501
23413,2,9.14462
23414,2,9.14423
23415,2,9.14384
23416,2,9.14345
23417,2,9.14306
23418,2,9.14267
23419,2,9.14228
23420,2,9.14189
23421,2,9.1415
23422,2,9.14111
23423,2,9.14072
23424,2,9.14033
23425,2,9.13994
23426,2,9.13955
23427,2,9.13916
23428,2,9.13877
23429,2,9.13838
23430,2,9.13799
23431,2,9.1376
23432,2,9.13721
23433,2,9.13682
23434,2,9.13643
23435,2,9.13604
23436,2,9.13565
23437,2,9.13526
23438,2,9.13487
23439,2,9.13448
23440,2,9.13409
23441,2,9.1337
23442,2,9.13331
23443,2,9.13292
23444,2,9.13253
23445,2,9.13214
23446,2,9.13175
23447,2,9.13136
23448,2,9.13097
23449,2,9.13058
23450,2,9.13019
23451,2,9.1298
23452,2,9.12941
23453,2,9.12902
23454,2,9.12863
23455,2,9.12825
23456,2,9.12786
23457,2,9.12747
23458,2,9.12708
23459,2,9.12669
23460,2,9.1263
23461,2,9.12591
23462,2,9.12552
23463,2,9.12513
23464,2,9.12474
23465,2,9.12436
23466,2,9.12397
23467,2,9.12358
23468,2,9.12319
23469,2,9.1228
23470,2,9.12241
23471,2,9.12202
23472,2,9.12163
23473,2,9.12125
23474,2,9.12086
23475,2,9.12047
23476,2,9.12008
23477,2,9.11969
23478,2,9.1193
23479,2,9.11891
23480,2,9.11853
23481,2,9.11814
23482,2,9.11775
23483,2,9.11736
23484,2,9.11697
23485,2,9.11659
23486,2,9.1162
23487,2,9.11581
23488,2,9.11542
23489,2,9.11503
23490,2,9.11464
23491,2,9.11426
23492,2,9.11387
23493,2,9.11348
23494,2,9.11309
23495,2,9.1127
23496,2,9.11232
23497,2,9.11193
23498,2,9.11154
23499,2,9.11115
23500,2,9.11077
23501,2,9.11038
23502,2,9.10999
23503,2,9.1096
23504,2,9.10922
23505,2,9.10883
23506,2,9.10844
23507,2,9.10805
23508,2,9.10767
23509,2,9.10728
23510,2,9.10689
23511,2,9.1065
23512,2,9.10612
23513,2,9.10573
23514,2,9.10534
23515,2,9.10495
23516,2,9.10457
23517,2,9.10418
23518,2,9.10379
23519,2,9.10341
23520,2,9.10302
23521,2,9.10263
23522,2,9.10224
23523,2,9.10186
23524,2,9.10147
23525,2,9.10108
23526,2,9.1007
23527,2,9.10031
23528,2,9.09992
23529,2,9.09954
23530,2,9.09915
23531,2,9.09876
23532,2,9.09838
23533,2,9.09799
23534,2,9.0976
23535,2,9.09722
23536,2,9.09683
23537,2,9.09644
23538,2,9.09606
23539,2,9.09567
23540,2,9.09528
23541,2,9.0949
23542,2,9.09451
23543,2,9.09413
23544,2,9.09374
23545,2,9.09335
23546,2,9.09297
23547,2,9.09258
23548,2,9.09219
23549,2,9.09181
23550,2,9.09142
23551,2,9.09104
23552,2,9.09065
23553,2,9.09026
23554,2,9.08988
23555,2,9.08949
23556,2,9.08911
23557,2,9.08872
23558,2,9.08834
23559,2,9.08795
23560,2,9.08756
23561,2,9.08718
23562,2,9.08679
23563,2,9.08641
23564,2,9.08602
23565,2,9.08564
23566,2,9.08525
23567,2,9.08486
23568,2,9.08448
23569,2,9.08409
23570,2,9.08371
23571,2,9.08332
23572,2,9.08294
23573,2,9.08255
23574,2,9.08217
23575,2,9.08178
23576,2,9.0814
23577,2,9.08101
23578,2,9.08063
23579,2,9.08024
23580,2,9.07986
23581,2,9.07947
23582,2,9.07909
23583,2,9.0787
23584,2,9.07832
23585,2,9.07793
23586,2,9.07755
23587,2,9.07716
23588,2,9.07678
23589,2,9.07639
23590,2,9.07601
23591,2,9.07562
23592,2,9.07524
23593,2,9.07485
23594,2,9.07447
23595,2,9.07408
23596,2,9.0737
23597,2,9.07331
23598,2,9.07293
23599,2,9.07255
23600,2,9.07216
23601,2,9.07178
23602,2,9.07139
23603,2,9.07101
23604,2,9.07062
23605,2,9.07024
23606,2,9.06986
23607,2,9.06947
23608,2,9.06909
23609,2,9.0687
23610,2,9.06832
23611,2,9.06793
23612,2,9.06755
23613,2,9.06717
23614,2,9.06678
23615,2,9.0664
23616,2,9.06601
23617,2,9.06563
23618,2,9.06525
23619,2,9.06486
23620,2,9.06448
23621,2,9.0641
23622,2,9.06371
23623,2,9.06333
23624,2,9.06294
23625,2,9.06256
23626,2,9.06218
23627,2,9.06179
23628,2,9.06141
23629,2,9.06103
23630,2,9.06064
23631,2,9.06026
23632,2,9.05988
23633,2,9.05949
23634,2,9.05911
23635,2,9.05873
23636,2,9.05834
23637,2,9.05796
23638,2,9.05758
23639,2,9.05719
23640,2,9.05681
23641,2,9.05643
23642,2,9.05604
23643,2,9.05566
23644,2,9.05528
23645,2,9.0549
23646,2,9.05451
23647,2,9.05413
23648,2,9.05375
23649,2,9.05336
23650,2,9.05298
23651,2,9.0526
23652,2,9.05222
23653,2,9.05183
23654,2,9.05145
23655,2,9.05107
23656,2,9.05068
23657,2,9.0503
23658,2,9.04992
23659,2,9.04954
23660,2,9.04915
23661,2,9.04877
23662,2,9.04839
23663,2,9.04801
23664,2,9.04763
23665,2,9.04724
23666,2,9.04686
23667,2,9.04648
23668,2,9.0461
23669,2,9.04571
23670,2,9.04533
23671,2,9.04495
23672,2,9.04457
23673,2,9.04419
23674,2,9.0438
23675,2,9.04342
23676,2,9.04304
23677,2,9.04266
23678,2,9.04228
23679,2,9.04189
23680,2,9.04151
23681,2,9.04113
23682,2,9.04075
23683,2,9.04037
23684,2,9.03998
23685,2,9.0396
23686,2,9.03922
23687,2,9.03884
23688,2,9.03846
23689,2,9.03808
23690,2,9.0377
23691,2,9.03731
23692,2,9.03693
23693,2,9.03655
23694,2,9.03617
23695,2,9.03579
23696,2,9.03541
23697,2,9.03503
23698,2,9.03464
23699,2,9.03426
23700,2,9.03388
23701,2,9.0335
23702,2,9.03312
23703,2,9.03274
23704,2,9.03236
23705,2,9.03198
23706,2,9.0316
23707,2,9.03121
23708,2,9.03083
23709,2,9.03045
23710,2,9.03007
23711,2,9.02969
23712,2,9.02931
23713,2,9.02893
23714,2,9.02855
23715,2,9.02817
23716,2,9.02779
23717,2,9.02741
23718,2,9.02703
23719,2,9.02665
23720,2,9.02626
23721,2,9.02588
23722,2,9.0255
23723,2,9.02512
23724,2,9.02474
23725,2,9.02436
23726,2,9.02398
23727,2,9.0236
23728,2,9.02322
23729,2,9.02284
23730,2,9.02246
23731,2,9.02208
23732,2,9.0217
23733,2,9.02132
23734,2,9.02094
23735,2,9.02056
23736,2,9.02018
23737,2,9.0198
23738,2,9.01942
23739,2,9.01904
23740,2,9.01866
23741,2,9.01828
23742,2,9.0179
23743,2,9.01752
23744,2,9.01714
23745,2,9.01676
23746,2,9.01638
23747,2,9.016
23748,2,9.01562
23749,2,9.01524
23750,2,9.01486
23751,2,9.01448
23752,2,9.0141
23753,2,9.01372
23754,2,9.01335
23755,2,9.01297
23756,2,9.01259
23757,2,9.01221
23758,2,9.01183
23759,2,9.01145
23760,2,9.01107
23761,2,9.01069
23762,2,9.01031
23763,2,9.00993
23764,2,9.00955
23765,2,9.00917
23766,2,9.00879
23767,2,9.00842
23768,2,9.00804
23769,2,9.00766
23770,2,9.00728
23771,2,9.0069
23772,2,9.00652
23773,2,9.00614
23774,2,9.00576
23775,2,9.00538
23776,2,9.00501
23777,2,9.00463
23778,2,9.00425
23779,2,9.00387
23780,2,9.00349
23781,2,9.00311
23782,2,9.00273
23783,2,9.00235
23784,2,9.00198
23785,2,9.0016
23786,2,9.00122
23787,2,9.00084
23788,2,9.00046
23789,2,9.00008
23790,2,8.99971
23791,2,8.99933
23792,2,8.99895
23793,2,8.99857
23794,2,8.99819
23795,2,8.99781
23796,2,8.99744
23797,2,8.99706
23798,2,8.99668
23799,2,8.9963
23800,2,8.99592
23801,2,8.99555
23802,2,8.99517
23803,2,8.99479
23804,2,8.99441
23805,2,8.99403
23806,2,8.99366
23807,2,8.99328
23808,2,8.9929
23809,2,8.99252
23810,2,8.99215
23811,2,8.99177
23812,2,8.99139
23813,2,8.99101
23814,2,8.99064
23815,2,8.99026
23816,2,8.98988
23817,2,8.9895
23818,2,8.98913
23819,2,8.98875
23820,2,8.98837
23821,2,8.98799
23822,2,8.98762
23823,2,8.98724
23824,2,8.98686
23825,2,8.98648
23826,2,8.98611
23827,2,8.98573
23828,2,8.98535
23829,2,8.98498
23830,2,8.9846
23831,2,8.98422
23832,2,8.98385
23833,2,8.98347
23834,2,8.98309
23835,2,8.98271
23836,2,8.98234
23837,2,8.98196
23838,2,8.98158
23839,2,8.98121
23840,2,8.98083
23841,2,8.98045
23842,2,8.98008
23843,2,8.9797
23844,2,8.97932
23845,2,8.97895
23846,2,8.97857
23847,2,8.97819
23848,2,8.97782
23849,2,8.97744
23850,2,8.97706
23851,2,8.97669
23852,2,8.97631
23853,2,8.97594
23854,2,8.97556
23855,2,8.97518
23856,2,8.97481
23857,2,8.97443
23858,2,8.97405
23859,2,8.97368
23860,2,8.9733
23861,2,8.97293
23862,2,8.97255
23863,2,8.97217
23864,2,8.9718
23865,2,8.97142
23866,2,8.97105
23867,2,8.97067
23868,2,8.97029
23869,2,8.96992
23870,2,8.96954
23871,2,8.96917
23872,2,8.96879
23873,2,8.96842
23874,2,8.96804
23875,2,8.96766
23876,2,8.96729
23877,2,8.96691
23878,2,8.96654
23879,2,8.96616
23880,2,8.96579
23881,2,8.96541
23882,2,8.96504
23883,2,8.96466
23884,2,8.96429
23885,2,8.96391
23886,2,8.96354
23887,2,8.96316
23888,2,8.96278
23889,2,8.96241
23890,2,8.96203
23891,2,8.96166
23892,2,8.96128
23893,2,8.96091
23894,2,8.96053
23895,2,8.96016
23896,2,8.95978
23897,2,8.95941
23898,2,8.95903
23899,2,8.95866
23900,2,8.95828
23901,2,8.95791
23902,2,8.95753
23903,2,8.95716
23904,2,8.95679
23905,2,8.95641
23906,2,8.95604
23907,2,8.95566
23908,2,8.95529
23909,2,8.95491
23910,2,8.95454
23911,2,8.95416
23912,2,8.95379
23913,2,8.95341
23914,2,8.95304
23915,2,8.95267
23916,2,8.95229
23917,2,8.95192
23918,2,8.95154
23919,2,8.95117
23920,2,8.95079
23921,2,8.95042
23922,2,8.95005
23923,2,8.94967
23924,2,8.9493
23925,2,8.94892
23926,2,8.94855
23927,2,8.94818
23928,2,8.9478
23929,2,8.94743
23930,2,8.94705
23931,2,8.94668
23932,2,8.94631
23933,2,8.94593
23934,2,8.94556
23935,2,8.94518
23936,2,8.94481
23937,2,8.94444
23938,2,8.94406
23939,2,8.94369
23940,2,8.94332
23941,2,8.94294
23942,2,8.94257
23943,2,8.9422
23944,2,8.94182
23945,2,8.94145
23946,2,8.94108
23947,2,8.9407
23948,2,8.94033
23949,2,8.93996
23950,2,8.93958
23951,2,8.93921
23952,2,8.93884
23953,2,8.93846
23954,2,8.93809
23955,2,8.93772
23956,2,8.93734
23957,2,8.93697
23958,2,8.9366
23959,2,8.93622
23960,2,8.93585
23961,2,8.93548
23962,2,8.93511
23963,2,8.93473
23964,2,8.93436
23965,2,8.93399
23966,2,8.93361
23967,2,8.93324
23968,2,8.93287
23969,2,8.9325
23970,2,8.93212
23971,2,8.93175
23972,2,8.93138
23973,2,8.93101
23974,2,8.93063
23975,2,8.93026
23976,2,8.92989
23977,2,8.92952
23978,2,8.92914
23979,2,8.92877
23980,2,8.9284
23981,2,8.92803
23982,2,8.92765
23983,2,8.92728
23984,2,8.92691
23985,2,8.92654
23986,2,8.92617
23987,2,8.92579
23988,2,8.92542
23989,2,8.92505
23990,2,8.92468
23991,2,8.9243
23992,2,8.92393
23993,2,8.92356
23994,2,8.92319
23995,2,8.92282
23996,2,8.92245
23997,2,8.92207
23998,2,8.9217
23999,2,8.92133
24000,2,8.92096
24001,2,8.92059
24002,2,8.92021
24003,2,8.91984
24004,2,8.91947
24005,2,8.9191
24006,2,8.91873
24007,2,8.91836
24008,2,8.91799
24009,2,8.91761
24010,2,8.91724
24011,2,8.91687
24012,2,8.9165
24013,2,8.91613
24014,2,8.91576
24015,2,8.91539
24016,2,8.91501
24017,2,8.91464
24018,2,8.91427
24019,2,8.9139
24020,2,8.91353
24021,2,8.91316
24022,2,8.91279
24023,2,8.91242
24024,2,8.91205
24025,2,8.91168
24026,2,8.9113
24027,2,8.91093
24028,2,8.91056
24029,2,8.91019
24030,2,8.90982
24031,2,8.90945
24032,2,8.90908
24033,2,8.90871
24034,2,8.90834
24035,2,8.90797
24036,2,8.9076
24037,2,8.90723
24038,2,8.90686
24039,2,8.90649
24040,2,8.90611
24041,2,8.90574
24042,2,8.90537
24043,2,8.905
24044,2,8.90463
24045,2,8.90426
24046,2,8.90389
24047,2,8.90352
24048,2,8.90315
24049,2,8.90278
24050,2,8.90241
24051,2,8.90204
24052,2,8.90167
24053,2,8.9013
24054,2,8.90093
24055,2,8.90056
24056,2,8.90019
24057,2,8.89982
24058,2,8.89945
24059,2,8.89908
24060,2,8.89871
24061,2,8.89834
24062,2,8.89797
24063,2,8.8976
24064,2,8.89723
24065,2,8.89686
24066,2,8.89649
24067,2,8.89612
24068,2,8.89575
24069,2,8.89538
24070,2,8.89501
24071,2,8.89465
24072,2,8.89428
24073,2,8.89391
24074,2,8.89354
24075,2,8.89317
24076,2,8.8928
24077,2,8.89243
24078,2,8.89206
24079,2,8.89169
24080,2,8.89132
24081,2,8.89095
24082,2,8.89058
24083,2,8.89021
24084,2,8.88984
24085,2,8.88947
24086,2,8.88911
24087,2,8.88874
24088,2,8.88837
24089,2,8.888
24090,2,8.88763
24091,2,8.88726
24092,2,8.88689
24093,2,8.88652
24094,2,8.88615
24095,2,8.88579
24096,2,8.88542
24097,2,8.88505
24098,2,8.88468
24099,2,8.88431
24100,2,8.88394
24101,2,8.88357
24102,2,8.8832
24103,2,8.88284
24104,2,8.88247
24105,2,8.8821
24106,2,8.88173
24107,2,8.88136
24108,2,8.88099
24109,2,8.88063
24110,2,8.88026
24111,2,8.87989
24112,2,8.87952
24113,2,8.87915
24114,2,8.87878
24115,2,8.87842
24116,2,8.87805
24117,2,8.87768
24118,2,8.87731
24119,2,8.87694
24120,2,8.87658
24121,2,8.87621
24122,2,8.87584
24123,2,8.87547
24124,2,8.8751
24125,2,8.87474
24126,2,8.87437
24127,2,8.874
24128,2,8.87363
24129,2,8.87326
24130,2,8.8729
24131,2,8.87253
24132,2,8.87216
24133,2,8.87179
24134,2,8.87143
24135,2,8.87106
24136,2,8.87069
24137,2,8.87032
24138,2,8.86996
24139,2,8.86959
24140,2,8.86922
24141,2,8.86885
24142,2,8.86849
24143,2,8.86812
24144,2,8.86775
24145,2,8.86738
24146,2,8.86702
24147,2,8.86665
24148,2,8.86628
24149,2,8.86592
24150,2,8.86555
24151,2,8.86518
24152,2,8.86481
24153,2,8.86445
24154,2,8.86408
24155,2,8.86371
24156,2,8.86335
24157,2,8.86298
24158,2,8.86261
24159,2,8.86225
24160,2,8.86188
24161,2,8.86151
24162,2,8.86115
24163,2,8.86078
24164,2,8.86041
24165,2,8.86005
24166,2,8.85968
24167,2,8.85931
24168,2,8.85895
24169,2,8.85858
24170,2,8.85821
24171,2,8.85785
24172,2,8.85748
24173,2,8.85711
24174,2,8.85675
24175,2,8.85638
24176,2,8.85601
24177,2,8.85565
24178,2,8.85528
24179,2,8.85492
24180,2,8.85455
24181,2,8.85418
24182,2,8.85382
24183,2,8.85345
24184,2,8.85308
24185,2,8.85272
24186,2,8.85235
24187,2,8.85199
24188,2,8.85162
24189,2,8.85125
24190,2,8.85089
24191,2,8.85052
24192,2,8.85016
24193,2,8.84979
24194,2,8.84943
24195,2,8.84906
24196,2,8.84869
24197,2,8.84833
24198,2,8.84796
24199,2,8.8476
24200,2,8.84723
24201,2,8.84687
24202,2,8.8465
24203,2,8.84613
24204,2,8.84577
24205,2,8.8454
24206,2,8.84504
24207,2,8.84467
24208,2,8.84431
24209,2,8.84394
24210,2,8.84358
24211,2,8.84321
24212,2,8.84285
24213,2,8.84248
24214,2,8.84212
24215,2,8.84175
24216,2,8.84139
24217,2,8.84102
24218,2,8.84066
24219,2,8.84029
24220,2,8.83993
24221,2,8.83956
24222,2,8.8392
24223,2,8.83883
24224,2,8.83847
24225,2,8.8381
24226,2,8.83774
24227,2,8.83737
24228,2,8.83701
24229,2,8.83664
24230,2,8.83628
24231,2,8.83591
24232,2,8.83555
24233,2,8.83518
24234,2,8.83482
24235,2,8.83445
24236,2,8.83409
24237,2,8.83373
24238,2,8.83336
24239,2,8.833
24240,2,8.83263
24241,2,8.83227
24242,2,8.8319
24243,2,8.83154
24244,2,8.83117
24245,2,8.83081
24246,2,8.83045
24247,2,8.83008
24248,2,8.82972
24249,2,8.82935
24250,2,8.82899
24251,2,8.82863
24252,2,8.82826
24253,2,8.8279
24254,2,8.82753
24255,2,8.82717
24256,2,8.82681
24257,2,8.82644
24258,2,8.82608
24259,2,8.82571
24260,2,8.82535
24261,2,8.82499
24262,2,8.82462
24263,2,8.82426
24264,2,8.8239
24265,2,8.82353
24266,2,8.82317
24267,2,8.8228
24268,2,8.82244
24269,2,8.82208
24270,2,8.82171
24271,2,8.82135
24272,2,8.82099
24273,2,8.82062
24274,2,8.82026
24275,2,8.8199
24276,2,8.81953
24277,2,8.81917
24278,2,8.81881
24279,2,8.81844
24280,2,8.81808
24281,2,8.81772
24282,2,8.81735
24283,2,8.81699
24284,2,8.81663
24285,2,8.81627
24286,2,8.8159
24287,2,8.81554
24288,2,8.81518
24289,2,8.81481
24290,2,8.81445
24291,2,8.81409
24292,2,8.81372
24293,2,8.81336
24294,2,8.813
24295,2,8.81264
24296,2,8.81227
24297,2,8.81191
24298,2,8.81155
24299,2,8.81119
24300,2,8.81082
24301,2,8.81046
24302,2,8.8101
24303,2,8.80974
24304,2,8.80937
24305,2,8.80901
24306,2,8.80865
24307,2,8.80829
24308,2,8.80792
24309,2,8.80756
24310,2,8.8072
24311,2,8.80684
24312,2,8.80647
24313,2,8.80611
24314,2,8.80575
24315,2,8.80539
24316,2,8.80503
24317,2,8.80466
24318,2,8.8043
24319,2,8.80394
24320,2,8.80358
24321,2,8.80322
24322,2,8.80285
24323,2,8.80249
24324,2,8.80213
24325,2,8.80177
24326,2,8.80141
24327,2,8.80104
24328,2,8.80068
24329,2,8.80032
24330,2,8.79996
24331,2,8.7996
24332,2,8.79924
24333,2,8.79887
24334,2,8.79851
24335,2,8.79815
24336,2,8.79779
24337,2,8.79743
24338,2,8.79707
24339,2,8.7967
24340,2,8.79634
24341,2,8.79598
24342,2,8.79562
24343,2,8.79526
24344,2,8.7949
24345,2,8.79454
24346,2,8.79418
24347,2,8.79381
24348,2,8.79345
24349,2,8.79309
24350,2,8.79273
24351,2,8.79237
24352,2,8.79201
24353,2,8.79165
24354,2,8.79129
24355,2,8.79093
24356,2,8.79056
24357,2,8.7902
24358,2,8.78984
24359,2,8.78948
24360,2,8.78912
24361,2,8.78876
24362,2,8.7884
24363,2,8.78804
24364,2,8.78768
24365,2,8.78732
24366,2,8.78696
24367,2,8.7866
24368,2,8.78624
24369,2,8.78588
24370,2,8.78551
24371,2,8.78515
24372,2,8.78479
24373,2,8.78443
24374,2,8.78407
24375,2,8.78371
24376,2,8.78335
24377,2,8.78299
24378,2,8.78263
24379,2,8.78227
24380,2,8.78191
24381,2,8.78155
24382,2,8.78119
24383,2,8.78083
24384,2,8.78047
24385,2,8.78011
24386,2,8.77975
24387,2,8.77939
24388,2,8.77903
24389,2,8.77867
24390,2,8.77831
24391,2,8.77795
24392,2,8.77759
24393,2,8.77723
24394,2,8.77687
24395,2,8.77651
24396,2,8.77615
24397,2,8.77579
24398,2,8.77543
24399,2,8.77507
24400,2,8.77471
24401,2,8.77435
24402,2,8.77399
24403,2,8.77363
24404,2,8.77327
24405,2,8.77292
24406,2,8.77256
24407,2,8.7722
24408,2,8.77184
24409,2,8.77148
24410,2,8.77112
24411,2,8.77076
24412,2,8.7704
24413,2,8.77004
24414,2,8.76968
24415,2,8.76932
24416,2,8.76896
24417,2,8.7686
24418,2,8.76824
24419,2,8.76789
24420,2,8.76753
24421,2,8.76717
24422,2,8.76681
24423,2,8.76645
24424,2,8.76609
24425,2,8.76573
24426,2,8.76537
24427,2,8.76501
24428,2,8.76466
24429,2,8.7643
24430,2,8.76394
24431,2,8.76358
24432,2,8.76322
24433,2,8.76286
24434,2,8.7625
24435,2,8.76214
24436,2,8.76179
24437,2,8.76143
24438,2,8.76107
24439,2,8.76071
24440,2,8.76035
24441,2,8.75999
24442,2,8.75964
24443,2,8.75928
24444,2,8.75892
24445,2,8.75856
24446,2,8.7582
24447,2,8.75784
24448,2,8.75749
24449,2,8.75713
24450,2,8.75677
24451,2,8.75641
24452,2,8.75605
24453,2,8.75569
24454,2,8.75534
24455,2,8.75498
24456,2,8.75462
24457,2,8.75426
24458,2,8.7539
24459,2,8.75355
24460,2,8.75319
24461,2,8.75283
24462,2,8.75247
24463,2,8.75212
24464,2,8.75176
24465,2,8.7514
24466,2,8.75104
24467,2,8.75068
24468,2,8.75033
24469,2,8.74997
24470,2,8.74961
24471,2,8.74925
24472,2,8.7489
24473,2,8.74854
24474,2,8.74818
24475,2,8.74782
24476,2,8.74747
24477,2,8.74711
24478,2,8.74675
24479,2,8.74639
24480,2,8.74604
24481,2,8.74568
24482,2,8.74532
24483,2,8.74497
24484,2,8.74461
24485,2,8.74425
24486,2,8.74389
24487,2,8.74354
24488,2,8.74318
24489,2,8.74282
24490,2,8.74247
24491,2,8.74211
24492,2,8.74175
24493,2,8.7414
24494,2,8.74104
24495,2,8.74068
24496,2,8.74032
24497,2,8.73997
24498,2,8.73961
24499,2,8.73925
24500,2,8.7389
24501,2,8.73854
24502,2,8.73818
24503,2,8.73783
24504,2,8.73747
24505,2,8.73711
24506,2,8.73676
24507,2,8.7364
24508,2,8.73605
24509,2,8.73569
24510,2,8.73533
24511,2,8.73498
24512,2,8.73462
24513,2,8.73426
24514,2,8.73391
24515,2,8.73355
24516,2,8.73319
24517,2,8.73284
24518,2,8.73248
24519,2,8.73213
24520,2,8.73177
24521,2,8.73141
24522,2,8.73106
24523,2,8.7307
24524,2,8.73035
24525,2,8.72999
24526,2,8.72963
24527,2,8.72928
24528,2,8.72892
24529,2,8.72857
24530,2,8.72821
24531,2,8.72785
24532,2,8.7275
24533,2,8.72714
24534,2,8.72679
24535,2,8.72643
24536,2,8.72608
24537,2,8.72572
24538,2,8.72536
24539,2,8.72501
24540,2,8.72465
24541,2,8.7243
24542,2,8.72394
24543,2,8.72359
24544,2,8.72323
24545,2,8.72288
24546,2,8.72252
24547,2,8.72217
24548,2,8.72181
24549,2,8.72146
24550,2,8.7211
24551,2,8.72074
24552,2,8.72039
24553,2,8.72003
24554,2,8.71968
24555,2,8.71932
24556,2,8.71897
24557,2,8.71861
24558,2,8.71826
24559,2,8.7179
24560,2,8.71755
24561,2,8.71719
24562,2,8.71684
24563,2,8.71648
24564,2,8.71613
24565,2,8.71577
24566,2,8.71542
24567,2,8.71506
24568,2,8.71471
24569,2,8.71436
24570,2,8.714
24571,2,8.71365
24572,2,8.71329
24573,2,8.71294
24574,2,8.71258
24575,2,8.71223
24576,2,8.71187
24577,2,8.71152
24578,2,8.71116
24579,2,8.71081
24580,2,8.71046
24581,2,8.7101
24582,2,8.70975
24583,2,8.70939
24584,2,8.70904
24585,2,8.70868
24586,2,8.70833
24587,2,8.70798
24588,2,8.70762
24589,2,8.70727
24590,2,8.70691
24591,2,8.70656
24592,2,8.70621
24593,2,8.70585
24594,2,8.7055
24595,2,8.70514
24596,2,8.70479
24597,2,8.70444
24598,2,8.70408
24599,2,8.70373
24600,2,8.70337
24601,2,8.70302
24602,2,8.70267
24603,2,8.70231
24604,2,8.70196
24605,2,8.70161
24606,2,8.70125
24607,2,8.7009
24608,2,8.70054
24609,2,8.70019
24610,2,8.69984
24611,2,8.69948
24612,2,8.69913
24613,2,8.69878
24614,2,8.69842
24615,2,8.69807
24616,2,8.69772
24617,2,8.69736
24618,2,8.69701
24619,2,8.69666
24620,2,8.6963
24621,2,8.69595
24622,2,8.6956
24623,2,8.69524
24624,2,8.69489
24625,2,8.69454
24626,2,8.69419
24627,2,8.69383
24628,2,8.69348
24629,2,8.69313
24630,2,8.69277
24631,2,8.69242
24632,2,8.69207
24633,2,8.69171
24634,2,8.69136
24635,2,8.69101
24636,2,8.69066
24637,2,8.6903
24638,2,8.68995
24639,2,8.6896
24640,2,8.68925
24641,2,8.68889
24642,2,8.68854
24643,2,8.68819
24644,2,8.68783
24645,2,8.68748
24646,2,8.68713
24647,2,8.68678
24648,2,8.68642
24649,2,8.68607
24650,2,8.68572
24651,2,8.68537
24652,2,8.68502
24653,2,8.68466
24654,2,8.68431
24655,2,8.68396
24656,2,8.68361
24657,2,8.68325
24658,2,8.6829
24659,2,8.68255
24660,2,8.6822
24661,2,8.68185
24662,2,8.68149
24663,2,8.68114
24664,2,8.68079
24665,2,8.68044
24666,2,8.68009
24667,2,8.67973
24668,2,8.67938
24669,2,8.67903
24670,2,8.67868
24671,2,8.67833
24672,2,8.67798
24673,2,8.67762
24674,2,8.67727
24675,2,8.67692
24676,2,8.67657
24677,2,8.67622
24678,2,8.67587
24679,2,8.67551
24680,2,8.67516
24681,2,8.67481
24682,2,8.67446
24683,2,8.67411
24684,2,8.67376
24685,2,8.6734
24686,2,8.67305
24687,2,8.6727
24688,2,8.67235
24689,2,8.672
24690,2,8.67165
24691,2,8.6713
24692,2,8.67095
24693,2,8.67059
24694,2,8.67024
24695,2,8.66989
24696,2,8.66954
24697,2,8.66919
24698,2,8.66884
24699,2,8.66849
24700,2,8.66814
24701,2,8.66779
24702,2,8.66744
24703,2,8.66708
24704,2,8.66673
24705,2,8.66638
24706,2,8.66603
24707,2,8.66568
24708,2,8.66533
24709,2,8.66498
24710,2,8.66463
24711,2,8.66428
24712,2,8.66393
24713,2,8.66358
24714,2,8.66323
24715,2,8.66288
24716,2,8.66253
24717,2,8.66218
24718,2,8.66183
24719,2,8.66147
24720,2,8.66112
24721,2,8.66077
24722,2,8.66042
24723,2,8.66007
24724,2,8.65972
24725,2,8.65937
24726,2,8.65902
24727,2,8.65867
24728,2,8.65832
24729,2,8.65797
24730,2,8.65762
24731,2,8.65727
24732,2,8.65692
24733,2,8.65657
24734,2,8.65622
24735,2,8.65587
24736,2,8.65552
24737,2,8.65517
24738,2,8.65482
24739,2,8.65447
24740,2,8.65412
24741,2,8.65377
24742,2,8.65342
24743,2,8.65307
24744,2,8.65272
24745,2,8.65237
24746,2,8.65202
24747,2,8.65167
24748,2,8.65133
24749,2,8.65098
24750,2,8.65063
24751,2,8.65028
24752,2,8.64993
24753,2,8.64958
24754,2,8.64923
24755,2,8.64888
24756,2,8.64853
24757,2,8.64818
24758,2,8.64783
24759,2,8.64748
24760,2,8.64713
24761,2,8.64678
24762,2,8.64643
24763,2,8.64608
24764,2,8.64574
24765,2,8.64539
24766,2,8.64504
24767,2,8.64469
24768,2,8.64434
24769,2,8.64399
24770,2,8.64364
24771,2,8.64329
24772,2,8.64294
24773,2,8.64259
24774,2,8.64225
24775,2,8.6419
24776,2,8.64155
24777,2,8.6412
24778,2,8.64085
24779,2,8.6405
24780,2,8.64015
24781,2,8.6398
24782,2,8.63946
24783,2,8.63911
24784,2,8.63876
24785,2,8.63841
24786,2,8.63806
24787,2,8.63771
24788,2,8.63736
24789,2,8.63702
24790,2,8.63667
24791,2,8.63632
24792,2,8.63597
24793,2,8.63562
24794,2,8.63527
24795,2,8.63493
24796,2,8.63458
24797,2,8.63423
24798,2,8.63388
24799,2,8.63353
24800,2,8.63319
24801,2,8.63284
24802,2,8.63249
24803,2,8.63214
24804,2,8.63179
24805,2,8.63145
24806,2,8.6311
24807,2,8.63075
24808,2,8.6304
24809,2,8.63005
24810,2,8.62971
24811,2,8.62936
24812,2,8.62901
24813,2,8.62866
24814,2,8.62831
24815,2,8.62797
24816,2,8.62762
24817,2,8.62727
24818,2,8.62692
24819,2,8.62658
24820,2,8.62623
24821,2,8.62588
24822,2,8.62553
24823,2,8.62519
24824,2,8.62484
24825,2,8.62449
24826,2,8.62414
24827,2,8.6238
24828,2,8.62345
24829,2,8.6231
24830,2,8.62275
24831,2,8.62241
24832,2,8.62206
24833,2,8.62171
24834,2,8.62137
24835,2,8.62102
24836,2,8.62067
24837,2,8.62032
24838,2,8.61998
24839,2,8.61963
24840,2,8.61928
24841,2,8.61894
24842,2,8.61859
24843,2,8.61824
24844,2,8.6179
24845,2,8.61755
24846,2,8.6172
24847,2,8.61686
24848,2,8.61651
24849,2,8.61616
24850,2,8.61581
24851,2,8.61547
24852,2,8.61512
24853,2,8.61477
24854,2,8.61443
24855,2,8.61408
24856,2,8.61374
24857,2,8.61339
24858,2,8.61304
24859,2,8.6127
24860,2,8.61235
24861,2,8.612
24862,2,8.61166
24863,2,8.61131
24864,2,8.61096
24865,2,8.61062
24866,2,8.61027
24867,2,8.60992
24868,2,8.60958
24869,2,8.60923
24870,2,8.60889
24871,2,8.60854
24872,2,8.60819
24873,2,8.60785
24874,2,8.6075
24875,2,8.60716
24876,2,8.60681
24877,2,8.60646
24878,2,8.60612
24879,2,8.60577
24880,2,8.60543
24881,2,8.60508
24882,2,8.60473
24883,2,8.60439
24884,2,8.60404
24885,2,8.6037
24886,2,8.60335
24887,2,8.60301
24888,2,8.60266
24889,2,8.60231
24890,2,8.60197
24891,2,8.60162
24892,2,8.60128
24893,2,8.60093
24894,2,8.60059
24895,2,8.60024
24896,2,8.5999
24897,2,8.59955
24898,2,8.5992
24899,2,8.59886
24900,2,8.59851
24901,2,8.59817
24902,2,8.59782
24903,2,8.59748
24904,2,8.59713
24905,2,8.59679
24906,2,8.59644
24907,2,8.5961
24908,2,8.59575
24909,2,8.59541
24910,2,8.59506
24911,2,8.59472
24912,2,8.59437
24913,2,8.59403
24914,2,8.59368
24915,2,8.59334
24916,2,8.59299
24917,2,8.59265
24918,2,8.5923
24919,2,8.59196
24920,2,8.59161
24921,2,8.59127
24922,2,8.59092
24923,2,8.59058
24924,2,8.59023
24925,2,8.58989
24926,2,8.58955
24927,2,8.5892
24928,2,8.58886
24929,2,8.58851
24930,2,8.58817
24931,2,8.58782
24932,2,8.58748
24933,2,8.58713
24934,2,8.58679
24935,2,8.58644
24936,2,8.5861
24937,2,8.58576
24938,2,8.58541
24939,2,8.58507
24940,2,8.58472
24941,2,8.58438
24942,2,8.58403
24943,2,8.58369
24944,2,8.58335
24945,2,8.583
24946,2,8.58266
24947,2,8.58231
24948,2,8.58197
24949,2,8.58163
24950,2,8.58128
24951,2,8.58094
24952,2,8.58059
24953,2,8.58025
24954,2,8.57991
24955,2,8.57956
24956,2,8.57922
24957,2,8.57888
24958,2,8.57853
24959,2,8.57819
24960,2,8.57784
24961,2,8.5775
24962,2,8.57716
24963,2,8.57681
24964,2,8.57647
24965,2,8.57613
24966,2,8.57578
24967,2,8.57544
24968,2,8.5751
24969,2,8.57475
24970,2,8.57441
24971,2,8.57407
24972,2,8.57372
24973,2,8.57338
24974,2,8.57304
24975,2,8.57269
24976,2,8.57235
24977,2,8.57201
24978,2,8.57166
24979,2,8.57132
24980,2,8.57098
24981,2,8.57063
24982,2,8.57029
24983,2,8.56995
24984,2,8.5696
24985,2,8.56926
24986,2,8.56892
24987,2,8.56858
24988,2,8.56823
24989,2,8.56789
24990,2,8.56755
24991,2,8.5672
24992,2,8.56686
24993,2,8.56652
24994,2,8.56618
24995,2,8.56583
24996,2,8.56549
24997,2,8.56515
24998,2,8.56481
24999,2,8.56446
25000,2,8.56412
25001,2,8.56378
25002,2,8.56343
25003,2,8.56309
25004,2,8.56275
25005,2,8.56241
25006,2,8.56207
25007,2,8.56172
25008,2,8.56138
25009,2,8.56104
25010,2,8.5607
25011,2,8.56035
25012,2,8.56001
25013,2,8.55967
25014,2,8.55933
25015,2,8.55898
25016,2,8.55864
25017,2,8.5583
25018,2,8.55796
25019,2,8.55762
25020,2,8.55727
25021,2,8.55693
25022,2,8.55659
25023,2,8.55625
25024,2,8.55591
25025,2,8.55556
25026,2,8.55522
25027,2,8.55488
25028,2,8.55454
25029,2,8.5542
25030,2,8.55386
25031,2,8.55351
25032,2,8.55317
25033,2,8.55283
25034,2,8.55249
25035,2,8.55215
25036,2,8.55181
25037,2,8.55146
25038,2,8.55112
25039,2,8.55078
25040,2,8.55044
25041,2,8.5501
25042,2,8.54976
25043,2,8.54942
25044,2,8.54907
25045,2,8.54873
25046,2,8.54839
25047,2,8.54805
25048,2,8.54771
25049,2,8.54737
25050,2,8.54703
25051,2,8.54668
25052,2,8.54634
25053,2,8.546
25054,2,8.54566
25055,2,8.54532
25056,2,8.54498
25057,2,8.54464
25058,2,8.5443
25059,2,8.54396
25060,2,8.54362
25061,2,8.54327
25062,2,8.54293
25063,2,8.54259
25064,2,8.54225
25065,2,8.54191
25066,2,8.54157
25067,2,8.54123
25068,2,8.54089
25069,2,8.54055
25070,2,8.54021
25071,2,8.53987
25072,2,8.53953
25073,2,8.53919
25074,2,8.53885
25075,2,8.5385
25076,2,8.53816
25077,2,8.53782
25078,2,8.53748
25079,2,8.53714
25080,2,8.5368
25081,2,8.53646
25082,2,8.53612
25083,2,8.53578
25084,2,8.53544
25085,2,8.5351
25086,2,8.53476
25087,2,8.53442
25088,2,8.53408
25089,2,8.53374
25090,2,8.5334
25091,2,8.53306
25092,2,8.53272
25093,2,8.53238
25094,2,8.53204
25095,2,8.5317
25096,2,8.53136
25097,2,8.53102
25098,2,8.53068
25099,2,8.53034
25100,2,8.53
25101,2,8.52966
25102,2,8.52932
25103,2,8.52898
25104,2,8.52864
25105,2,8.5283
25106,2,8.52796
25107,2,8.52762
25108,2,8.52728
25109,2,8.52694
25110,2,8.5266
25111,2,8.52626
25112,2,8.52592
25113,2,8.52558
25114,2,8.52524
25115,2,8.52491
25116,2,8.52457
25117,2,8.52423
25118,2,8.52389
25119,2,8.52355
25120,2,8.52321
25121,2,8.52287
25122,2,8.52253
25123,2,8.52219
25124,2,8.52185
25125,2,8.52151
25126,2,8.52117
25127,2,8.52083
25128,2,8.5205
25129,2,8.52016
25130,2,8.51982
25131,2,8.51948
25132,2,8.51914
25133,2,8.5188
25134,2,8.51846
25135,2,8.51812
25136,2,8.51778
25137,2,8.51744
25138,2,8.51711
25139,2,8.51677
25140,2,8.51643
25141,2,8.51609
25142,2,8.51575
25143,2,8.51541
25144,2,8.51507
25145,2,8.51473
25146,2,8.5144
25147,2,8.51406
25148,2,8.51372
25149,2,8.51338
25150,2,8.51304
25151,2,8.5127
25152,2,8.51236
25153,2,8.51203
25154,2,8.51169
25155,2,8.51135
25156,2,8.51101
25157,2,8.51067
25158,2,8.51033
25159,2,8.51
25160,2,8.50966
25161,2,8.50932
25162,2,8.50898
25163,2,8.50864
25164,2,8.50831
25165,2,8.50797
25166,2,8.50763
25167,2,8.50729
25168,2,8.50695
25169,2,8.50662
25170,2,8.50628
25171,2,8.50594
25172,2,8.5056
25173,2,8.50526
25174,2,8.50493
25175,2,8.50459
25176,2,8.50425
25177,2,8.50391
25178,2,8.50357
25179,2,8.50324
25180,2,8.5029
25181,2,8.50256
25182,2,8.50222
25183,2,8.50189
25184,2,8.50155
25185,2,8.50121
25186,2,8.50087
25187,2,8.50054
25188,2,8.5002
25189,2,8.49986
25190,2,8.49952
25191,2,8.49919
25192,2,8.49885
25193,2,8.49851
25194,2,8.49817
25195,2,8.49784
25196,2,8.4975
25197,2,8.49716
25198,2,8.49683
25199,2,8.49649
25200,2,8.49615
25201,2,8.49581
25202,2,8.49548
25203,2,8.49514
25204,2,8.4948
25205,2,8.49447
25206,2,8.49413
25207,2,8.49379
25208,2,8.49345
25209,2,8.49312
25210,2,8.49278
25211,2,8.49244
25212,2,8.49211
25213,2,8.49177
25214,2,8.49143
25215,2,8.4911
25216,2,8.49076
25217,2,8.49042
25218,2,8.49009
25219,2,8.48975
25220,2,8.48941
25221,2,8.48908
25222,2,8.48874
25223,2,8.4884
25224,2,8.48807
25225,2,8.48773
25226,2,8.48739
25227,2,8.48706
25228,2,8.48672
25229,2,8.48638
25230,2,8.48605
25231,2,8.48571
25232,2,8.48538
25233,2,8.48504
25234,2,8.4847
25235,2,8.48437
25236,2,8.48403
25237,2,8.48369
25238,2,8.48336
25239,2,8.48302
25240,2,8.48269
25241,2,8.48235
25242,2,8.48201
25243,2,8.48168
25244,2,8.48134
25245,2,8.48101
25246,2,8.48067
25247,2,8.48033
25248,2,8.48
25249,2,8.47966
25250,2,8.47933
25251,2,8.47899
25252,2,8.47866
25253,2,8.47832
25254,2,8.47798
25255,2,8.47765
25256,2,8.47731
25257,2,8.47698
25258,2,8.47664
25259,2,8.47631
25260,2,8.47597
25261,2,8.47563
25262,2,8.4753
25263,2,8.47496
25264,2,8.47463
25265,2,8.47429
25266,2,8.47396
25267,2,8.47362
25268,2,8.47329
25269,2,8.47295
25270,2,8.47262
25271,2,8.47228
25272,2,8.47195
25273,2,8.47161
25274,2,8.47127
25275,2,8.47094
25276,2,8.4706
25277,2,8.47027
25278,2,8.46993
25279,2,8.4696
25280,2,8.46926
25281,2,8.46893
25282,2,8.46859
25283,2,8.46826
25284,2,8.46792
25285,2,8.46759
25286,2,8.46725
25287,2,8.46692
25288,2,8.46658
25289,2,8.46625
25290,2,8.46592
25291,2,8.46558
25292,2,8.46525
25293,2,8.46491
25294,2,8.46458
25295,2,8.46424
25296,2,8.46391
25297,2,8.46357
25298,2,8.46324
25299,2,8.4629
25300,2,8.46257
25301,2,8.46223
25302,2,8.4619
25303,2,8.46157
25304,2,8.46123
25305,2,8.4609
25306,2,8.46056
25307,2,8.46023
25308,2,8.45989
25309,2,8.45956
25310,2,8.45923
25311,2,8.45889
25312,2,8.45856
25313,2,8.45822
25314,2,8.45789
25315,2,8.45755
25316,2,8.45722
25317,2,8.45689
25318,2,8.45655
25319,2,8.45622
25320,2,8.45588
25321,2,8.45555
25322,2,8.45522
25323,2,8.45488
25324,2,8.45455
25325,2,8.45422
25326,2,8.45388
25327,2,8.45355
25328,2,8.45321
25329,2,8.45288
25330,2,8.45255
25331,2,8.45221
25332,2,8.45188
25333,2,8.45155
25334,2,8.45121
25335,2,8.45088
25336,2,8.45054
25337,2,8.45021
25338,2,8.44988
25339,2,8.44954
25340,2,8.44921
25341,2,8.44888
25342,2,8.44854
25343,2,8.44821
25344,2,8.44788
25345,2,8.44754
25346,2,8.44721
25347,2,8.44688
25348,2,8.44654
25349,2,8.44621
25350,2,8.44588
25351,2,8.44554
25352,2,8.44521
25353,2,8.44488
25354,2,8.44455
25355,2,8.44421
25356,2,8.44388
25357,2,8.44355
25358,2,8.44321
25359,2,8.44288
25360,2,8.44255
25361,2,8.44221
25362,2,8.44188
25363,2,8.44155
25364,2,8.44122
25365,2,8.44088
25366,2,8.44055
25367,2,8.44022
25368,2,8.43988
25369,2,8.43955
25370,2,8.43922
25371,2,8.43889
25372,2,8.43855
25373,2,8.43822
25374,2,8.43789
25375,2,8.43756
25376,2,8.43722
25377,2,8.43689
25378,2,8.43656
25379,2,8.43623
25380,2,8.43589
25381,2,8.43556
25382,2,8.43523
25383,2,8.4349
25384,2,8.43457
25385,2,8.43423
25386,2,8.4339
25387,2,8.43357
25388,2,8.43324
25389,2,8.4329
25390,2,8.43257
25391,2,8.43224
25392,2,8.43191
25393,2,8.43158
25394,2,8.43124
25395,2,8.43091
25396,2,8.43058
25397,2,8.43025
25398,2,8.42992
25399,2,8.42958
25400,2,8.42925
25401,2,8.42892
25402,2,8.42859
25403,2,8.42826
25404,2,8.42792
25405,2,8.42759
25406,2,8.42726
25407,2,8.42693
25408,2,8.4266
25409,2,8.42627
25410,2,8.42593
25411,2,8.4256
25412,2,8.42527
25413,2,8.42494
25414,2,8.42461
25415,2,8.42428
25416,2,8.42395
25417,2,8.42361
25418,2,8.42328
25419,2,8.42295
25420,2,8.42262
25421,2,8.42229
25422,2,8.42196
25423,2,8.42163
25424,2,8.42129
25425,2,8.42096
25426,2,8.42063
25427,2,8.4203
25428,2,8.41997
25429,2,8.41964
25430,2,8.41931
25431,2,8.41898
25432,2,8.41865
25433,2,8.41831
25434,2,8.41798
25435,2,8.41765
25436,2,8.41732
25437,2,8.41699
25438,2,8.41666
25439,2,8.41633
25440,2,8.416
25441,2,8.41567
25442,2,8.41534
25443,2,8.41501
25444,2,8.41468
25445,2,8.41434
25446,2,8.41401
25447,2,8.41368
25448,2,8.41335
25449,2,8.41302
25450,2,8.41269
25451,2,8.41236
25452,2,8.41203
25453,2,8.4117
25454,2,8.41137
25455,2,8.41104
25456,2,8.41071
25457,2,8.41038
25458,2,8.41005
25459,2,8.40972
25460,2,8.40939
25461,2,8.40906
25462,2,8.40873
25463,2,8.4084
25464,2,8.40807
25465,2,8.40774
25466,2,8.40741
25467,2,8.40708
25468,2,8.40675
25469,2,8.40642
25470,2,8.40609
25471,2,8.40576
25472,2,8.40543
25473,2,8.4051
25474,2,8.40477
25475,2,8.40444
25476,2,8.40411
25477,2,8.40378
25478,2,8.40345
25479,2,8.40312
25480,2,8.40279
25481,2,8.40246
25482,2,8.40213
25483,2,8.4018
25484,2,8.40147
25485,2,8.40114
25486,2,8.40081
25487,2,8.40048
25488,2,8.40015
25489,2,8.39982
25490,2,8.39949
25491,2,8.39916
25492,2,8.39883
25493,2,8.3985
25494,2,8.39817
25495,2,8.39784
25496,2,8.39751
25497,2,8.39718
25498,2,8.39685
25499,2,8.39653
25500,2,8.3962
25501,2,8.39587
25502,2,8.39554
25503,2,8.39521
25504,2,8.39488
25505,2,8.39455
25506,2,8.39422
25507,2,8.39389
25508,2,8.39356
25509,2,8.39323
25510,2,8.3929
25511,2,8.39258
25512,2,8.39225
25513,2,8.39192
25514,2,8.39159
25515,2,8.39126
25516,2,8.39093
25517,2,8.3906
25518,2,8.39027
25519,2,8.38994
25520,2,8.38962
25521,2,8.38929
25522,2,8.38896
25523,2,8.38863
25524,2,8.3883
25525,2,8.38797
25526,2,8.38764
25527,2,8.38732
25528,2,8.38699
25529,2,8.38666
25530,2,8.38633
25531,2,8.386
25532,2,8.38567
25533,2,8.38534
25534,2,8.38502
25535,2,8.38469
25536,2,8.38436
25537,2,8.38403
25538,2,8.3837
25539,2,8.38337
25540,2,8.38305
25541,2,8.38272
25542,2,8.38239
25543,2,8.38206
25544,2,8.38173
25545,2,8.38141
25546,2,8.38108
25547,2,8.38075
25548,2,8.38042
25549,2,8.38009
25550,2,8.37977
25551,2,8.37944
25552,2,8.37911
25553,2,8.37878
25554,2,8.37845
25555,2,8.37813
25556,2,8.3778
25557,2,8.37747
25558,2,8.37714
25559,2,8.37681
25560,2,8.37649
25561,2,8.37616
25562,2,8.37583
25563,2,8.3755
25564,2,8.37518
25565,2,8.37485
25566,2,8.37452
25567,2,8.37419
25568,2,8.37387
25569,2,8.37354
25570,2,8.37321
25571,2,8.37288
25572,2,8.37256
25573,2,8.37223
25574,2,8.3719
25575,2,8.37157
25576,2,8.37125
25577,2,8.37092
25578,2,8.37059
25579,2,8.37026
25580,2,8.36994
25581,2,8.36961
25582,2,8.36928
25583,2,8.36896
25584,2,8.36863
25585,2,8.3683
25586,2,8.36797
25587,2,8.36765
25588,2,8.36732
25589,2,8.36699
25590,2,8.36667
25591,2,8.36634
25592,2,8.36601
25593,2,8.36569
25594,2,8.36536
25595,2,8.36503
25596,2,8.36471
25597,2,8.36438
25598,2,8.36405
25599,2,8.36373
25600,2,8.3634
25601,2,8.36307
25602,2,8.36275
25603,2,8.36242
25604,2,8.36209
25605,2,8.36177
25606,2,8.36144
25607,2,8.36111
25608,2,8.36079
25609,2,8.36046
25610,2,8.36013
25611,2,8.35981
25612,2,8.35948
25613,2,8.35915
25614,2,8.35883
25615,2,8.3585
25616,2,8.35817
25617,2,8.35785
25618,2,8.35752
25619,2,8.3572
25620,2,8.35687
25621,2,8.35654
25622,2,8.35622
25623,2,8.35589
25624,2,8.35557
25625,2,8.35524
25626,2,8.35491
25627,2,8.35459
25628,2,8.35426
25629,2,8.35393
25630,2,8.35361
25631,2,8.35328
25632,2,8.35296
25633,2,8.35263
25634,2,8.35231
25635,2,8.35198
25636,2,8.35165
25637,2,8.35133
25638,2,8.351
25639,2,8.35068
25640,2,8.35035
25641,2,8.35003
25642,2,8.3497
25643,2,8.34937
25644,2,8.34905
25645,2,8.34872
25646,2,8.3484
25647,2,8.34807
25648,2,8.34775
25649,2,8.34742
25650,2,8.3471
25651,2,8.34677
25652,2,8.34644
25653,2,8.34612
25654,2,8.34579
25655,2,8.34547
25656,2,8.34514
25657,2,8.34482
25658,2,8.34449
25659,2,8.34417
25660,2,8.34384
25661,2,8.34352
25662,2,8.34319
25663,2,8.34287
25664,2,8.34254
25665,2,8.34222
25666,2,8.34189
25667,2,8.34157
25668,2,8.34124
25669,2,8.34092
25670,2,8.34059
25671,2,8.34027
25672,2,8.33994
25673,2,8.33962
25674,2,8.33929
25675,2,8.33897
25676,2,8.33864
25677,2,8.33832
25678,2,8.33799
25679,2,8.33767
25680,2,8.33734
25681,2,8.33702
25682,2,8.33669
25683,2,8.33637
25684,2,8.33605
25685,2,8.33572
25686,2,8.3354
25687,2,8.33507
25688,2,8.33475
25689,2,8.33442
25690,2,8.3341
25691,2,8.33377
25692,2,8.33345
25693,2,8.33313
25694,2,8.3328
25695,2,8.33248
25696,2,8.33215
25697,2,8.33183
25698,2,8.3315
25699,2,8.33118
25700,2,8.33086
25701,2,8.33053
25702,2,8.33021
25703,2,8.32988
25704,2,8.32956
25705,2,8.32924
25706,2,8.32891
25707,2,8.32859
25708,2,8.32826
25709,2,8.32794
25710,2,8.32762
25711,2,8.32729
25712,2,8.32697
25713,2,8.32664
25714,2,8.32632
25715,2,8.326
25716,2,8.32567
25717,2,8.32535
25718,2,8.32503
25719,2,8.3247
25720,2,8.32438
25721,2,8.32405
25722,2,8.32373
25723,2,8.32341
25724,2,8.32308
25725,2,8.32276
25726,2,8.32244
25727,2,8.32211
25728,2,8.32179
25729,2,8.32147
25730,2,8.32114
25731,2,8.32082
25732,2,8.3205
25733,2,8.32017
25734,2,8.31985
25735,2,8.31953
25736,2,8.3192
25737,2,8.31888
25738,2,8.31856
25739,2,8.31823
25740,2,8.31791
25741,2,8.31759
25742,2,8.31726
25743,2,8.31694
25744,2,8.31662
25745,2,8.31629
25746,2,8.31597
25747,2,8.31565
25748,2,8.31533
25749,2,8.315
25750,2,8.31468
25751,2,8.31436
25752,2,8.31403
25753,2,8.31371
25754,2,8.31339
25755,2,8.31307
25756,2,8.31274
25757,2,8.31242
25758,2,8.3121
25759,2,8.31177
25760,2,8.31145
25761,2,8.31113
25762,2,8.31081
25763,2,8.31048
25764,2,8.31016
25765,2,8.30984
25766,2,8.30952
25767,2,8.30919
25768,2,8.30887
25769,2,8.30855
25770,2,8.30823
25771,2,8.3079
25772,2,8.30758
25773,2,8.30726
25774,2,8.30694
25775,2,8.30661
25776,2,8.30629
25777,2,8.30597
25778,2,8.30565
25779,2,8.30533
25780,2,8.305
25781,2,8.30468
25782,2,8.30436
25783,2,8.30404
25784,2,8.30372
25785,2,8.30339
25786,2,8.30307
25787,2,8.30275
25788,2,8.30243
25789,2,8.30211
25790,2,8.30178
25791,2,8.30146
25792,2,8.30114
25793,2,8.30082
25794,2,8.3005
25795,2,8.30017
25796,2,8.29985
25797,2,8.29953
25798,2,8.29921
25799,2,8.29889
25800,2,8.29857
25801,2,8.29824
25802,2,8.29792
25803,2,8.2976
25804,2,8.29728
25805,2,8.29696
25806,2,8.29664
25807,2,8.29631
25808,2,8.29599
25809,2,8.29567
25810,2,8.29535
25811,2,8.29503
25812,2,8.29471
25813,2,8.29439
25814,2,8.29407
25815,2,8.29374
25816,2,8.29342
25817,2,8.2931
25818,2,8.29278
25819,2,8.29246
25820,2,8.29214
25821,2,8.29182
25822,2,8.2915
25823,2,8.29117
25824,2,8.29085
25825,2,8.29053
25826,2,8.29021
25827,2,8.28989
25828,2,8.28957
25829,2,8.28925
25830,2,8.28893
25831,2,8.28861
25832,2,8.28829
25833,2,8.28797
25834,2,8.28764
25835,2,8.28732
25836,2,8.287
25837,2,8.28668
25838,2,8.28636
25839,2,8.28604
25840,2,8.28572
25841,2,8.2854
25842,2,8.28508
25843,2,8.28476
25844,2,8.28444
25845,2,8.28412
25846,2,8.2838
25847,2,8.28348
25848,2,8.28316
25849,2,8.28283
25850,2,8.28251
25851,2,8.28219
25852,2,8.28187
25853,2,8.28155
25854,2,8.28123
25855,2,8.28091
25856,2,8.28059
25857,2,8.28027
25858,2,8.27995
25859,2,8.27963
25860,2,8.27931
25861,2,8.27899
25862,2,8.27867
25863,2,8.27835
25864,2,8.27803
25865,2,8.27771
25866,2,8.27739
25867,2,8.27707
25868,2,8.27675
25869,2,8.27643
25870,2,8.27611
25871,2,8.27579
25872,2,8.27547
25873,2,8.27515
25874,2,8.27483
25875,2,8.27451
25876,2,8.27419
25877,2,8.27387
25878,2,8.27355
25879,2,8.27323
25880,2,8.27291
25881,2,8.27259
25882,2,8.27227
25883,2,8.27195
25884,2,8.27163
25885,2,8.27132
25886,2,8.271
25887,2,8.27068
25888,2,8.27036
25889,2,8.27004
25890,2,8.26972
25891,2,8.2694
25892,2,8.26908
25893,2,8.26876
25894,2,8.26844
25895,2,8.26812
25896,2,8.2678
25897,2,8.26748
25898,2,8.26716
25899,2,8.26684
25900,2,8.26653
25901,2,8.26621
25902,2,8.26589
25903,2,8.26557
25904,2,8.26525
25905,2,8.26493
25906,2,8.26461
25907,2,8.26429
25908,2,8.26397
25909,2,8.26365
25910,2,8.26333
25911,2,8.26302
25912,2,8.2627
25913,2,8.26238
25914,2,8.26206
25915,2,8.26174
25916,2,8.26142
25917,2,8.2611
25918,2,8.26078
25919,2,8.26047
25920,2,8.26015
25921,2,8.25983
25922,2,8.25951
25923,2,8.25919
25924,2,8.25887
25925,2,8.25855
25926,2,8.25823
25927,2,8.25792
25928,2,8.2576
25929,2,8.25728
25930,2,8.25696
25931,2,8.25664
25932,2,8.25632
25933,2,8.25601
25934,2,8.25569
25935,2,8.25537
25936,2,8.25505
25937,2,8.25473
25938,2,8.25441
25939,2,8.2541
25940,2,8.25378
25941,2,8.25346
25942,2,8.25314
25943,2,8.25282
25944,2,8.25251
25945,2,8.25219
25946,2,8.25187
25947,2,8.25155
25948,2,8.25123
25949,2,8.25092
25950,2,8.2506
25951,2,8.25028
25952,2,8.24996
25953,2,8.24964
25954,2,8.24933
25955,2,8.24901
25956,2,8.24869
25957,2,8.24837
25958,2,8.24805
25959,2,8.24774
25960,2,8.24742
25961,2,8.2471
25962,2,8.24678
25963,2,8.24647
25964,2,8.24615
25965,2,8.24583
25966,2,8.24551
25967,2,8.2452
25968,2,8.24488
25969,2,8.24456
25970,2,8.24424
25971,2,8.24393
25972,2,8.24361
25973,2,8.24329
25974,2,8.24297
25975,2,8.24266
25976,2,8.24234
25977,2,8.24202
25978,2,8.2417
25979,2,8.24139
25980,2,8.24107
25981,2,8.24075
25982,2,8.24044
25983,2,8.24012
25984,2,8.2398
25985,2,8.23948
25986,2,8.23917
25987,2,8.23885
25988,2,8.23853
25989,2,8.23822
25990,2,8.2379
25991,2,8.23758
25992,2,8.23727
25993,2,8.23695
25994,2,8.23663
25995,2,8.23631
25996,2,8.236
25997,2,8.23568
25998,2,8.23536
25999,2,8.23505
26000,2,8.23473
26001,2,8.23441
26002,2,8.2341
26003,2,8.23378
26004,2,8.23346
26005,2,8.23315
26006,2,8.23283
26007,2,8.23251
26008,2,8.2322
26009,2,8.23188
26010,2,8.23156
26011,2,8.23125
26012,2,8.23093
26013,2,8.23062
26014,2,8.2303
26015,2,8.22998
26016,2,8.22967
26017,2,8.22935
26018,2,8.22903
26019,2,8.22872
26020,2,8.2284
26021,2,8.22809
26022,2,8.22777
26023,2,8.22745
26024,2,8.22714
26025,2,8.22682
26026,2,8.2265
26027,2,8.22619
26028,2,8.22587
26029,2,8.22556
26030,2,8.22524
26031,2,8.22492
26032,2,8.22461
26033,2,8.22429
26034,2,8.22398
26035,2,8.22366
26036,2,8.22334
26037,2,8.22303
26038,2,8.22271
26039,2,8.2224
26040,2,8.22208
26041,2,8.22177
26042,2,8.22145
26043,2,8.22113
26044,2,8.22082
26045,2,8.2205
26046,2,8.22019
26047,2,8.21987
26048,2,8.21956
26049,2,8.21924
26050,2,8.21893
26051,2,8.21861
26052,2,8.21829
26053,2,8.21798
26054,2,8.21766
26055,2,8.21735
26056,2,8.21703
26057,2,8.21672
26058,2,8.2164
26059,2,8.21609
26060,2,8.21577
26061,2,8.21546
26062,2,8.21514
26063,2,8.21483
26064,2,8.21451
26065,2,8.2142
26066,2,8.21388
26067,2,8.21357
26068,2,8.21325
26069,2,8.21293
26070,2,8.21262
26071,2,8.2123
26072,2,8.21199
26073,2,8.21167
26074,2,8.21136
26075,2,8.21105
26076,2,8.21073
26077,2,8.21042
26078,2,8.2101
26079,2,8.20979
26080,2,8.20947
26081,2,8.20916
26082,2,8.20884
26083,2,8.20853
26084,2,8.20821
26085,2,8.2079
26086,2,8.20758
26087,2,8.20727
26088,2,8.20695
26089,2,8.20664
26090,2,8.20632
26091,2,8.20601
26092,2,8.2057
26093,2,8.20538
26094,2,8.20507
26095,2,8.20475
26096,2,8.20444
26097,2,8.20412
26098,2,8.20381
26099,2,8.20349
26100,2,8.20318
26101,2,8.20287
26102,2,8.20255
26103,2,8.20224
26104,2,8.20192
26105,2,8.20161
26106,2,8.20129
26107,2,8.20098
26108,2,8.20067
26109,2,8.20035
26110,2,8.20004
26111,2,8.19972
26112,2,8.19941
26113,2,8.1991
26114,2,8.19878
26115,2,8.19847
26116,2,8.19815
26117,2,8.19784
26118,2,8.19753
26119,2,8.19721
26120,2,8.1969
26121,2,8.19659
26122,2,8.19627
26123,2,8.19596
26124,2,8.19564
26125,2,8.19533
26126,2,8.19502
26127,2,8.1947
26128,2,8.19439
26129,2,8.19408
26130,2,8.19376
26131,2,8.19345
26132,2,8.19313
26133,2,8.19282
26134,2,8.19251
26135,2,8.19219
26136,2,8.19188
26137,2,8.19157
26138,2,8.19125
26139,2,8.19094
26140,2,8.19063
26141,2,8.19031
26142,2,8.19
26143,2,8.18969
26144,2,8.18937
26145,2,8.18906
26146,2,8.18875
26147,2,8.18843
26148,2,8.18812
26149,2,8.18781
26150,2,8.1875
26151,2,8.18718
26152,2,8.18687
26153,2,8.18656
26154,2,8.18624
26155,2,8.18593
26156,2,8.18562
26157,2,8.1853
26158,2,8.18499
26159,2,8.18468
26160,2,8.18437
26161,2,8.18405
26162,2,8.18374
26163,2,8.18343
26164,2,8.18311
26165,2,8.1828
26166,2,8.18249
26167,2,8.18218
26168,2,8.18186
26169,2,8.18155
26170,2,8.18124
26171,2,8.18093
26172,2,8.18061
26173,2,8.1803
26174,2,8.17999
26175,2,8.17968
26176,2,8.17936
26177,2,8.17905
26178,2,8.17874
26179,2,8.17843
26180,2,8.17811
26181,2,8.1778
26182,2,8.17749
26183,2,8.17718
26184,2,8.17686
26185,2,8.17655
26186,2,8.17624
26187,2,8.17593
26188,2,8.17561
26189,2,8.1753
26190,2,8.17499
26191,2,8.17468
26192,2,8.17437
26193,2,8.17405
26194,2,8.17374
26195,2,8.17343
26196,2,8.17312
26197,2,8.17281
26198,2,8.17249
26199,2,8.17218
26200,2,8.17187
26201,2,8.17156
26202,2,8.17125
26203,2,8.17093
26204,2,8.17062
26205,2,8.17031
26206,2,8.17
26207,2,8.16969
26208,2,8.16938
26209,2,8.16906
26210,2,8.16875
26211,2,8.16844
26212,2,8.16813
26213,2,8.16782
26214,2,8.16751
26215,2,8.16719
26216,2,8.16688
26217,2,8.16657
26218,2,8.16626
26219,2,8.16595
26220,2,8.16564
26221,2,8.16533
26222,2,8.16501
26223,2,8.1647
26224,2,8.16439
26225,2,8.16408
26226,2,8.16377
26227,2,8.16346
26228,2,8.16315
26229,2,8.16284
26230,2,8.16252
26231,2,8.16221
26232,2,8.1619
26233,2,8.16159
26234,2,8.16128
26235,2,8.16097
26236,2,8.16066
26237,2,8.16035
26238,2,8.16004
26239,2,8.15972
26240,2,8.15941
26241,2,8.1591
26242,2,8.15879
26243,2,8.15848
26244,2,8.15817
26245,2,8.15786
26246,2,8.15755
26247,2,8.15724
26248,2,8.15693
26249,2,8.15662
26250,2,8.1563
26251,2,8.15599
26252,2,8.15568
26253,2,8.15537
26254,2,8.15506
26255,2,8.15475
26256,2,8.15444
26257,2,8.15413
26258,2,8.15382
26259,2,8.15351
26260,2,8.1532
26261,2,8.15289
26262,2,8.15258
26263,2,8.15227
26264,2,8.15196
26265,2,8.15165
26266,2,8.15134
26267,2,8.15103
26268,2,8.15072
26269,2,8.15041
26270,2,8.1501
26271,2,8.14978
26272,2,8.14947
26273,2,8.14916
26274,2,8.14885
26275,2,8.14854
26276,2,8.14823
26277,2,8.14792
26278,2,8.14761
26279,2,8.1473
26280,2,8.14699
26281,2,8.14668
26282,2,8.14637
26283,2,8.14606
26284,2,8.14575
26285,2,8.14544
26286,2,8.14513
26287,2,8.14482
26288,2,8.14451
26289,2,8.1442
26290,2,8.1439
26291,2,8.14359
26292,2,8.14328
26293,2,8.14297
26294,2,8.14266
26295,2,8.14235
26296,2,8.14204
26297,2,8.14173
26298,2,8.14142
26299,2,8.14111
26300,2,8.1408
26301,2,8.14049
26302,2,8.14018
26303,2,8.13987
26304,2,8.13956
26305,2,8.13925
26306,2,8.13894
26307,2,8.13863
26308,2,8.13832
26309,2,8.13801
26310,2,8.1377
26311,2,8.1374
26312,2,8.13709
26313,2,8.13678
26314,2,8.13647
26315,2,8.13616
26316,2,8.13585
26317,2,8.13554
26318,2,8.13523
26319,2,8.13492
26320,2,8.13461
26321,2,8.1343
26322,2,8.13399
26323,2,8.13369
26324,2,8.13338
26325,2,8.13307
26326,2,8.13276
26327,2,8.13245
26328,2,8.13214
26329,2,8.13183
26330,2,8.13152
26331,2,8.13121
26332,2,8.13091
26333,2,8.1306
26334,2,8.13029
26335,2,8.12998
26336,2,8.12967
26337,2,8.12936
26338,2,8.12905
26339,2,8.12874
26340,2,8.12844
26341,2,8.12813
26342,2,8.12782
26343,2,8.12751
26344,2,8.1272
26345,2,8.12689
26346,2,8.12658
26347,2,8.12628
26348,2,8.12597
26349,2,8.12566
26350,2,8.12535
26351,2,8.12504
26352,2,8.12473
26353,2,8.12443
26354,2,8.12412
26355,2,8.12381
26356,2,8.1235
26357,2,8.12319
26358,2,8.12288
26359,2,8.12258
26360,2,8.12227
26361,2,8.12196
26362,2,8.12165
26363,2,8.12134
26364,2,8.12104
26365,2,8.12073
26366,2,8.12042
26367,2,8.12011
26368,2,8.1198
26369,2,8.1195
26370,2,8.11919
26371,2,8.11888
26372,2,8.11857
26373,2,8.11826
26374,2,8.11796
26375,2,8.11765
26376,2,8.11734
26377,2,8.11703
26378,2,8.11673
26379,2,8.11642
26380,2,8.11611
26381,2,8.1158
26382,2,8.1155
26383,2,8.11519
26384,2,8.11488
26385,2,8.11457
26386,2,8.11427
26387,2,8.11396
26388,2,8.11365
26389,2,8.11334
26390,2,8.11304
26391,2,8.11273
26392,2,8.11242
26393,2,8.11211
26394,2,8.11181
26395,2,8.1115
26396,2,8.11119
26397,2,8.11088
26398,2,8.11058
26399,2,8.11027
26400,2,8.10996
26401,2,8.10965
26402,2,8.10935
26403,2,8.10904
26404,2,8.10873
26405,2,8.10843
26406,2,8.10812
26407,2,8.10781
26408,2,8.10751
26409,2,8.1072
26410,2,8.10689
26411,2,8.10658
26412,2,8.10628
26413,2,8.10597
26414,2,8.10566
26415,2,8.10536
26416,2,8.10505
26417,2,8.10474
26418,2,8.10444
26419,2,8.10413
26420,2,8.10382
26421,2,8.10352
26422,2,8.10321
26423,2,8.1029
26424,2,8.1026
26425,2,8.10229
26426,2,8.10198
26427,2,8.10168
26428,2,8.10137
26429,2,8.10106
26430,2,8.10076
26431,2,8.10045
26432,2,8.10014
26433,2,8.09984
26434,2,8.09953
26435,2,8.09922
26436,2,8.09892
26437,2,8.09861
26438,2,8.09831
26439,2,8.098
26440,2,8.09769
26441,2,8.09739
26442,2,8.09708
26443,2,8.09677
26444,2,8.09647
26445,2,8.09616
26446,2,8.09586
26447,2,8.09555
26448,2,8.09524
26449,2,8.09494
26450,2,8.09463
26451,2,8.09433
26452,2,8.09402
26453,2,8.09371
26454,2,8.09341
26455,2,8.0931
26456,2,8.0928
26457,2,8.09249
26458,2,8.09218
26459,2,8.09188
26460,2,8.09157
26461,2,8.09127
26462,2,8.09096
26463,2,8.09065
26464,2,8.09035
26465,2,8.09004
26466,2,8.08974
26467,2,8.08943
26468,2,8.08913
26469,2,8.08882
26470,2,8.08852
26471,2,8.08821
26472,2,8.0879
26473,2,8.0876
26474,2,8.08729
26475,2,8.08699
26476,2,8.08668
26477,2,8.08638
26478,2,8.08607
26479,2,8.08577
26480,2,8.08546
26481,2,8.08516
26482,2,8.08485
26483,2,8.08454
26484,2,8.08424
26485,2,8.08393
26486,2,8.08363
26487,2,8.08332
26488,2,8.08302
26489,2,8.08271
26490,2,8.08241
26491,2,8.0821
26492,2,8.0818
26493,2,8.08149
26494,2,8.08119
26495,2,8.08088
26496,2,8.08058
26497,2,8.08027
26498,2,8.07997
26499,2,8.07966
26500,2,8.07936
26501,2,8.07905
26502,2,8.07875
26503,2,8.07844
26504,2,8.07814
26505,2,8.07783
26506,2,8.07753
26507,2,8.07722
26508,2,8.07692
26509,2,8.07662
26510,2,8.07631
26511,2,8.07601
26512,2,8.0757
26513,2,8.0754
26514,2,8.07509
26515,2,8.07479
26516,2,8.07448
26517,2,8.07418
26518,2,8.07387
26519,2,8.07357
26520,2,8.07327
26521,2,8.07296
26522,2,8.07266
26523,2,8.07235
26524,2,8.07205
26525,2,8.07174
26526,2,8.07144
26527,2,8.07114
26528,2,8.07083
26529,2,8.07053
26530,2,8.07022
26531,2,8.06992
26532,2,8.06961
26533,2,8.06931
26534,2,8.06901
26535,2,8.0687
26536,2,8.0684
26537,2,8.06809
26538,2,8.06779
26539,2,8.06749
26540,2,8.06718
26541,2,8.06688
26542,2,8.06657
26543,2,8.06627
26544,2,8.06597
26545,2,8.06566
26546,2,8.06536
26547,2,8.06505
26548,2,8.06475
26549,2,8.06445
26550,2,8.06414
26551,2,8.06384
26552,2,8.06354
26553,2,8.06323
26554,2,8.06293
26555,2,8.06262
26556,2,8.06232
26557,2,8.06202
26558,2,8.06171
26559,2,8.06141
26560,2,8.06111
26561,2,8.0608
26562,2,8.0605
26563,2,8.0602
26564,2,8.05989
26565,2,8.05959
26566,2,8.05929
26567,2,8.05898
26568,2,8.05868
26569,2,8.05838
26570,2,8.05807
26571,2,8.05777
26572,2,8.05747
26573,2,8.05716
26574,2,8.05686
26575,2,8.05656
26576,2,8.05625
26577,2,8.05595
26578,2,8.05565
26579,2,8.05534
26580,2,8.05504
26581,2,8.05474
26582,2,8.05444
26583,2,8.05413
26584,2,8.05383
26585,2,8.05353
26586,2,8.05322
26587,2,8.05292
26588,2,8.05262
26589,2,8.05231
26590,2,8.05201
26591,2,8.05171
26592,2,8.05141
26593,2,8.0511
26594,2,8.0508
26595,2,8.0505
26596,2,8.0502
26597,2,8.04989
26598,2,8.04959
26599,2,8.04929
26600,2,8.04898
26601,2,8.04868
26602,2,8.04838
26603,2,8.04808
26604,2,8.04777
26605,2,8.04747
26606,2,8.04717
26607,2,8.04687
26608,2,8.04656
26609,2,8.04626
26610,2,8.04596
26611,2,8.04566
26612,2,8.04536
26613,2,8.04505
26614,2,8.04475
26615,2,8.04445
26616,2,8.04415
26617,2,8.04384
26618,2,8.04354
26619,2,8.04324
26620,2,8.04294
26621,2,8.04264
26622,2,8.04233
26623,2,8.04203
26624,2,8.04173
26625,2,8.04143
26626,2,8.04113
26627,2,8.04082
26628,2,8.04052
26629,2,8.04022
26630,2,8.03992
26631,2,8.03962
26632,2,8.03931
26633,2,8.03901
26634,2,8.03871
26635,2,8.03841
26636,2,8.03811
26637,2,8.0378
26638,2,8.0375
26639,2,8.0372
26640,2,8.0369
26641,2,8.0366
26642,2,8.0363
26643,2,8.03599
26644,2,8.03569
26645,2,8.03539
26646,2,8.03509
26647,2,8.03479
26648,2,8.03449
26649,2,8.03419
26650,2,8.03388
26651,2,8.03358
26652,2,8.03328
26653,2,8.03298
26654,2,8.03268
26655,2,8.03238
26656,2,8.03208
26657,2,8.03177
26658,2,8.03147
26659,2,8.03117
26660,2,8.03087
26661,2,8.03057
26662,2,8.03027
26663,2,8.02997
26664,2,8.02967
26665,2,8.02936
26666,2,8.02906
26667,2,8.02876
26668,2,8.02846
26669,2,8.02816
26670,2,8.02786
26671,2,8.02756
26672,2,8.02726
26673,2,8.02696
26674,2,8.02666
26675,2,8.02635
26676,2,8.02605
26677,2,8.02575
26678,2,8.02545
26679,2,8.02515
26680,2,8.02485
26681,2,8.02455
26682,2,8.02425
26683,2,8.02395
26684,2,8.02365
26685,2,8.02335
26686,2,8.02305
26687,2,8.02275
26688,2,8.02244
26689,2,8.02214
26690,2,8.02184
26691,2,8.02154
26692,2,8.02124
26693,2,8.02094
26694,2,8.02064
26695,2,8.02034
26696,2,8.02004
26697,2,8.01974
26698,2,8.01944
26699,2,8.01914
26700,2,8.01884
26701,2,8.01854
26702,2,8.01824
26703,2,8.01794
26704,2,8.01764
26705,2,8.01734
26706,2,8.01704
26707,2,8.01674
26708,2,8.01644
26709,2,8.01614
26710,2,8.01584
26711,2,8.01554
26712,2,8.01524
26713,2,8.01494
26714,2,8.01464
26715,2,8.01434
26716,2,8.01404
26717,2,8.01374
26718,2,8.01344
26719,2,8.01314
26720,2,8.01284
26721,2,8.01254
26722,2,8.01224
26723,2,8.01194
26724,2,8.01164
26725,2,8.01134
26726,2,8.01104
26727,2,8.01074
26728,2,8.01044
26729,2,8.01014
26730,2,8.00984
26731,2,8.00954
26732,2,8.00924
26733,2,8.00894
26734,2,8.00864
26735,2,8.00834
26736,2,8.00804
26737,2,8.00774
26738,2,8.00744
26739,2,8.00714
26740,2,8.00684
26741,2,8.00654
26742,2,8.00624
26743,2,8.00595
26744,2,8.00565
26745,2,8.00535
26746,2,8.00505
26747,2,8.00475
26748,2,8.00445
26749,2,8.00415
26750,2,8.00385
26751,2,8.00355
26752,2,8.00325
26753,2,8.00295
26754,2,8.00265
26755,2,8.00235
26756,2,8.00206
26757,2,8.00176
26758,2,8.00146
26759,2,8.00116
26760,2,8.00086
26761,2,8.00056
26762,2,8.00026
26763,2,7.99996
26764,2,7.99966
26765,2,7.99936
26766,2,7.99907
26767,2,7.99877
26768,2,7.99847
26769,2,7.99817
26770,2,7.99787
26771,2,7.99757
26772,2,7.99727
26773,2,7.99697
26774,2,7.99668
26775,2,7.99638
26776,2,7.99608
26777,2,7.99578
26778,2,7.99548
26779,2,7.99518
26780,2,7.99488
26781,2,7.99459
26782,2,7.99429
26783,2,7.99399
26784,2,7.99369
26785,2,7.99339
26786,2,7.99309
26787,2,7.9928
26788,2,7.9925
26789,2,7.9922
26790,2,7.9919
26791,2,7.9916
26792,2,7.9913
26793,2,7.99101
26794,2,7.99071
26795,2,7.99041
26796,2,7.99011
26797,2,7.98981
26798,2,7.98951
26799,2,7.98922
26800,2,7.98892
26801,2,7.98862
26802,2,7.98832
26803,2,7.98802
26804,2,7.98773
26805,2,7.98743
26806,2,7.98713
26807,2,7.98683
26808,2,7.98653
26809,2,7.98624
26810,2,7.98594
26811,2,7.98564
26812,2,7.98534
26813,2,7.98504
26814,2,7.98475
26815,2,7.98445
26816,2,7.98415
26817,2,7.98385
26818,2,7.98356
26819,2,7.98326
26820,2,7.98296
26821,2,7.98266
26822,2,7.98237
26823,2,7.98207
26824,2,7.98177
26825,2,7.98147
26826,2,7.98117
26827,2,7.98088
26828,2,7.98058
26829,2,7.98028
26830,2,7.97999
26831,2,7.97969
26832,2,7.97939
26833,2,7.97909
26834,2,7.9788
26835,2,7.9785
26836,2,7.9782
26837,2,7.9779
26838,2,7.97761
26839,2,7.97731
26840,2,7.97701
26841,2,7.97671
26842,2,7.97642
26843,2,7.97612
26844,2,7.97582
26845,2,7.97553
26846,2,7.97523
26847,2,7.97493
26848,2,7.97463
26849,2,7.97434
26850,2,7.97404
26851,2,7.97374
26852,2,7.97345
26853,2,7.97315
26854,2,7.97285
26855,2,7.97256
26856,2,7.97226
26857,2,7.97196
26858,2,7.97167
26859,2,7.97137
26860,2,7.97107
26861,2,7.97078
26862,2,7.97048
26863,2,7.97018
26864,2,7.96989
26865,2,7.96959
26866,2,7.96929
26867,2,7.969
26868,2,7.9687
26869,2,7.9684
26870,2,7.96811
26871,2,7.96781
26872,2,7.96751
26873,2,7.96722
26874,2,7.96692
26875,2,7.96662
26876,2,7.96633
26877,2,7.96603
26878,2,7.96573
26879,2,7.96544
26880,2,7.96514
26881,2,7.96485
26882,2,7.96455
26883,2,7.96425
26884,2,7.96396
26885,2,7.96366
26886,2,7.96336
26887,2,7.96307
26888,2,7.96277
26889,2,7.96248
26890,2,7.96218
26891,2,7.96188
26892,2,7.96159
26893,2,7.96129
26894,2,7.961
26895,2,7.9607
26896,2,7.9604
26897,2,7.96011
26898,2,7.95981
26899,2,7.95952
26900,2,7.95922
26901,2,7.95892
26902,2,7.95863
26903,2,7.95833
26904,2,7.95804
26905,2,7.95774
26906,2,7.95744
26907,2,7.95715
26908,2,7.95685
26909,2,7.95656
26910,2,7.95626
26911,2,7.95597
26912,2,7.95567
26913,2,7.95537
26914,2,7.95508
26915,2,7.95478
26916,2,7.95449
26917,2,7.95419
26918,2,7.9539
26919,2,7.9536
26920,2,7.95331
26921,2,7.95301
26922,2,7.95272
26923,2,7.95242
26924,2,7.95212
26925,2,7.95183
26926,2,7.95153
26927,2,7.95124
26928,2,7.95094
26929,2,7.95065
26930,2,7.95035
26931,2,7.95006
26932,2,7.94976
26933,2,7.94947
26934,2,7.94917
26935,2,7.94888
26936,2,7.94858
26937,2,7.94829
26938,2,7.94799
26939,2,7.9477
26940,2,7.9474
26941,2,7.94711
26942,2,7.94681
26943,2,7.94652
26944,2,7.94622
26945,2,7.94593
26946,2,7.94563
26947,2,7.94534
26948,2,7.94504
26949,2,7.94475
26950,2,7.94445
26951,2,7.94416
26952,2,7.94386
26953,2,7.94357
26954,2,7.94327
26955,2,7.94298
26956,2,7.94268
26957,2,7.94239
26958,2,7.9421
26959,2,7.9418
26960,2,7.94151
26961,2,7.94121
26962,2,7.94092
26963,2,7.94062
26964,2,7.94033
26965,2,7.94003
26966,2,7.93974
26967,2,7.93944
26968,2,7.93915
26969,2,7.93886
26970,2,7.93856
26971,2,7.93827
26972,2,7.93797
26973,2,7.93768
26974,2,7.93738
26975,2,7.93709
26976,2,7.9368
26977,2,7.9365
26978,2,7.93621
26979,2,7.93591
26980,2,7.93562
26981,2,7.93532
26982,2,7.93503
26983,2,7.93474
26984,2,7.93444
26985,2,7.93415
26986,2,7.93385
26987,2,7.93356
26988,2,7.93327
26989,2,7.93297
26990,2,7.93268
26991,2,7.93238
26992,2,7.93209
26993,2,7.9318
26994,2,7.9315
26995,2,7.93121
26996,2,7.93092
26997,2,7.93062
26998,2,7.93033
26999,2,7.93003
27000,2,7.92974
27001,2,7.92945
27002,2,7.92915
27003,2,7.92886
27004,2,7.92857
27005,2,7.92827
27006,2,7.92798
27007,2,7.92769
27008,2,7.92739
27009,2,7.9271
27010,2,7.9268
27011,2,7.92651
27012,2,7.92622
27013,2,7.92592
27014,2,7.92563
27015,2,7.92534
27016,2,7.92504
27017,2,7.92475
27018,2,7.92446
27019,2,7.92416
27020,2,7.92387
27021,2,7.92358
27022,2,7.92328
27023,2,7.92299
27024,2,7.9227
27025,2,7.92241
27026,2,7.92211
27027,2,7.92182
27028,2,7.92153
27029,2,7.92123
27030,2,7.92094
27031,2,7.92065
27032,2,7.92035
27033,2,7.92006
27034,2,7.91977
27035,2,7.91947
27036,2,7.91918
27037,2,7.91889
27038,2,7.9186
27039,2,7.9183
27040,2,7.91801
27041,2,7.91772
27042,2,7.91742
27043,2,7.91713
27044,2,7.91684
27045,2,7.91655
27046,2,7.91625
27047,2,7.91596
27048,2,7.91567
27049,2,7.91538
27050,2,7.91508
27051,2,7.91479
27052,2,7.9145
27053,2,7.91421
27054,2,7.91391
27055,2,7.91362
27056,2,7.91333
27057,2,7.91304
27058,2,7.91274
27059,2,7.91245
27060,2,7.91216
27061,2,7.91187
27062,2,7.91157
27063,2,7.91128
27064,2,7.91099
27065,2,7.9107
27066,2,7.9104
27067,2,7.91011
27068,2,7.90982
27069,2,7.90953
27070,2,7.90924
27071,2,7.90894
27072,2,7.90865
27073,2,7.90836
27074,2,7.90807
27075,2,7.90777
27076,2,7.90748
27077,2,7.90719
27078,2,7.9069
27079,2,7.90661
27080,2,7.90631
27081,2,7.90602
27082,2,7.90573
27083,2,7.90544
27084,2,7.90515
27085,2,7.90486
27086,2,7.90456
27087,2,7.90427
27088,2,7.90398
27089,2,7.90369
27090,2,7.9034
27091,2,7.9031
27092,2,7.90281
27093,2,7.90252
27094,2,7.90223
27095,2,7.90194
27096,2,7.90165
27097,2,7.90135
27098,2,7.90106
27099,2,7.90077
27100,2,7.90048
27101,2,7.90019
27102,2,7.8999
27103,2,7.89961
27104,2,7.89931
27105,2,7.89902
27106,2,7.89873
27107,2,7.89844
27108,2,7.89815
27109,2,7.89786
27110,2,7.89757
27111,2,7.89727
27112,2,7.89698
27113,2,7.89669
27114,2,7.8964
27115,2,7.89611
27116,2,7.89582
27117,2,7.89553
27118,2,7.89524
27119,2,7.89494
27120,2,7.89465
27121,2,7.89436
27122,2,7.89407
27123,2,7.89378
27124,2,7.89349
27125,2,7.8932
27126,2,7.89291
27127,2,7.89262
27128,2,7.89233
27129,2,7.89203
27130,2,7.89174
27131,2,7.89145
27132,2,7.89116
27133,2,7.89087
27134,2,7.89058
27135,2,7.89029
27136,2,7.89
27137,2,7.88971
27138,2,7.88942
27139,2,7.88913
27140,2,7.88884
27141,2,7.88855
27142,2,7.88825
27143,2,7.88796
27144,2,7.88767
27145,2,7.88738
27146,2,7.88709
27147,2,7.8868
27148,2,7.88651
27149,2,7.88622
27150,2,7.88593
27151,2,7.88564
27152,2,7.88535
27153,2,7.88506
27154,2,7.88477
27155,2,7.88448
27156,2,7.88419
27157,2,7.8839
27158,2,7.88361
27159,2,7.88332
27160,2,7.88303
27161,2,7.88274
27162,2,7.88245
27163,2,7.88216
27164,2,7.88187
27165,2,7.88158
27166,2,7.88129
27167,2,7.881
27168,2,7.88071
27169,2,7.88042
27170,2,7.88013
27171,2,7.87984
27172,2,7.87955
27173,2,7.87926
27174,2,7.87897
27175,2,7.87868
27176,2,7.87839
27177,2,7.8781
27178,2,7.87781
27179,2,7.87752
27180,2,7.87723
27181,2,7.87694
27182,2,7.87665
27183,2,7.87636
27184,2,7.87607
27185,2,7.87578
27186,2,7.87549
27187,2,7.8752
27188,2,7.87491
27189,2,7.87462
27190,2,7.87433
27191,2,7.87404
27192,2,7.87375
27193,2,7.87346
27194,2,7.87317
27195,2,7.87288
27196,2,7.87259
27197,2,7.8723
27198,2,7.87201
27199,2,7.87172
27200,2,7.87143
27201,2,7.87114
27202,2,7.87086
27203,2,7.87057
27204,2,7.87028
27205,2,7.86999
27206,2,7.8697
27207,2,7.86941
27208,2,7.86912
27209,2,7.86883
27210,2,7.86854
27211,2,7.86825
27212,2,7.86796
27213,2,7.86767
27214,2,7.86738
27215,2,7.8671
27216,2,7.86681
27217,2,7.86652
27218,2,7.86623
27219,2,7.86594
27220,2,7.86565
27221,2,7.86536
27222,2,7.86507
27223,2,7.86478
27224,2,7.86449
27225,2,7.86421
27226,2,7.86392
27227,2,7.86363
27228,2,7.86334
27229,2,7.86305
27230,2,7.86276
27231,2,7.86247
27232,2,7.86218
27233,2,7.8619
27234,2,7.86161
27235,2,7.86132
27236,2,7.86103
27237,2,7.86074
27238,2,7.86045
27239,2,7.86016
27240,2,7.85988
27241,2,7.85959
27242,2,7.8593
27243,2,7.85901
27244,2,7.85872
27245,2,7.85843
27246,2,7.85814
27247,2,7.85786
27248,2,7.85757
27249,2,7.85728
27250,2,7.85699
27251,2,7.8567
27252,2,7.85641
27253,2,7.85613
27254,2,7.85584
27255,2,7.85555
27256,2,7.85526
27257,2,7.85497
27258,2,7.85468
27259,2,7.8544
27260,2,7.85411
27261,2,7.85382
27262,2,7.85353
27263,2,7.85324
27264,2,7.85296
27265,2,7.85267
27266,2,7.85238
27267,2,7.85209
27268,2,7.8518
27269,2,7.85152
27270,2,7.85123
27271,2,7.85094
27272,2,7.85065
27273,2,7.85036
27274,2,7.85008
27275,2,7.84979
27276,2,7.8495
27277,2,7.84921
27278,2,7.84893
27279,2,7.84864
27280,2,7.84835
27281,2,7.84806
27282,2,7.84778
27283,2,7.84749
27284,2,7.8472
27285,2,7.84691
27286,2,7.84662
27287,2,7.84634
27288,2,7.84605
27289,2,7.84576
27290,2,7.84547
27291,2,7.84519
27292,2,7.8449
27293,2,7.84461
27294,2,7.84432
27295,2,7.84404
27296,2,7.84375
27297,2,7.84346
27298,2,7.84318
27299,2,7.84289
27300,2,7.8426
27301,2,7.84231
27302,2,7.84203
27303,2,7.84174
27304,2,7.84145
27305,2,7.84116
27306,2,7.84088
27307,2,7.84059
27308,2,7.8403
27309,2,7.84002
27310,2,7.83973
27311,2,7.83944
27312,2,7.83915
27313,2,7.83887
27314,2,7.83858
27315,2,7.83829
27316,2,7.83801
27317,2,7.83772
27318,2,7.83743
27319,2,7.83715
27320,2,7.83686
27321,2,7.83657
27322,2,7.83629
27323,2,7.836
27324,2,7.83571
27325,2,7.83543
27326,2,7.83514
27327,2,7.83485
27328,2,7.83457
27329,2,7.83428
27330,2,7.83399
27331,2,7.83371
27332,2,7.83342
27333,2,7.83313
27334,2,7.83285
27335,2,7.83256
27336,2,7.83227
27337,2,7.83199
27338,2,7.8317
27339,2,7.83141
27340,2,7.83113
27341,2,7.83084
27342,2,7.83055
27343,2,7.83027
27344,2,7.82998
27345,2,7.82969
27346,2,7.82941
27347,2,7.82912
27348,2,7.82884
27349,2,7.82855
27350,2,7.82826
27351,2,7.82798
27352,2,7.82769
27353,2,7.8274
27354,2,7.82712
27355,2,7.82683
27356,2,7.82655
27357,2,7.82626
27358,2,7.82597
27359,2,7.82569
27360,2,7.8254
27361,2,7.82512
27362,2,7.82483
27363,2,7.82454
27364,2,7.82426
27365,2,7.82397
27366,2,7.82369
27367,2,7.8234
27368,2,7.82311
27369,2,7.82283
27370,2,7.82254
27371,2,7.82226
27372,2,7.82197
27373,2,7.82169
27374,2,7.8214
27375,2,7.82111
27376,2,7.82083
27377,2,7.82054
27378,2,7.82026
27379,2,7.81997
27380,2,7.81969
27381,2,7.8194
27382,2,7.81911
27383,2,7.81883
27384,2,7.81854
27385,2,7.81826
27386,2,7.81797
27387,2,7.81769
27388,2,7.8174
27389,2,7.81712
27390,2,7.81683
27391,2,7.81655
27392,2,7.81626
27393,2,7.81597
27394,2,7.81569
27395,2,7.8154
27396,2,7.81512
27397,2,7.81483
27398,2,7.81455
27399,2,7.81426
27400,2,7.81398
27401,2,7.81369
27402,2,7.81341
27403,2,7.81312
27404,2,7.81284
27405,2,7.81255
27406,2,7.81227
27407,2,7.81198
27408,2,7.8117
27409,2,7.81141
27410,2,7.81113
27411,2,7.81084
27412,2,7.81056
27413,2,7.81027
27414,2,7.80999
27415,2,7.8097
27416,2,7.80942
27417,2,7.80913
27418,2,7.80885
27419,2,7.80856
27420,2,7.80828
27421,2,7.80799
27422,2,7.80771
27423,2,7.80742
27424,2,7.80714
27425,2,7.80686
27426,2,7.80657
27427,2,7.80629
27428,2,7.806
27429,2,7.80572
27430,2,7.80543
27431,2,7.80515
27432,2,7.80486
27433,2,7.80458
27434,2,7.80429
27435,2,7.80401
27436,2,7.80373
27437,2,7.80344
27438,2,7.80316
27439,2,7.80287
27440,2,7.80259
27441,2,7.8023
27442,2,7.80202
27443,2,7.80173
27444,2,7.80145
27445,2,7.80117
27446,2,7.80088
27447,2,7.8006
27448,2,7.80031
27449,2,7.80003
27450,2,7.79974
27451,2,7.79946
27452,2,7.79918
27453,2,7.79889
27454,2,7.79861
27455,2,7.79832
27456,2,7.79804
27457,2,7.79776
27458,2,7.79747
27459,2,7.79719
27460,2,7.7969
27461,2,7.79662
27462,2,7.79634
27463,2,7.79605
27464,2,7.79577
27465,2,7.79549
27466,2,7.7952
27467,2,7.79492
27468,2,7.79463
27469,2,7.79435
27470,2,7.79407
27471,2,7.79378
27472,2,7.7935
27473,2,7.79322
27474,2,7.79293
27475,2,7.79265
27476,2,7.79236
27477,2,7.79208
27478,2,7.7918
27479,2,7.79151
27480,2,7.79123
27481,2,7.79095
27482,2,7.79066
27483,2,7.79038
27484,2,7.7901
27485,2,7.78981
27486,2,7.78953
27487,2,7.78925
27488,2,7.78896
27489,2,7.78868
27490,2,7.7884
27491,2,7.78811
27492,2,7.78783
27493,2,7.78755
27494,2,7.78726
27495,2,7.78698
27496,2,7.7867
27497,2,7.78641
27498,2,7.78613
27499,2,7.78585
27500,2,7.78556
27501,2,7.78528
27502,2,7.785
27503,2,7.78471
27504,2,7.78443
27505,2,7.78415
27506,2,7.78387
27507,2,7.78358
27508,2,7.7833
27509,2,7.78302
27510,2,7.78273
27511,2,7.78245
27512,2,7.78217
27513,2,7.78188
27514,2,7.7816
27515,2,7.78132
27516,2,7.78104
27517,2,7.78075
27518,2,7.78047
27519,2,7.78019
27520,2,7.77991
27521,2,7.77962
27522,2,7.77934
27523,2,7.77906
27524,2,7.77877
27525,2,7.77849
27526,2,7.77821
27527,2,7.77793
27528,2,7.77764
27529,2,7.77736
27530,2,7.77708
27531,2,7.7768
27532,2,7.77651
27533,2,7.77623
27534,2,7.77595
27535,2,7.77567
27536,2,7.77538
27537,2,7.7751
27538,2,7.77482
27539,2,7.77454
27540,2,7.77426
27541,2,7.77397
27542,2,7.77369
27543,2,7.77341
27544,2,7.77313
27545,2,7.77284
27546,2,7.77256
27547,2,7.77228
27548,2,7.772
27549,2,7.77172
27550,2,7.77143
27551,2,7.77115
27552,2,7.77087
27553,2,7.77059
27554,2,7.77031
27555,2,7.77002
27556,2,7.76974
27557,2,7.76946
27558,2,7.76918
27559,2,7.7689
27560,2,7.76861
27561,2,7.76833
27562,2,7.76805
27563,2,7.76777
27564,2,7.76749
27565,2,7.7672
27566,2,7.76692
27567,2,7.76664
27568,2,7.76636
27569,2,7.76608
27570,2,7.7658
27571,2,7.76551
27572,2,7.76523
27573,2,7.76495
27574,2,7.76467
27575,2,7.76439
27576,2,7.76411
27577,2,7.76382
27578,2,7.76354
27579,2,7.76326
27580,2,7.76298
27581,2,7.7627
27582,2,7.76242
27583,2,7.76214
27584,2,7.76185
27585,2,7.76157
27586,2,7.76129
27587,2,7.76101
27588,2,7.76073
27589,2,7.76045
27590,2,7.76017
27591,2,7.75989
27592,2,7.7596
27593,2,7.75932
27594,2,7.75904
27595,2,7.75876
27596,2,7.75848
27597,2,7.7582
27598,2,7.75792
27599,2,7.75764
27600,2,7.75736
27601,2,7.75707
27602,2,7.75679
27603,2,7.75651
27604,2,7.75623
27605,2,7.75595
27606,2,7.75567
27607,2,7.75539
27608,2,7.75511
27609,2,7.75483
27610,2,7.75455
27611,2,7.75426
27612,2,7.75398
27613,2,7.7537
27614,2,7.75342
27615,2,7.75314
27616,2,7.75286
27617,2,7.75258
27618,2,7.7523
27619,2,7.75202
27620,2,7.75174
27621,2,7.75146
27622,2,7.75118
27623,2,7.7509
27624,2,7.75062
27625,2,7.75033
27626,2,7.75005
27627,2,7.74977
27628,2,7.74949
27629,2,7.74921
27630,2,7.74893
27631,2,7.74865
27632,2,7.74837
27633,2,7.74809
27634,2,7.74781
27635,2,7.74753
27636,2,7.74725
27637,2,7.74697
27638,2,7.74669
27639,2,7.74641
27640,2,7.74613
27641,2,7.74585
27642,2,7.74557
27643,2,7.74529
27644,2,7.74501
27645,2,7.74473
27646,2,7.74445
27647,2,7.74417
27648,2,7.74389
27649,2,7.74361
27650,2,7.74333
27651,2,7.74305
27652,2,7.74277
27653,2,7.74249
27654,2,7.74221
27655,2,7.74193
27656,2,7.74165
27657,2,7.74137
27658,2,7.74109
27659,2,7.74081
27660,2,7.74053
27661,2,7.74025
27662,2,7.73997
27663,2,7.73969
27664,2,7.73941
27665,2,7.73913
27666,2,7.73885
27667,2,7.73857
27668,2,7.73829
27669,2,7.73801
27670,2,7.73773
27671,2,7.73745
27672,2,7.73717
27673,2,7.73689
27674,2,7.73661
27675,2,7.73633
27676,2,7.73605
27677,2,7.73577
27678,2,7.73549
27679,2,7.73521
27680,2,7.73493
27681,2,7.73466
27682,2,7.73438
27683,2,7.7341
27684,2,7.73382
27685,2,7.73354
27686,2,7.73326
27687,2,7.73298
27688,2,7.7327
27689,2,7.73242
27690,2,7.73214
27691,2,7.73186
27692,2,7.73158
27693,2,7.7313
27694,2,7.73102
27695,2,7.73075
27696,2,7.73047
27697,2,7.73019
27698,2,7.72991
27699,2,7.72963
27700,2,7.72935
27701,2,7.72907
27702,2,7.72879
27703,2,7.72851
27704,2,7.72823
27705,2,7.72796
27706,2,7.72768
27707,2,7.7274
27708,2,7.72712
27709,2,7.72684
27710,2,7.72656
27711,2,7.72628
27712,2,7.726
27713,2,7.72572
27714,2,7.72545
27715,2,7.72517
27716,2,7.72489
27717,2,7.72461
27718,2,7.72433
27719,2,7.72405
27720,2,7.72377
27721,2,7.72349
27722,2,7.72322
27723,2,7.72294
27724,2,7.72266
27725,2,7.72238
27726,2,7.7221
27727,2,7.72182
27728,2,7.72155
27729,2,7.72127
27730,2,7.72099
27731,2,7.72071
27732,2,7.72043
27733,2,7.72015
27734,2,7.71987
27735,2,7.7196
27736,2,7.71932
27737,2,7.71904
27738,2,7.71876
27739,2,7.71848
27740,2,7.7182
27741,2,7.71793
27742,2,7.71765
27743,2,7.71737
27744,2,7.71709
27745,2,7.71681
27746,2,7.71654
27747,2,7.71626
27748,2,7.71598
27749,2,7.7157
27750,2,7.71542
27751,2,7.71515
27752,2,7.71487
27753,2,7.71459
27754,2,7.71431
27755,2,7.71403
27756,2,7.71376
27757,2,7.71348
27758,2,7.7132
27759,2,7.71292
27760,2,7.71264
27761,2,7.71237
27762,2,7.71209
27763,2,7.71181
27764,2,7.71153
27765,2,7.71126
27766,2,7.71098
27767,2,7.7107
27768,2,7.71042
27769,2,7.71014
27770,2,7.70987
27771,2,7.70959
27772,2,7.70931
27773,2,7.70903
27774,2,7.70876
27775,2,7.70848
27776,2,7.7082
27777,2,7.70792
27778,2,7.70765
27779,2,7.70737
27780,2,7.70709
27781,2,7.70681
27782,2,7.70654
27783,2,7.70626
27784,2,7.70598
27785,2,7.7057
27786,2,7.70543
27787,2,7.70515
27788,2,7.70487
27789,2,7.7046
27790,2,7.70432
27791,2,7.70404
27792,2,7.70376
27793,2,7.70349
27794,2,7.70321
27795,2,7.70293
27796,2,7.70266
27797,2,7.70238
27798,2,7.7021
27799,2,7.70182
27800,2,7.70155
27801,2,7.70127
27802,2,7.70099
27803,2,7.70072
27804,2,7.70044
27805,2,7.70016
27806,2,7.69988
27807,2,7.69961
27808,2,7.69933
27809,2,7.69905
27810,2,7.69878
27811,2,7.6985
27812,2,7.69822
27813,2,7.69795
27814,2,7.69767
27815,2,7.69739
27816,2,7.69712
27817,2,7.69684
27818,2,7.69656
27819,2,7.69629
27820,2,7.69601
27821,2,7.69573
27822,2,7.69546
27823,2,7.69518
27824,2,7.6949
27825,2,7.69463
27826,2,7.69435
27827,2,7.69407
27828,2,7.6938
27829,2,7.69352
27830,2,7.69324
27831,2,7.69297
27832,2,7.69269
27833,2,7.69242
27834,2,7.69214
27835,2,7.69186
27836,2,7.69159
27837,2,7.69131
27838,2,7.69103
27839,2,7.69076
27840,2,7.69048
27841,2,7.69021
27842,2,7.68993
27843,2,7.68965
27844,2,7.68938
27845,2,7.6891
27846,2,7.68882
27847,2,7.68855
27848,2,7.68827
27849,2,7.688
27850,2,7.68772
27851,2,7.68744
27852,2,7.68717
27853,2,7.68689
27854,2,7.68662
27855,2,7.68634
27856,2,7.68606
27857,2,7.68579
27858,2,7.68551
27859,2,7.68524
27860,2,7.68496
27861,2,7.68468
27862,2,7.68441
27863,2,7.68413
27864,2,7.68386
27865,2,7.68358
27866,2,7.68331
27867,2,7.68303
27868,2,7.68275
27869,2,7.68248
27870,2,7.6822
27871,2,7.68193
27872,2,7.68165
27873,2,7.68138
27874,2,7.6811
27875,2,7.68083
27876,2,7.68055
27877,2,7.68027
27878,2,7.68
27879,2,7.67972
27880,2,7.67945
27881,2,7.67917
27882,2,7.6789
27883,2,7.67862
27884,2,7.67835
27885,2,7.67807
27886,2,7.6778
27887,2,7.67752
27888,2,7.67724
27889,2,7.67697
27890,2,7.67669
27891,2,7.67642
27892,2,7.67614
27893,2,7.67587
27894,2,7.67559
27895,2,7.67532
27896,2,7.67504
27897,2,7.67477
27898,2,7.67449
27899,2,7.67422
27900,2,7.67394
27901,2,7.67367
27902,2,7.67339
27903,2,7.67312
27904,2,7.67284
27905,2,7.67257
27906,2,7.67229
27907,2,7.67202
27908,2,7.67174
27909,2,7.67147
27910,2,7.67119
27911,2,7.67092
27912,2,7.67064
27913,2,7.67037
27914,2,7.67009
27915,2,7.66982
27916,2,7.66954
27917,2,7.66927
27918,2,7.66899
27919,2,7.66872
27920,2,7.66845
27921,2,7.66817
27922,2,7.6679
27923,2,7.66762
27924,2,7.66735
27925,2,7.66707
27926,2,7.6668
27927,2,7.66652
27928,2,7.66625
27929,2,7.66597
27930,2,7.6657
27931,2,7.66543
27932,2,7.66515
27933,2,7.66488
27934,2,7.6646
27935,2,7.66433
27936,2,7.66405
27937,2,7.66378
27938,2,7.6635
27939,2,7.66323
27940,2,7.66296
27941,2,7.66268
27942,2,7.66241
27943,2,7.66213
27944,2,7.66186
27945,2,7.66159
27946,2,7.66131
27947,2,7.66104
27948,2,7.66076
27949,2,7.66049
27950,2,7.66021
27951,2,7.65994
27952,2,7.65967
27953,2,7.65939
27954,2,7.65912
27955,2,7.65884
27956,2,7.65857
27957,2,7.6583
27958,2,7.65802
27959,2,7.65775
27960,2,7.65747
27961,2,7.6572
27962,2,7.65693
27963,2,7.65665
27964,2,7.65638
27965,2,7.65611
27966,2,7.65583
27967,2,7.65556
27968,2,7.65528
27969,2,7.65501
27970,2,7.65474
27971,2,7.65446
27972,2,7.65419
27973,2,7.65392
27974,2,7.65364
27975,2,7.65337
27976,2,7.6531
27977,2,7.65282
27978,2,7.65255
27979,2,7.65227
27980,2,7.652
27981,2,7.65173
27982,2,7.65145
27983,2,7.65118
27984,2,7.65091
27985,2,7.65063
27986,2,7.65036
27987,2,7.65009
27988,2,7.64981
27989,2,7.64954
27990,2,7.64927
27991,2,7.64899
27992,2,7.64872
27993,2,7.64845
27994,2,7.64817
27995,2,7.6479
27996,2,7.64763
27997,2,7.64736
27998,2,7.64708
27999,2,7.64681
28000,2,7.64654
28001,2,7.64626
28002,2,7.64599
28003,2,7.64572
28004,2,7.64544
28005,2,7.64517
28006,2,7.6449
28007,2,7.64462
28008,2,7.64435
28009,2,7.64408
28010,2,7.64381
28011,2,7.64353
28012,2,7.64326
28013,2,7.64299
28014,2,7.64271
28015,2,7.64244
28016,2,7.64217
28017,2,7.6419
28018,2,7.64162
28019,2,7.64135
28020,2,7.64108
28021,2,7.64081
28022,2,7.64053
28023,2,7.64026
28024,2,7.63999
28025,2,7.63971
28026,2,7.63944
28027,2,7.63917
28028,2,7.6389
28029,2,7.63862
28030,2,7.63835
28031,2,7.63808
28032,2,7.63781
28033,2,7.63753
28034,2,7.63726
28035,2,7.63699
28036,2,7.63672
28037,2,7.63644
28038,2,7.63617
28039,2,7.6359
28040,2,7.63563
28041,2,7.63536
28042,2,7.63508
28043,2,7.63481
28044,2,7.63454
28045,2,7.63427
28046,2,7.63399
28047,2,7.63372
28048,2,7.63345
28049,2,7.63318
28050,2,7.63291
28051,2,7.63263
28052,2,7.63236
28053,2,7.63209
28054,2,7.63182
28055,2,7.63155
28056,2,7.63127
28057,2,7.631
28058,2,7.63073
28059,2,7.63046
28060,2,7.63019
28061,2,7.62991
28062,2,7.62964
28063,2,7.62937
28064,2,7.6291
28065,2,7.62883
28066,2,7.62855
28067,2,7.62828
28068,2,7.62801
28069,2,7.62774
28070,2,7.62747
28071,2,7.6272
28072,2,7.62692
28073,2,7.62665
28074,2,7.62638
28075,2,7.62611
28076,2,7.62584
28077,2,7.62557
28078,2,7.62529
28079,2,7.62502
28080,2,7.62475
28081,2,7.62448
28082,2,7.62421
28083,2,7.62394
28084,2,7.62366
28085,2,7.62339
28086,2,7.62312
28087,2,7.62285
28088,2,7.62258
28089,2,7.62231
28090,2,7.62204
28091,2,7.62176
28092,2,7.62149
28093,2,7.62122
28094,2,7.62095
28095,2,7.62068
28096,2,7.62041
28097,2,7.62014
28098,2,7.61987
28099,2,7.6196
28100,2,7.61932
28101,2,7.61905
28102,2,7.61878
28103,2,7.61851
28104,2,7.61824
28105,2,7.61797
28106,2,7.6177
28107,2,7.61743
28108,2,7.61716
28109,2,7.61688
28110,2,7.61661
28111,2,7.61634
28112,2,7.61607
28113,2,7.6158
28114,2,7.61553
28115,2,7.61526
28116,2,7.61499
28117,2,7.61472
28118,2,7.61445
28119,2,7.61418
28120,2,7.6139
28121,2,7.61363
28122,2,7.61336
28123,2,7.61309
28124,2,7.61282
28125,2,7.61255
28126,2,7.61228
28127,2,7.61201
28128,2,7.61174
28129,2,7.61147
28130,2,7.6112
28131,2,7.61093
28132,2,7.61066
28133,2,7.61039
28134,2,7.61012
28135,2,7.60985
28136,2,7.60957
28137,2,7.6093
28138,2,7.60903
28139,2,7.60876
28140,2,7.60849
28141,2,7.60822
28142,2,7.60795
28143,2,7.60768
28144,2,7.60741
28145,2,7.60714
28146,2,7.60687
28147,2,7.6066
28148,2,7.60633
28149,2,7.60606
28150,2,7.60579
28151,2,7.60552
28152,2,7.60525
28153,2,7.60498
28154,2,7.60471
28155,2,7.60444
28156,2,7.60417
28157,2,7.6039
28158,2,7.60363
28159,2,7.60336
28160,2,7.60309
28161,2,7.60282
28162,2,7.60255
28163,2,7.60228
28164,2,7.60201
28165,2,7.60174
28166,2,7.60147
28167,2,7.6012
28168,2,7.60093
28169,2,7.60066
28170,2,7.60039
28171,2,7.60012
28172,2,7.59985
28173,2,7.59958
28174,2,7.59931
28175,2,7.59904
28176,2,7.59877
28177,2,7.5985
28178,2,7.59823
28179,2,7.59796
28180,2,7.59769
28181,2,7.59742
28182,2,7.59715
28183,2,7.59688
28184,2,7.59662
28185,2,7.59635
28186,2,7.59608
28187,2,7.59581
28188,2,7.59554
28189,2,7.59527
28190,2,7.595
28191,2,7.59473
28192,2,7.59446
28193,2,7.59419
28194,2,7.59392
28195,2,7.59365
28196,2,7.59338
28197,2,7.59311
28198,2,7.59284
28199,2,7.59257
28200,2,7.5923
28201,2,7.59204
28202,2,7.59177
28203,2,7.5915
28204,2,7.59123
28205,2,7.59096
28206,2,7.59069
28207,2,7.59042
28208,2,7.59015
28209,2,7.58988
28210,2,7.58961
28211,2,7.58934
28212,2,7.58908
28213,2,7.58881
28214,2,7.58854
28215,2,7.58827
28216,2,7.588
28217,2,7.58773
28218,2,7.58746
28219,2,7.58719
28220,2,7.58692
28221,2,7.58666
28222,2,7.58639
28223,2,7.58612
28224,2,7.58585
28225,2,7.58558
28226,2,7.58531
28227,2,7.58504
28228,2,7.58477
28229,2,7.58451
28230,2,7.58424
28231,2,7.58397
28232,2,7.5837
28233,2,7.58343
28234,2,7.58316
28235,2,7.58289
28236,2,7.58263
28237,2,7.58236
28238,2,7.58209
28239,2,7.58182
28240,2,7.58155
28241,2,7.58128
28242,2,7.58101
28243,2,7.58075
28244,2,7.58048
28245,2,7.58021
28246,2,7.57994
28247,2,7.57967
28248,2,7.5794
28249,2,7.57914
28250,2,7.57887
28251,2,7.5786
28252,2,7.57833
28253,2,7.57806
28254,2,7.57779
28255,2,7.57753
28256,2,7.57726
28257,2,7.57699
28258,2,7.57672
28259,2,7.57645
28260,2,7.57619
28261,2,7.57592
28262,2,7.57565
28263,2,7.57538
28264,2,7.57511
28265,2,7.57485
28266,2,7.57458
28267,2,7.57431
28268,2,7.57404
28269,2,7.57377
28270,2,7.57351
28271,2,7.57324
28272,2,7.57297
28273,2,7.5727
28274,2,7.57243
28275,2,7.57217
28276,2,7.5719
28277,2,7.57163
28278,2,7.57136
28279,2,7.5711
28280,2,7.57083
28281,2,7.57056
28282,2,7.57029
28283,2,7.57002
28284,2,7.56976
28285,2,7.56949
28286,2,7.56922
28287,2,7.56895
28288,2,7.56869
28289,2,7.56842
28290,2,7.56815
28291,2,7.56788
28292,2,7.56762
28293,2,7.56735
28294,2,7.56708
28295,2,7.56681
28296,2,7.56655
28297,2,7.56628
28298,2,7.56601
28299,2,7.56574
28300,2,7.56548
28301,2,7.56521
28302,2,7.56494
28303,2,7.56468
28304,2,7.56441
28305,2,7.56414
28306,2,7.56387
28307,2,7.56361
28308,2,7.56334
28309,2,7.56307
28310,2,7.5628
28311,2,7.56254
28312,2,7.56227
28313,2,7.562
28314,2,7.56174
28315,2,7.56147
28316,2,7.5612
28317,2,7.56094
28318,2,7.56067
28319,2,7.5604
28320,2,7.56013
28321,2,7.55987
28322,2,7.5596
28323,2,7.55933
28324,2,7.55907
28325,2,7.5588
28326,2,7.55853
28327,2,7.55827
28328,2,7.558
28329,2,7.55773
28330,2,7.55747
28331,2,7.5572
28332,2,7.55693
28333,2,7.55667
28334,2,7.5564
28335,2,7.55613
28336,2,7.55587
28337,2,7.5556
28338,2,7.55533
28339,2,7.55507
28340,2,7.5548
28341,2,7.55453
28342,2,7.55427
28343,2,7.554
28344,2,7.55373
28345,2,7.55347
28346,2,7.5532
28347,2,7.55293
28348,2,7.55267
28349,2,7.5524
28350,2,7.55213
28351,2,7.55187
28352,2,7.5516
28353,2,7.55133
28354,2,7.55107
28355,2,7.5508
28356,2,7.55054
28357,2,7.55027
28358,2,7.55
28359,2,7.54974
28360,2,7.54947
28361,2,7.5492
28362,2,7.54894
28363,2,7.54867
28364,2,7.54841
28365,2,7.54814
28366,2,7.54787
28367,2,7.54761
28368,2,7.54734
28369,2,7.54708
28370,2,7.54681
28371,2,7.54654
28372,2,7.54628
28373,2,7.54601
28374,2,7.54575
28375,2,7.54548
28376,2,7.54521
28377,2,7.54495
28378,2,7.54468
28379,2,7.54442
28380,2,7.54415
28381,2,7.54388
28382,2,7.54362
28383,2,7.54335
28384,2,7.54309
28385,2,7.54282
28386,2,7.54256
28387,2,7.54229
28388,2,7.54202
28389,2,7.54176
28390,2,7.54149
28391,2,7.54123
28392,2,7.54096
28393,2,7.5407
28394,2,7.54043
28395,2,7.54017
28396,2,7.5399
28397,2,7.53963
28398,2,7.53937
28399,2,7.5391
28400,2,7.53884
28401,2,7.53857
28402,2,7.53831
28403,2,7.53804
28404,2,7.53778
28405,2,7.53751
28406,2,7.53725
28407,2,7.53698
28408,2,7.53672
28409,2,7.53645
28410,2,7.53618
28411,2,7.53592
28412,2,7.53565
28413,2,7.53539
28414,2,7.53512
28415,2,7.53486
28416,2,7.53459
28417,2,7.53433
28418,2,7.53406
28419,2,7.5338
28420,2,7.53353
28421,2,7.53327
28422,2,7.533
28423,2,7.53274
28424,2,7.53247
28425,2,7.53221
28426,2,7.53194
28427,2,7.53168
28428,2,7.53141
28429,2,7.53115
28430,2,7.53088
28431,2,7.53062
28432,2,7.53035
28433,2,7.53009
28434,2,7.52982
28435,2,7.52956
28436,2,7.52929
28437,2,7.52903
28438,2,7.52876
28439,2,7.5285
28440,2,7.52823
28441,2,7.52797
28442,2,7.52771
28443,2,7.52744
28444,2,7.52718
28445,2,7.52691
28446,2,7.52665
28447,2,7.52638
28448,2,7.52612
28449,2,7.52585
28450,2,7.52559
28451,2,7.52532
28452,2,7.52506
28453,2,7.5248
28454,2,7.52453
28455,2,7.52427
28456,2,7.524
28457,2,7.52374
28458,2,7.52347
28459,2,7.52321
28460,2,7.52294
28461,2,7.52268
28462,2,7.52242
28463,2,7.52215
28464,2,7.52189
28465,2,7.52162
28466,2,7.52136
28467,2,7.52109
28468,2,7.52083
28469,2,7.52057
28470,2,7.5203
28471,2,7.52004
28472,2,7.51977
28473,2,7.51951
28474,2,7.51925
28475,2,7.51898
28476,2,7.51872
28477,2,7.51845
28478,2,7.51819
28479,2,7.51793
28480,2,7.51766
28481,2,7.5174
28482,2,7.51713
28483,2,7.51687
28484,2,7.51661
28485,2,7.51634
28486,2,7.51608
28487,2,7.51581
28488,2,7.51555
28489,2,7.51529
28490,2,7.51502
28491,2,7.51476
28492,2,7.5145
28493,2,7.51423
28494,2,7.51397
28495,2,7.5137
28496,2,7.51344
28497,2,7.51318
28498,2,7.51291
28499,2,7.51265
28500,2,7.51239
28501,2,7.51212
28502,2,7.51186
28503,2,7.5116
28504,2,7.51133
28505,2,7.51107
28506,2,7.5108
28507,2,7.51054
28508,2,7.51028
28509,2,7.51001
28510,2,7.50975
28511,2,7.50949
28512,2,7.50922
28513,2,7.50896
28514,2,7.5087
28515,2,7.50843
28516,2,7.50817
28517,2,7.50791
28518,2,7.50764
28519,2,7.50738
28520,2,7.50712
28521,2,7.50685
28522,2,7.50659
28523,2,7.50633
28524,2,7.50607
28525,2,7.5058
28526,2,7.50554
28527,2,7.50528
28528,2,7.50501
28529,2,7.50475
28530,2,7.50449
28531,2,7.50422
28532,2,7.50396
28533,2,7.5037
28534,2,7.50343
28535,2,7.50317
28536,2,7.50291
28537,2,7.50265
28538,2,7.50238
28539,2,7.50212
28540,2,7.50186
28541,2,7.50159
28542,2,7.50133
28543,2,7.50107
28544,2,7.50081
28545,2,7.50054
28546,2,7.50028
28547,2,7.50002
28548,2,7.49975
28549,2,7.49949
28550,2,7.49923
28551,2,7.49897
28552,2,7.4987
28553,2,7.49844
28554,2,7.49818
28555,2,7.49792
28556,2,7.49765
28557,2,7.49739
28558,2,7.49713
28559,2,7.49687
28560,2,7.4966
28561,2,7.49634
28562,2,7.49608
28563,2,7.49582
28564,2,7.49555
28565,2,7.49529
28566,2,7.49503
28567,2,7.49477
28568,2,7.4945
28569,2,7.49424
28570,2,7.49398
28571,2,7.49372
28572,2,7.49346
28573,2,7.49319
28574,2,7.49293
28575,2,7.49267
28576,2,7.49241
28577,2,7.49214
28578,2,7.49188
28579,2,7.49162
28580,2,7.49136
28581,2,7.4911
28582,2,7.49083
28583,2,7.49057
28584,2,7.49031
28585,2,7.49005
28586,2,7.48979
28587,2,7.48952
28588,2,7.48926
28589,2,7.489
28590,2,7.48874
28591,2,7.48848
28592,2,7.48821
28593,2,7.48795
28594,2,7.48769
28595,2,7.48743
28596,2,7.48717
28597,2,7.4869
28598,2,7.48664
28599,2,7.48638
28600,2,7.48612
28601,2,7.48586
28602,2,7.4856
28603,2,7.48533
28604,2,7.48507
28605,2,7.48481
28606,2,7.48455
28607,2,7.48429
28608,2,7.48403
28609,2,7.48376
28610,2,7.4835
28611,2,7.48324
28612,2,7.48298
28613,2,7.48272
28614,2,7.48246
28615,2,7.48219
28616,2,7.48193
28617,2,7.48167
28618,2,7.48141
28619,2,7.48115
28620,2,7.48089
28621,2,7.48063
28622,2,7.48036
28623,2,7.4801
28624,2,7.47984
28625,2,7.47958
28626,2,7.47932
28627,2,7.47906
28628,2,7.4788
28629,2,7.47854
28630,2,7.47827
28631,2,7.47801
28632,2,7.47775
28633,2,7.47749
28634,2,7.47723
28635,2,7.47697
28636,2,7.47671
28637,2,7.47645
28638,2,7.47619
28639,2,7.47592
28640,2,7.47566
28641,2,7.4754
28642,2,7.47514
28643,2,7.47488
28644,2,7.47462
28645,2,7.47436
28646,2,7.4741
28647,2,7.47384
28648,2,7.47358
28649,2,7.47331
28650,2,7.47305
28651,2,7.47279
28652,2,7.47253
28653,2,7.47227
28654,2,7.47201
28655,2,7.47175
28656,2,7.47149
28657,2,7.47123
28658,2,7.47097
28659,2,7.47071
28660,2,7.47045
28661,2,7.47019
28662,2,7.46993
28663,2,7.46966
28664,2,7.4694
28665,2,7.46914
28666,2,7.46888
28667,2,7.46862
28668,2,7.46836
28669,2,7.4681
28670,2,7.46784
28671,2,7.46758
28672,2,7.46732
28673,2,7.46706
28674,2,7.4668
28675,2,7.46654
28676,2,7.46628
28677,2,7.46602
28678,2,7.46576
28679,2,7.4655
28680,2,7.46524
28681,2,7.46498
28682,2,7.46472
28683,2,7.46446
28684,2,7.4642
28685,2,7.46394
28686,2,7.46368
28687,2,7.46342
28688,2,7.46316
28689,2,7.4629
28690,2,7.46264
28691,2,7.46237
28692,2,7.46211
28693,2,7.46185
28694,2,7.46159
28695,2,7.46133
28696,2,7.46107
28697,2,7.46081
28698,2,7.46055
28699,2,7.46029
28700,2,7.46003
28701,2,7.45977
28702,2,7.45952
28703,2,7.45926
28704,2,7.459
28705,2,7.45874
28706,2,7.45848
28707,2,7.45822
28708,2,7.45796
28709,2,7.4577
28710,2,7.45744
28711,2,7.45718
28712,2,7.45692
28713,2,7.45666
28714,2,7.4564
28715,2,7.45614
28716,2,7.45588
28717,2,7.45562
28718,2,7.45536
28719,2,7.4551
28720,2,7.45484
28721,2,7.45458
28722,2,7.45432
28723,2,7.45406
28724,2,7.4538
28725,2,7.45354
28726,2,7.45328
28727,2,7.45302
28728,2,7.45276
28729,2,7.4525
28730,2,7.45225
28731,2,7.45199
28732,2,7.45173
28733,2,7.45147
28734,2,7.45121
28735,2,7.45095
28736,2,7.45069
28737,2,7.45043
28738,2,7.45017
28739,2,7.44991
28740,2,7.44965
28741,2,7.44939
28742,2,7.44913
28743,2,7.44887
28744,2,7.44862
28745,2,7.44836
28746,2,7.4481
28747,2,7.44784
28748,2,7.44758
28749,2,7.44732
28750,2,7.44706
28751,2,7.4468
28752,2,7.44654
28753,2,7.44628
28754,2,7.44602
28755,2,7.44577
28756,2,7.44551
28757,2,7.44525
28758,2,7.44499
28759,2,7.44473
28760,2,7.44447
28761,2,7.44421
28762,2,7.44395
28763,2,7.4437
28764,2,7.44344
28765,2,7.44318
28766,2,7.44292
28767,2,7.44266
28768,2,7.4424
28769,2,7.44214
28770,2,7.44188
28771,2,7.44163
28772,2,7.44137
28773,2,7.44111
28774,2,7.44085
28775,2,7.44059
28776,2,7.44033
28777,2,7.44007
28778,2,7.43982
28779,2,7.43956
28780,2,7.4393
28781,2,7.43904
28782,2,7.43878
28783,2,7.43852
28784,2,7.43826
28785,2,7.43801
28786,2,7.43775
28787,2,7.43749
28788,2,7.43723
28789,2,7.43697
28790,2,7.43671
28791,2,7.43646
28792,2,7.4362
28793,2,7.43594
28794,2,7.43568
28795,2,7.43542
28796,2,7.43516
28797,2,7.43491
28798,2,7.43465
28799,2,7.43439
28800,2,7.43413
28801,2,7.43387
28802,2,7.43362
28803,2,7.43336
28804,2,7.4331
28805,2,7.43284
28806,2,7.43258
28807,2,7.43233
28808,2,7.43207
28809,2,7.43181
28810,2,7.43155
28811,2,7.43129
28812,2,7.43104
28813,2,7.43078
28814,2,7.43052
28815,2,7.43026
28816,2,7.43
28817,2,7.42975
28818,2,7.42949
28819,2,7.42923
28820,2,7.42897
28821,2,7.42872
28822,2,7.42846
28823,2,7.4282
28824,2,7.42794
28825,2,7.42768
28826,2,7.42743
28827,2,7.42717
28828,2,7.42691
28829,2,7.42665
28830,2,7.4264
28831,2,7.42614
28832,2,7.42588
28833,2,7.42562
28834,2,7.42537
28835,2,7.42511
28836,2,7.42485
28837,2,7.42459
28838,2,7.42434
28839,2,7.42408
28840,2,7.42382
28841,2,7.42356
28842,2,7.42331
28843,2,7.42305
28844,2,7.42279
28845,2,7.42253
28846,2,7.42228
28847,2,7.42202
28848,2,7.42176
28849,2,7.42151
28850,2,7.42125
28851,2,7.42099
28852,2,7.42073
28853,2,7.42048
28854,2,7.42022
28855,2,7.41996
28856,2,7.4197
28857,2,7.41945
28858,2,7.41919
28859,2,7.41893
28860,2,7.41868
28861,2,7.41842
28862,2,7.41816
28863,2,7.41791
28864,2,7.41765
28865,2,7.41739
28866,2,7.41713
28867,2,7.41688
28868,2,7.41662
28869,2,7.41636
28870,2,7.41611
28871,2,7.41585
28872,2,7.41559
28873,2,7.41534
28874,2,7.41508
28875,2,7.41482
28876,2,7.41457
28877,2,7.41431
28878,2,7.41405
28879,2,7.4138
28880,2,7.41354
28881,2,7.41328
28882,2,7.41303
28883,2,7.41277
28884,2,7.41251
28885,2,7.41226
28886,2,7.412
28887,2,7.41174
28888,2,7.41149
28889,2,7.41123
28890,2,7.41097
28891,2,7.41072
28892,2,7.41046
28893,2,7.4102
28894,2,7.40995
28895,2,7.40969
28896,2,7.40943
28897,2,7.40918
28898,2,7.40892
28899,2,7.40866
28900,2,7.40841
28901,2,7.40815
28902,2,7.4079
28903,2,7.40764
28904,2,7.40738
28905,2,7.40713
28906,2,7.40687
28907,2,7.40661
28908,2,7.40636
28909,2,7.4061
28910,2,7.40585
28911,2,7.40559
28912,2,7.40533
28913,2,7.40508
28914,2,7.40482
28915,2,7.40457
28916,2,7.40431
28917,2,7.40405
28918,2,7.4038
28919,2,7.40354
28920,2,7.40328
28921,2,7.40303
28922,2,7.40277
28923,2,7.40252
28924,2,7.40226
28925,2,7.40201
28926,2,7.40175
28927,2,7.40149
28928,2,7.40124
28929,2,7.40098
28930,2,7.40073
28931,2,7.40047
28932,2,7.40021
28933,2,7.39996
28934,2,7.3997
28935,2,7.39945
28936,2,7.39919
28937,2,7.39894
28938,2,7.39868
28939,2,7.39842
28940,2,7.39817
28941,2,7.39791
28942,2,7.39766
28943,2,7.3974
28944,2,7.39715
28945,2,7.39689
28946,2,7.39664
28947,2,7.39638
28948,2,7.39612
28949,2,7.39587
28950,2,7.39561
28951,2,7.39536
28952,2,7.3951
28953,2,7.39485
28954,2,7.39459
28955,2,7.39434
28956,2,7.39408
28957,2,7.39383
28958,2,7.39357
28959,2,7.39331
28960,2,7.39306
28961,2,7.3928
28962,2,7.39255
28963,2,7.39229
28964,2,7.39204
28965,2,7.39178
28966,2,7.39153
28967,2,7.39127
28968,2,7.39102
28969,2,7.39076
28970,2,7.39051
28971,2,7.39025
28972,2,7.39
28973,2,7.38974
28974,2,7.38949
28975,2,7.38923
28976,2,7.38898
28977,2,7.38872
28978,2,7.38847
28979,2,7.38821
28980,2,7.38796
28981,2,7.3877
28982,2,7.38745
28983,2,7.38719
28984,2,7.38694
28985,2,7.38668
28986,2,7.38643
28987,2,7.38617
28988,2,7.38592
28989,2,7.38566
28990,2,7.38541
28991,2,7.38515
28992,2,7.3849
28993,2,7.38464
28994,2,7.38439
28995,2,7.38414
28996,2,7.38388
28997,2,7.38363
28998,2,7.38337
28999,2,7.38312
29000,2,7.38286
29001,2,7.38261
29002,2,7.38235
29003,2,7.3821
29004,2,7.38184
29005,2,7.38159
29006,2,7.38133
29007,2,7.38108
29008,2,7.38083
29009,2,7.38057
29010,2,7.38032
29011,2,7.38006
29012,2,7.37981
29013,2,7.37955
29014,2,7.3793
29015,2,7.37905
29016,2,7.37879
29017,2,7.37854
29018,2,7.37828
29019,2,7.37803
29020,2,7.37777
29021,2,7.37752
29022,2,7.37727
29023,2,7.37701
29024,2,7.37676
29025,2,7.3765
29026,2,7.37625
29027,2,7.37599
29028,2,7.37574
29029,2,7.37549
29030,2,7.37523
29031,2,7.37498
29032,2,7.37472
29033,2,7.37447
29034,2,7.37422
29035,2,7.37396
29036,2,7.37371
29037,2,7.37345
29038,2,7.3732
29039,2,7.37295
29040,2,7.37269
29041,2,7.37244
29042,2,7.37219
29043,2,7.37193
29044,2,7.37168
29045,2,7.37142
29046,2,7.37117
29047,2,7.37092
29048,2,7.37066
29049,2,7.37041
29050,2,7.37015
29051,2,7.3699
29052,2,7.36965
29053,2,7.36939
29054,2,7.36914
29055,2,7.36889
29056,2,7.36863
29057,2,7.36838
29058,2,7.36813
29059,2,7.36787
29060,2,7.36762
29061,2,7.36737
29062,2,7.36711
29063,2,7.36686
29064,2,7.3666
29065,2,7.36635
29066,2,7.3661
29067,2,7.36584
29068,2,7.36559
29069,2,7.36534
29070,2,7.36508
29071,2,7.36483
29072,2,7.36458
29073,2,7.36432
29074,2,7.36407
29075,2,7.36382
29076,2,7.36356
29077,2,7.36331
29078,2,7.36306
29079,2,7.3628
29080,2,7.36255
29081,2,7.3623
29082,2,7.36205
29083,2,7.36179
29084,2,7.36154
29085,2,7.36129
29086,2,7.36103
29087,2,7.36078
29088,2,7.36053
29089,2,7.36027
29090,2,7.36002
29091,2,7.35977
29092,2,7.35951
29093,2,7.35926
29094,2,7.35901
29095,2,7.35876
29096,2,7.3585
29097,2,7.35825
29098,2,7.358
29099,2,7.35774
29100,2,7.35749
29101,2,7.35724
29102,2,7.35699
29103,2,7.35673
29104,2,7.35648
29105,2,7.35623
29106,2,7.35597
29107,2,7.35572
29108,2,7.35547
29109,2,7.35522
29110,2,7.35496
29111,2,7.35471
29112,2,7.35446
29113,2,7.35421
29114,2,7.35395
29115,2,7.3537
29116,2,7.35345
29117,2,7.3532
29118,2,7.35294
29119,2,7.35269
29120,2,7.35244
29121,2,7.35219
29122,2,7.35193
29123,2,7.35168
29124,2,7.35143
29125,2,7.35118
29126,2,7.35092
29127,2,7.35067
29128,2,7.35042
29129,2,7.35017
29130,2,7.34991
29131,2,7.34966
29132,2,7.34941
29133,2,7.34916
29134,2,7.34891
29135,2,7.34865
29136,2,7.3484
29137,2,7.34815
29138,2,7.3479
29139,2,7.34764
29140,2,7.34739
29141,2,7.34714
29142,2,7.34689
29143,2,7.34664
29144,2,7.34638
29145,2,7.34613
29146,2,7.34588
29147,2,7.34563
29148,2,7.34538
29149,2,7.34512
29150,2,7.34487
29151,2,7.34462
29152,2,7.34437
29153,2,7.34412
29154,2,7.34386
29155,2,7.34361
29156,2,7.34336
29157,2,7.34311
29158,2,7.34286
29159,2,7.3426
29160,2,7.34235
29161,2,7.3421
29162,2,7.34185
29163,2,7.3416
29164,2,7.34135
29165,2,7.34109
29166,2,7.34084
29167,2,7.34059
29168,2,7.34034
29169,2,7.34009
29170,2,7.33984
29171,2,7.33958
29172,2,7.33933
29173,2,7.33908
29174,2,7.33883
29175,2,7.33858
29176,2,7.33833
29177,2,7.33807
29178,2,7.33782
29179,2,7.33757
29180,2,7.33732
29181,2,7.33707
29182,2,7.33682
29183,2,7.33657
29184,2,7.33631
29185,2,7.33606
29186,2,7.33581
29187,2,7.33556
29188,2,7.33531
29189,2,7.33506
29190,2,7.33481
29191,2,7.33456
29192,2,7.3343
29193,2,7.33405
29194,2,7.3338
29195,2,7.33355
29196,2,7.3333
29197,2,7.33305
29198,2,7.3328
29199,2,7.33255
29200,2,7.33229
29201,2,7.33204
29202,2,7.33179
29203,2,7.33154
29204,2,7.33129
29205,2,7.33104
29206,2,7.33079
29207,2,7.33054
29208,2,7.33029
29209,2,7.33004
29210,2,7.32978
29211,2,7.32953
29212,2,7.32928
29213,2,7.32903
29214,2,7.32878
29215,2,7.32853
29216,2,7.32828
29217,2,7.32803
29218,2,7.32778
29219,2,7.32753
29220,2,7.32728
29221,2,7.32703
29222,2,7.32677
29223,2,7.32652
29224,2,7.32627
29225,2,7.32602
29226,2,7.32577
29227,2,7.32552
29228,2,7.32527
29229,2,7.32502
29230,2,7.32477
29231,2,7.32452
29232,2,7.32427
29233,2,7.32402
29234,2,7.32377
29235,2,7.32352
29236,2,7.32327
29237,2,7.32302
29238,2,7.32276
29239,2,7.32251
29240,2,7.32226
29241,2,7.32201
29242,2,7.32176
29243,2,7.32151
29244,2,7.32126
29245,2,7.32101
29246,2,7.32076
29247,2,7.32051
29248,2,7.32026
29249,2,7.32001
29250,2,7.31976
29251,2,7.31951
29252,2,7.31926
29253,2,7.31901
29254,2,7.31876
29255,2,7.31851
29256,2,7.31826
29257,2,7.31801
29258,2,7.31776
29259,2,7.31751
29260,2,7.31726
29261,2,7.31701
29262,2,7.31676
29263,2,7.31651
29264,2,7.31626
29265,2,7.31601
29266,2,7.31576
29267,2,7.31551
29268,2,7.31526
29269,2,7.31501
29270,2,7.31476
29271,2,7.31451
29272,2,7.31426
29273,2,7.31401
29274,2,7.31376
29275,2,7.31351
29276,2,7.31326
29277,2,7.31301
29278,2,7.31276
29279,2,7.31251
29280,2,7.31226
29281,2,7.31201
29282,2,7.31176
29283,2,7.31151
29284,2,7.31126
29285,2,7.31101
29286,2,7.31076
29287,2,7.31051
29288,2,7.31026
29289,2,7.31001
29290,2,7.30976
29291,2,7.30951
29292,2,7.30927
29293,2,7.30902
29294,2,7.30877
29295,2,7.30852
29296,2,7.30827
29297,2,7.30802
29298,2,7.30777
29299,2,7.30752
29300,2,7.30727
29301,2,7.30702
29302,2,7.30677
29303,2,7.30652
29304,2,7.30627
29305,2,7.30602
29306,2,7.30577
29307,2,7.30552
29308,2,7.30528
29309,2,7.30503
29310,2,7.30478
29311,2,7.30453
29312,2,7.30428
29313,2,7.30403
29314,2,7.30378
29315,2,7.30353
29316,2,7.30328
29317,2,7.30303
29318,2,7.30278
29319,2,7.30253
29320,2,7.30229
29321,2,7.30204
29322,2,7.30179
29323,2,7.30154
29324,2,7.30129
29325,2,7.30104
29326,2,7.30079
29327,2,7.30054
29328,2,7.30029
29329,2,7.30004
29330,2,7.2998
29331,2,7.29955
29332,2,7.2993
29333,2,7.29905
29334,2,7.2988
29335,2,7.29855
29336,2,7.2983
29337,2,7.29805
29338,2,7.2978
29339,2,7.29756
29340,2,7.29731
29341,2,7.29706
29342,2,7.29681
29343,2,7.29656
29344,2,7.29631
29345,2,7.29606
29346,2,7.29582
29347,2,7.29557
29348,2,7.29532
29349,2,7.29507
29350,2,7.29482
29351,2,7.29457
29352,2,7.29432
29353,2,7.29408
29354,2,7.29383
29355,2,7.29358
29356,2,7.29333
29357,2,7.29308
29358,2,7.29283
29359,2,7.29258
29360,2,7.29234
29361,2,7.29209
29362,2,7.29184
29363,2,7.29159
29364,2,7.29134
29365,2,7.29109
29366,2,7.29085
29367,2,7.2906
29368,2,7.29035
29369,2,7.2901
29370,2,7.28985
29371,2,7.28961
29372,2,7.28936
29373,2,7.28911
29374,2,7.28886
29375,2,7.28861
29376,2,7.28836
29377,2,7.28812
29378,2,7.28787
29379,2,7.28762
29380,2,7.28737
29381,2,7.28712
29382,2,7.28688
29383,2,7.28663
29384,2,7.28638
29385,2,7.28613
29386,2,7.28588
29387,2,7.28564
29388,2,7.28539
29389,2,7.28514
29390,2,7.28489
29391,2,7.28464
29392,2,7.2844
29393,2,7.28415
29394,2,7.2839
29395,2,7.28365
29396,2,7.28341
29397,2,7.28316
29398,2,7.28291
29399,2,7.28266
29400,2,7.28241
29401,2,7.28217
29402,2,7.28192
29403,2,7.28167
29404,2,7.28142
29405,2,7.28118
29406,2,7.28093
29407,2,7.28068
29408,2,7.28043
29409,2,7.28019
29410,2,7.27994
29411,2,7.27969
29412,2,7.27944
29413,2,7.2792
29414,2,7.27895
29415,2,7.2787
29416,2,7.27845
29417,2,7.27821
29418,2,7.27796
29419,2,7.27771
29420,2,7.27746
29421,2,7.27722
29422,2,7.27697
29423,2,7.27672
29424,2,7.27647
29425,2,7.27623
29426,2,7.27598
29427,2,7.27573
29428,2,7.27549
29429,2,7.27524
29430,2,7.27499
29431,2,7.27474
29432,2,7.2745
29433,2,7.27425
29434,2,7.274
29435,2,7.27376
29436,2,7.27351
29437,2,7.27326
29438,2,7.27301
29439,2,7.27277
29440,2,7.27252
29441,2,7.27227
29442,2,7.27203
29443,2,7.27178
29444,2,7.27153
29445,2,7.27129
29446,2,7.27104
29447,2,7.27079
29448,2,7.27054
29449,2,7.2703
29450,2,7.27005
29451,2,7.2698
29452,2,7.26956
29453,2,7.26931
29454,2,7.26906
29455,2,7.26882
29456,2,7.26857
29457,2,7.26832
29458,2,7.26808
29459,2,7.26783
29460,2,7.26758
29461,2,7.26734
29462,2,7.26709
29463,2,7.26684
29464,2,7.2666
29465,2,7.26635
29466,2,7.2661
29467,2,7.26586
29468,2,7.26561
29469,2,7.26536
29470,2,7.26512
29471,2,7.26487
29472,2,7.26462
29473,2,7.26438
29474,2,7.26413
29475,2,7.26388
29476,2,7.26364
29477,2,7.26339
29478,2,7.26315
29479,2,7.2629
29480,2,7.26265
29481,2,7.26241
29482,2,7.26216
29483,2,7.26191
29484,2,7.26167
29485,2,7.26142
29486,2,7.26117
29487,2,7.26093
29488,2,7.26068
29489,2,7.26044
29490,2,7.26019
29491,2,7.25994
29492,2,7.2597
29493,2,7.25945
29494,2,7.25921
29495,2,7.25896
29496,2,7.25871
29497,2,7.25847
29498,2,7.25822
29499,2,7.25797
29500,2,7.25773
29501,2,7.25748
29502,2,7.25724
29503,2,7.25699
29504,2,7.25674
29505,2,7.2565
29506,2,7.25625
29507,2,7.25601
29508,2,7.25576
29509,2,7.25552
29510,2,7.25527
29511,2,7.25502
29512,2,7.25478
29513,2,7.25453
29514,2,7.25429
29515,2,7.25404
29516,2,7.25379
29517,2,7.25355
29518,2,7.2533
29519,2,7.25306
29520,2,7.25281
29521,2,7.25257
29522,2,7.25232
29523,2,7.25207
29524,2,7.25183
29525,2,7.25158
29526,2,7.25134
29527,2,7.25109
29528,2,7.25085
29529,2,7.2506
29530,2,7.25036
29531,2,7.25011
29532,2,7.24986
29533,2,7.24962
29534,2,7.24937
29535,2,7.24913
29536,2,7.24888
29537,2,7.24864
29538,2,7.24839
29539,2,7.24815
29540,2,7.2479
29541,2,7.24766
29542,2,7.24741
29543,2,7.24717
29544,2,7.24692
29545,2,7.24667
29546,2,7.24643
29547,2,7.24618
29548,2,7.24594
29549,2,7.24569
29550,2,7.24545
29551,2,7.2452
29552,2,7.24496
29553,2,7.24471
29554,2,7.24447
29555,2,7.24422
29556,2,7.24398
29557,2,7.24373
29558,2,7.24349
29559,2,7.24324
29560,2,7.243
29561,2,7.24275
29562,2,7.24251
29563,2,7.24226
29564,2,7.24202
29565,2,7.24177
29566,2,7.24153
29567,2,7.24128
29568,2,7.24104
29569,2,7.24079
29570,2,7.24055
29571,2,7.2403
29572,2,7.24006
29573,2,7.23981
29574,2,7.23957
29575,2,7.23932
29576,2,7.23908
29577,2,7.23883
29578,2,7.23859
29579,2,7.23834
29580,2,7.2381
29581,2,7.23786
29582,2,7.23761
29583,2,7.23737
29584,2,7.23712
29585,2,7.23688
29586,2,7.23663
29587,2,7.23639
29588,2,7.23614
29589,2,7.2359
29590,2,7.23565
29591,2,7.23541
29592,2,7.23516
29593,2,7.23492
29594,2,7.23468
29595,2,7.23443
29596,2,7.23419
29597,2,7.23394
29598,2,7.2337
29599,2,7.23345
29600,2,7.23321
29601,2,7.23297
29602,2,7.23272
29603,2,7.23248
29604,2,7.23223
29605,2,7.23199
29606,2,7.23174
29607,2,7.2315
29608,2,7.23126
29609,2,7.23101
29610,2,7.23077
29611,2,7.23052
29612,2,7.23028
29613,2,7.23003
29614,2,7.22979
29615,2,7.22955
29616,2,7.2293
29617,2,7.22906
29618,2,7.22881
29619,2,7.22857
29620,2,7.22833
29621,2,7.22808
29622,2,7.22784
29623,2,7.22759
29624,2,7.22735
29625,2,7.22711
29626,2,7.22686
29627,2,7.22662
29628,2,7.22637
29629,2,7.22613
29630,2,7.22589
29631,2,7.22564
29632,2,7.2254
29633,2,7.22515
29634,2,7.22491
29635,2,7.22467
29636,2,7.22442
29637,2,7.22418
29638,2,7.22394
29639,2,7.22369
29640,2,7.22345
29641,2,7.2232
29642,2,7.22296
29643,2,7.22272
29644,2,7.22247
29645,2,7.22223
29646,2,7.22199
29647,2,7.22174
29648,2,7.2215
29649,2,7.22126
29650,2,7.22101
29651,2,7.22077
29652,2,7.22052
29653,2,7.22028
29654,2,7.22004
29655,2,7.21979
29656,2,7.21955
29657,2,7.21931
29658,2,7.21906
29659,2,7.21882
29660,2,7.21858
29661,2,7.21833
29662,2,7.21809
29663,2,7.21785
29664,2,7.2176
29665,2,7.21736
29666,2,7.21712
29667,2,7.21687
29668,2,7.21663
29669,2,7.21639
29670,2,7.21614
29671,2,7.2159
29672,2,7.21566
29673,2,7.21541
29674,2,7.21517
29675,2,7.21493
29676,2,7.21469
29677,2,7.21444
29678,2,7.2142
29679,2,7.21396
29680,2,7.21371
29681,2,7.21347
29682,2,7.21323
29683,2,7.21298
29684,2,7.21274
29685,2,7.2125
29686,2,7.21225
29687,2,7.21201
29688,2,7.21177
29689,2,7.21153
29690,2,7.21128
29691,2,7.21104
29692,2,7.2108
29693,2,7.21055
29694,2,7.21031
29695,2,7.21007
29696,2,7.20983
29697,2,7.20958
29698,2,7.20934
29699,2,7.2091
29700,2,7.20886
29701,2,7.20861
29702,2,7.20837
29703,2,7.20813
29704,2,7.20788
29705,2,7.20764
29706,2,7.2074
29707,2,7.20716
29708,2,7.20691
29709,2,7.20667
29710,2,7.20643
29711,2,7.20619
29712,2,7.20594
29713,2,7.2057
29714,2,7.20546
29715,2,7.20522
29716,2,7.20497
29717,2,7.20473
29718,2,7.20449
29719,2,7.20425
29720,2,7.204
29721,2,7.20376
29722,2,7.20352
29723,2,7.20328
29724,2,7.20303
29725,2,7.20279
29726,2,7.20255
29727,2,7.20231
29728,2,7.20207
29729,2,7.20182
29730,2,7.20158
29731,2,7.20134
29732,2,7.2011
29733,2,7.20085
29734,2,7.20061
29735,2,7.20037
29736,2,7.20013
29737,2,7.19989
29738,2,7.19964
29739,2,7.1994
29740,2,7.19916
29741,2,7.19892
29742,2,7.19868
29743,2,7.19843
29744,2,7.19819
29745,2,7.19795
29746,2,7.19771
29747,2,7.19747
29748,2,7.19722
29749,2,7.19698
29750,2,7.19674
29751,2,7.1965
29752,2,7.19626
29753,2,7.19601
29754,2,7.19577
29755,2,7.19553
29756,2,7.19529
29757,2,7.19505
29758,2,7.1948
29759,2,7.19456
29760,2,7.19432
29761,2,7.19408
29762,2,7.19384
29763,2,7.1936
29764,2,7.19335
29765,2,7.19311
29766,2,7.19287
29767,2,7.19263
29768,2,7.19239
29769,2,7.19215
29770,2,7.1919
29771,2,7.19166
29772,2,7.19142
29773,2,7.19118
29774,2,7.19094
29775,2,7.1907
29776,2,7.19046
29777,2,7.19021
29778,2,7.18997
29779,2,7.18973
29780,2,7.18949
29781,2,7.18925
29782,2,7.18901
29783,2,7.18877
29784,2,7.18852
29785,2,7.18828
29786,2,7.18804
29787,2,7.1878
29788,2,7.18756
29789,2,7.18732
29790,2,7.18708
29791,2,7.18683
29792,2,7.18659
29793,2,7.18635
29794,2,7.18611
29795,2,7.18587
29796,2,7.18563
29797,2,7.18539
29798,2,7.18515
29799,2,7.18491
29800,2,7.18466
29801,2,7.18442
29802,2,7.18418
29803,2,7.18394
29804,2,7.1837
29805,2,7.18346
29806,2,7.18322
29807,2,7.18298
29808,2,7.18274
29809,2,7.1825
29810,2,7.18225
29811,2,7.18201
29812,2,7.18177
29813,2,7.18153
29814,2,7.18129
29815,2,7.18105
29816,2,7.18081
29817,2,7.18057
29818,2,7.18033
29819,2,7.18009
29820,2,7.17985
29821,2,7.1796
29822,2,7.17936
29823,2,7.17912
29824,2,7.17888
29825,2,7.17864
29826,2,7.1784
29827,2,7.17816
29828,2,7.17792
29829,2,7.17768
29830,2,7.17744
29831,2,7.1772
29832,2,7.17696
29833,2,7.17672
29834,2,7.17648
29835,2,7.17624
29836,2,7.176
29837,2,7.17575
29838,2,7.17551
29839,2,7.17527
29840,2,7.17503
29841,2,7.17479
29842,2,7.17455
29843,2,7.17431
29844,2,7.17407
29845,2,7.17383
29846,2,7.17359
29847,2,7.17335
29848,2,7.17311
29849,2,7.17287
29850,2,7.17263
29851,2,7.17239
29852,2,7.17215
29853,2,7.17191
29854,2,7.17167
29855,2,7.17143
29856,2,7.17119
29857,2,7.17095
29858,2,7.17071
29859,2,7.17047
29860,2,7.17023
29861,2,7.16999
29862,2,7.16975
29863,2,7.16951
29864,2,7.16927
29865,2,7.16903
29866,2,7.16879
29867,2,7.16855
29868,2,7.16831
29869,2,7.16807
29870,2,7.16783
29871,2,7.16759
29872,2,7.16735
29873,2,7.16711
29874,2,7.16687
29875,2,7.16663
29876,2,7.16639
29877,2,7.16615
29878,2,7.16591
29879,2,7.16567
29880,2,7.16543
29881,2,7.16519
29882,2,7.16495
29883,2,7.16471
29884,2,7.16447
29885,2,7.16423
29886,2,7.16399
29887,2,7.16375
29888,2,7.16351
29889,2,7.16327
29890,2,7.16303
29891,2,7.16279
29892,2,7.16255
29893,2,7.16231
29894,2,7.16207
29895,2,7.16183
29896,2,7.16159
29897,2,7.16135
29898,2,7.16111
29899,2,7.16087
29900,2,7.16064
29901,2,7.1604
29902,2,7.16016
29903,2,7.15992
29904,2,7.15968
29905,2,7.15944
29906,2,7.1592
29907,2,7.15896
29908,2,7.15872
29909,2,7.15848
29910,2,7.15824
29911,2,7.158
29912,2,7.15776
29913,2,7.15752
29914,2,7.15728
29915,2,7.15704
29916,2,7.15681
29917,2,7.15657
29918,2,7.15633
29919,2,7.15609
29920,2,7.15585
29921,2,7.15561
29922,2,7.15537
29923,2,7.15513
29924,2,7.15489
29925,2,7.15465
29926,2,7.15441
29927,2,7.15418
29928,2,7.15394
29929,2,7.1537
29930,2,7.15346
29931,2,7.15322
29932,2,7.15298
29933,2,7.15274
29934,2,7.1525
29935,2,7.15226
29936,2,7.15202
29937,2,7.15179
29938,2,7.15155
29939,2,7.15131
29940,2,7.15107
29941,2,7.15083
29942,2,7.15059
29943,2,7.15035
29944,2,7.15011
29945,2,7.14987
29946,2,7.14964
29947,2,7.1494
29948,2,7.14916
29949,2,7.14892
29950,2,7.14868
29951,2,7.14844
29952,2,7.1482
29953,2,7.14797
29954,2,7.14773
29955,2,7.14749
29956,2,7.14725
29957,2,7.14701
29958,2,7.14677
29959,2,7.14653
29960,2,7.1463
29961,2,7.14606
29962,2,7.14582
29963,2,7.14558
29964,2,7.14534
29965,2,7.1451
29966,2,7.14486
29967,2,7.14463
29968,2,7.14439
29969,2,7.14415
29970,2,7.14391
29971,2,7.14367
29972,2,7.14343
29973,2,7.1432
29974,2,7.14296
29975,2,7.14272
29976,2,7.14248
29977,2,7.14224
29978,2,7.142
29979,2,7.14177
29980,2,7.14153
29981,2,7.14129
29982,2,7.14105
29983,2,7.14081
29984,2,7.14057
29985,2,7.14034
29986,2,7.1401
29987,2,7.13986
29988,2,7.13962
29989,2,7.13938
29990,2,7.13915
29991,2,7.13891
29992,2,7.13867
29993,2,7.13843
29994,2,7.13819
29995,2,7.13796
29996,2,7.13772
29997,2,7.13748
29998,2,7.13724
29999,2,7.137
30000,2,7.13677
30001,2,7.13653
30002,2,7.13629
30003,2,7.13605
30004,2,7.13582
30005,2,7.13558
30006,2,7.13534
30007,2,7.1351
30008,2,7.13486
30009,2,7.13463
30010,2,7.13439
30011,2,7.13415
30012,2,7.13391
30013,2,7.13368
30014,2,7.13344
30015,2,7.1332
30016,2,7.13296
30017,2,7.13272
30018,2,7.13249
30019,2,7.13225
30020,2,7.13201
30021,2,7.13177
30022,2,7.13154
30023,2,7.1313
30024,2,7.13106
30025,2,7.13082
30026,2,7.13059
30027,2,7.13035
30028,2,7.13011
30029,2,7.12987
30030,2,7.12964
30031,2,7.1294
30032,2,7.12916
30033,2,7.12892
30034,2,7.12869
30035,2,7.12845
30036,2,7.12821
30037,2,7.12798
30038,2,7.12774
30039,2,7.1275
30040,2,7.12726
30041,2,7.12703
30042,2,7.12679
30043,2,7.12655
30044,2,7.12631
30045,2,7.12608
30046,2,7.12584
30047,2,7.1256
30048,2,7.12537
30049,2,7.12513
30050,2,7.12489
30051,2,7.12465
30052,2,7.12442
30053,2,7.12418
30054,2,7.12394
30055,2,7.12371
30056,2,7.12347
30057,2,7.12323
30058,2,7.123
30059,2,7.12276
30060,2,7.12252
30061,2,7.12228
30062,2,7.12205
30063,2,7.12181
30064,2,7.12157
30065,2,7.12134
30066,2,7.1211
30067,2,7.12086
30068,2,7.12063
30069,2,7.12039
30070,2,7.12015
30071,2,7.11992
30072,2,7.11968
30073,2,7.11944
30074,2,7.11921
30075,2,7.11897
30076,2,7.11873
30077,2,7.1185
30078,2,7.11826
30079,2,7.11802
30080,2,7.11779
30081,2,7.11755
30082,2,7.11731
30083,2,7.11708
30084,2,7.11684
30085,2,7.1166
30086,2,7.11637
30087,2,7.11613
30088,2,7.11589
30089,2,7.11566
30090,2,7.11542
30091,2,7.11518
30092,2,7.11495
30093,2,7.11471
30094,2,7.11447
30095,2,7.11424
30096,2,7.114
30097,2,7.11377
30098,2,7.11353
30099,2,7.11329
30100,2,7.11306
30101,2,7.11282
30102,2,7.11258
30103,2,7.11235
30104,2,7.11211
30105,2,7.11188
30106,2,7.11164
30107,2,7.1114
30108,2,7.11117
30109,2,7.11093
30110,2,7.11069
30111,2,7.11046
30112,2,7.11022
30113,2,7.10999
30114,2,7.10975
30115,2,7.10951
30116,2,7.10928
30117,2,7.10904
30118,2,7.10881
30119,2,7.10857
30120,2,7.10833
30121,2,7.1081
30122,2,7.10786
30123,2,7.10763
30124,2,7.10739
30125,2,7.10715
30126,2,7.10692
30127,2,7.10668
30128,2,7.10645
30129,2,7.10621
30130,2,7.10597
30131,2,7.10574
30132,2,7.1055
30133,2,7.10527
30134,2,7.10503
30135,2,7.1048
30136,2,7.10456
30137,2,7.10432
30138,2,7.10409
30139,2,7.10385
30140,2,7.10362
30141,2,7.10338
30142,2,7.10315
30143,2,7.10291
30144,2,7.10267
30145,2,7.10244
30146,2,7.1022
30147,2,7.10197
30148,2,7.10173
30149,2,7.1015
30150,2,7.10126
30151,2,7.10102
30152,2,7.10079
30153,2,7.10055
30154,2,7.10032
30155,2,7.10008
30156,2,7.09985
30157,2,7.09961
30158,2,7.09938
30159,2,7.09914
30160,2,7.09891
30161,2,7.09867
30162,2,7.09844
30163,2,7.0982
30164,2,7.09796
30165,2,7.09773
30166,2,7.09749
30167,2,7.09726
30168,2,7.09702
30169,2,7.09679
30170,2,7.09655
30171,2,7.09632
30172,2,7.09608
30173,2,7.09585
30174,2,7.09561
30175,2,7.09538
30176,2,7.09514
30177,2,7.09491
30178,2,7.09467
30179,2,7.09444
30180,2,7.0942
30181,2,7.09397
30182,2,7.09373
30183,2,7.0935
30184,2,7.09326
30185,2,7.09303
30186,2,7.09279
30187,2,7.09256
30188,2,7.09232
30189,2,7.09209
30190,2,7.09185
30191,2,7.09162
30192,2,7.09138
30193,2,7.09115
30194,2,7.09091
30195,2,7.09068
30196,2,7.09044
30197,2,7.09021
30198,2,7.08997
30199,2,7.08974
30200,2,7.0895
30201,2,7.08927
30202,2,7.08903
30203,2,7.0888
30204,2,7.08856
30205,2,7.08833
30206,2,7.0881
30207,2,7.08786
30208,2,7.08763
30209,2,7.08739
30210,2,7.08716
30211,2,7.08692
30212,2,7.08669
30213,2,7.08645
30214,2,7.08622
30215,2,7.08598
30216,2,7.08575
30217,2,7.08551
30218,2,7.08528
30219,2,7.08505
30220,2,7.08481
30221,2,7.08458
30222,2,7.08434
30223,2,7.08411
30224,2,7.08387
30225,2,7.08364
30226,2,7.08341
30227,2,7.08317
30228,2,7.08294
30229,2,7.0827
30230,2,7.08247
30231,2,7.08223
30232,2,7.082
30233,2,7.08176
30234,2,7.08153
30235,2,7.0813
30236,2,7.08106
30237,2,7.08083
30238,2,7.08059
30239,2,7.08036
30240,2,7.08013
30241,2,7.07989
30242,2,7.07966
30243,2,7.07942
30244,2,7.07919
30245,2,7.07896
30246,2,7.07872
30247,2,7.07849
30248,2,7.07825
30249,2,7.07802
30250,2,7.07779
30251,2,7.07755
30252,2,7.07732
30253,2,7.07708
30254,2,7.07685
30255,2,7.07662
30256,2,7.07638
30257,2,7.07615
30258,2,7.07591
30259,2,7.07568
30260,2,7.07545
30261,2,7.07521
30262,2,7.07498
30263,2,7.07474
30264,2,7.07451
30265,2,7.07428
30266,2,7.07404
30267,2,7.07381
30268,2,7.07358
30269,2,7.07334
30270,2,7.07311
30271,2,7.07288
30272,2,7.07264
30273,2,7.07241
30274,2,7.07217
30275,2,7.07194
30276,2,7.07171
30277,2,7.07147
30278,2,7.07124
30279,2,7.07101
30280,2,7.07077
30281,2,7.07054
30282,2,7.07031
30283,2,7.07007
30284,2,7.06984
30285,2,7.06961
30286,2,7.06937
30287,2,7.06914
30288,2,7.06891
30289,2,7.06867
30290,2,7.06844
30291,2,7.06821
30292,2,7.06797
30293,2,7.06774
30294,2,7.06751
30295,2,7.06727
30296,2,7.06704
30297,2,7.06681
30298,2,7.06657
30299,2,7.06634
30300,2,7.06611
30301,2,7.06587
30302,2,7.06564
30303,2,7.06541
30304,2,7.06517
30305,2,7.06494
30306,2,7.06471
30307,2,7.06447
30308,2,7.06424
30309,2,7.06401
30310,2,7.06377
30311,2,7.06354
30312,2,7.06331
30313,2,7.06308
30314,2,7.06284
30315,2,7.06261
30316,2,7.06238
30317,2,7.06214
30318,2,7.06191
30319,2,7.06168
30320,2,7.06144
30321,2,7.06121
30322,2,7.06098
30323,2,7.06075
30324,2,7.06051
30325,2,7.06028
30326,2,7.06005
30327,2,7.05981
30328,2,7.05958
30329,2,7.05935
30330,2,7.05912
30331,2,7.05888
30332,2,7.05865
30333,2,7.05842
30334,2,7.05819
30335,2,7.05795
30336,2,7.05772
30337,2,7.05749
30338,2,7.05725
30339,2,7.05702
30340,2,7.05679
30341,2,7.05656
30342,2,7.05632
30343,2,7.05609
30344,2,7.05586
30345,2,7.05563
30346,2,7.05539
30347,2,7.05516
30348,2,7.05493
30349,2,7.0547
30350,2,7.05446
30351,2,7.05423
30352,2,7.054
30353,2,7.05377
30354,2,7.05353
30355,2,7.0533
30356,2,7.05307
30357,2,7.05284
30358,2,7.05261
30359,2,7.05237
30360,2,7.05214
30361,2,7.05191
30362,2,7.05168
30363,2,7.05144
30364,2,7.05121
30365,2,7.05098
30366,2,7.05075
30367,2,7.05052
30368,2,7.05028
30369,2,7.05005
30370,2,7.04982
30371,2,7.04959
30372,2,7.04935
30373,2,7.04912
30374,2,7.04889
30375,2,7.04866
30376,2,7.04843
30377,2,7.04819
30378,2,7.04796
30379,2,7.04773
30380,2,7.0475
30381,1,7.04727
30382,1,7.04703
30383,1,7.0468
30384,1,7.04657
30385,1,7.04634
30386,1,7.04611
30387,1,7.04587
30388,1,7.04564
30389,1,7.04541
30390,1,7.04518
30391,1,7.04495
30392,1,7.04472
30393,1,7.04448
30394,1,7.04425
30395,1,7.04402
30396,1,7.04379
30397,1,7.04356
30398,1,7.04333
30399,1,7.04309
30400,1,7.04286
30401,1,7.04263
30402,1,7.0424
30403,1,7.04217
30404,1,7.04194
30405,1,7.0417
30406,1,7.04147
30407,1,7.04124
30408,1,7.04101
30409,1,7.04078
30410,1,7.04055
30411,1,7.04031
30412,1,7.04008
30413,1,7.03985
30414,1,7.03962
30415,1,7.03939
30416,1,7.03916
30417,1,7.03893
30418,1,7.03869
30419,1,7.03846
30420,1,7.03823
30421,1,7.038
30422,1,7.03777
30423,1,7.03754
30424,1,7.03731
30425,1,7.03707
30426,1,7.03684
30427,1,7.03661
30428,1,7.03638
30429,1,7.03615
30430,1,7.03592
30431,1,7.03569
30432,1,7.03546
30433,1,7.03522
30434,1,7.03499
30435,1,7.03476
30436,1,7.03453
30437,1,7.0343
30438,1,7.03407
30439,1,7.03384
30440,1,7.03361
30441,1,7.03338
30442,1,7.03314
30443,1,7.03291
30444,1,7.03268
30445,1,7.03245
30446,1,7.03222
30447,1,7.03199
30448,1,7.03176
30449,1,7.03153
30450,1,7.0313
30451,1,7.03107
30452,1,7.03084
30453,1,7.0306
30454,1,7.03037
30455,1,7.03014
30456,1,7.02991
30457,1,7.02968
30458,1,7.02945
30459,1,7.02922
30460,1,7.02899
30461,1,7.02876
30462,1,7.02853
30463,1,7.0283
30464,1,7.02807
30465,1,7.02784
30466,1,7.0276
30467,1,7.02737
30468,1,7.02714
30469,1,7.02691
30470,1,7.02668
30471,1,7.02645
30472,1,7.02622
30473,1,7.02599
30474,1,7.02576
30475,1,7.02553
30476,1,7.0253
30477,1,7.02507
30478,1,7.02484
30479,1,7.02461
30480,1,7.02438
30481,1,7.02415
30482,1,7.02392
30483,1,7.02369
30484,1,7.02345
30485,1,7.02322
30486,1,7.02299
30487,1,7.02276
30488,1,7.02253
30489,1,7.0223
30490,1,7.02207
30491,1,7.02184
30492,1,7.02161
30493,1,7.02138
30494,1,7.02115
30495,1,7.02092
30496,1,7.02069
30497,1,7.02046
30498,1,7.02023
30499,1,7.02
30500,1,7.01977
30501,1,7.01954
30502,1,7.01931
30503,1,7.01908
30504,1,7.01885
30505,1,7.01862
30506,1,7.01839
30507,1,7.01816
30508,1,7.01793
30509,1,7.0177
30510,1,7.01747
30511,1,7.01724
30512,1,7.01701
30513,1,7.01678
30514,1,7.01655
30515,1,7.01632
30516,1,7.01609
30517,1,7.01586
30518,1,7.01563
30519,1,7.0154
30520,1,7.01517
30521,1,7.01494
30522,1,7.01471
30523,1,7.01448
30524,1,7.01425
30525,1,7.01402
30526,1,7.01379
30527,1,7.01356
30528,1,7.01333
30529,1,7.0131
30530,1,7.01287
30531,1,7.01264
30532,1,7.01241
30533,1,7.01218
30534,1,7.01195
30535,1,7.01172
30536,1,7.01149
30537,1,7.01127
30538,1,7.01104
30539,1,7.01081
30540,1,7.01058
30541,1,7.01035
30542,1,7.01012
30543,1,7.00989
30544,1,7.00966
30545,1,7.00943
30546,1,7.0092
30547,1,7.00897
30548,1,7.00874
30549,1,7.00851
30550,1,7.00828
30551,1,7.00805
30552,1,7.00782
30553,1,7.00759
30554,1,7.00736
30555,1,7.00713
30556,1,7.00691
30557,1,7.00668
30558,1,7.00645
30559,1,7.00622
30560,1,7.00599
30561,1,7.00576
30562,1,7.00553
30563,1,7.0053
30564,1,7.00507
30565,1,7.00484
30566,1,7.00461
30567,1,7.00438
30568,1,7.00415
30569,1,7.00393
30570,1,7.0037
30571,1,7.00347
30572,1,7.00324
30573,1,7.00301
30574,1,7.00278
30575,1,7.00255
30576,1,7.00232
30577,1,7.00209
30578,1,7.00186
30579,1,7.00164
30580,1,7.00141
30581,1,7.00118
30582,1,7.00095
30583,1,7.00072
30584,1,7.00049
30585,1,7.00026
30586,1,7.00003
30587,1,6.9998
30588,1,6.99957
30589,1,6.99935
30590,1,6.99912
30591,1,6.99889
30592,1,6.99866
30593,1,6.99843
30594,1,6.9982
30595,1,6.99797
30596,1,6.99774
30597,1,6.99752
30598,1,6.99729
30599,1,6.99706
30600,1,6.99683
30601,1,6.9966
30602,1,6.99637
30603,1,6.99614
30604,1,6.99592
30605,1,6.99569
30606,1,6.99546
30607,1,6.99523
30608,1,6.995
30609,1,6.99477
30610,1,6.99454
30611,1,6.99432
30612,1,6.99409
30613,1,6.99386
30614,1,6.99363
30615,1,6.9934
30616,1,6.99317
30617,1,6.99295
30618,1,6.99272
30619,1,6.99249
30620,1,6.99226
30621,1,6.99203
30622,1,6.9918
30623,1,6.99157
30624,1,6.99135
30625,1,6.99112
30626,1,6.99089
30627,1,6.99066
30628,1,6.99043
30629,1,6.99021
30630,1,6.98998
30631,1,6.98975
30632,1,6.98952
30633,1,6.98929
30634,1,6.98906
30635,1,6.98884
30636,1,6.98861
30637,1,6.98838
30638,1,6.98815
30639,1,6.98792
30640,1,6.9877
30641,1,6.98747
30642,1,6.98724
30643,1,6.98701
30644,1,6.98678
30645,1,6.98656
30646,1,6.98633
30647,1,6.9861
30648,1,6.98587
30649,1,6.98564
30650,1,6.98542
30651,1,6.98519
30652,1,6.98496
30653,1,6.98473
30654,1,6.9845
30655,1,6.98428
30656,1,6.98405
30657,1,6.98382
30658,1,6.98359
30659,1,6.98337
30660,1,6.98314
30661,1,6.98291
30662,1,6.98268
30663,1,6.98245
30664,1,6.98223
30665,1,6.982
30666,1,6.98177
30667,1,6.98154
30668,1,6.98132
30669,1,6.98109
30670,1,6.98086
30671,1,6.98063
30672,1,6.98041
30673,1,6.98018
30674,1,6.97995
30675,1,6.97972
30676,1,6.9795
30677,1,6.97927
30678,1,6.97904
30679,1,6.97881
30680,1,6.97859
30681,1,6.97836
30682,1,6.97813
30683,1,6.9779
30684,1,6.97768
30685,1,6.97745
30686,1,6.97722
30687,1,6.97699
30688,1,6.97677
30689,1,6.97654
30690,1,6.97631
30691,1,6.97608
30692,1,6.97586
30693,1,6.97563
30694,1,6.9754
30695,1,6.97518
30696,1,6.97495
30697,1,6.97472
30698,1,6.97449
30699,1,6.97427
30700,1,6.97404
30701,1,6.97381
30702,1,6.97358
30703,1,6.97336
30704,1,6.97313
30705,1,6.9729
30706,1,6.97268
30707,1,6.97245
30708,1,6.97222
30709,1,6.972
30710,1,6.97177
30711,1,6.97154
30712,1,6.97131
30713,1,6.97109
30714,1,6.97086
30715,1,6.97063
30716,1,6.97041
30717,1,6.97018
30718,1,6.96995
30719,1,6.96973
30720,1,6.9695
30721,1,6.96927
30722,1,6.96904
30723,1,6.96882
30724,1,6.96859
30725,1,6.96836
30726,1,6.96814
30727,1,6.96791
30728,1,6.96768
30729,1,6.96746
30730,1,6.96723
30731,1,6.967
30732,1,6.96678
30733,1,6.96655
30734,1,6.96632
30735,1,6.9661
30736,1,6.96587
30737,1,6.96564
30738,1,6.96542
30739,1,6.96519
30740,1,6.96496
30741,1,6.96474
30742,1,6.96451
30743,1,6.96428
30744,1,6.96406
30745,1,6.96383
30746,1,6.96361
30747,1,6.96338
30748,1,6.96315
30749,1,6.96293
30750,1,6.9627
30751,1,6.96247
30752,1,6.96225
30753,1,6.96202
30754,1,6.96179
30755,1,6.96157
30756,1,6.96134
30757,1,6.96111
30758,1,6.96089
30759,1,6.96066
30760,1,6.96044
30761,1,6.96021
30762,1,6.95998
30763,1,6.95976
30764,1,6.95953
30765,1,6.9593
30766,1,6.95908
30767,1,6.95885
30768,1,6.95863
30769,1,6.9584
30770,1,6.95817
30771,1,6.95795
30772,1,6.95772
30773,1,6.9575
30774,1,6.95727
30775,1,6.95704
30776,1,6.95682
30777,1,6.95659
30778,1,6.95636
30779,1,6.95614
30780,1,6.95591
30781,1,6.95569
30782,1,6.95546
30783,1,6.95524
30784,1,6.95501
30785,1,6.95478
30786,1,6.95456
30787,1,6.95433
30788,1,6.95411
30789,1,6.95388
30790,1,6.95365
30791,1,6.95343
30792,1,6.9532
30793,1,6.95298
30794,1,6.95275
30795,1,6.95252
30796,1,6.9523
30797,1,6.95207
30798,1,6.95185
30799,1,6.95162
30800,1,6.9514
30801,1,6.95117
30802,1,6.95094
30803,1,6.95072
30804,1,6.95049
30805,1,6.95027
30806,1,6.95004
30807,1,6.94982
30808,1,6.94959
30809,1,6.94937
30810,1,6.94914
30811,1,6.94891
30812,1,6.94869
30813,1,6.94846
30814,1,6.94824
30815,1,6.94801
30816,1,6.94779
30817,1,6.94756
30818,1,6.94734
30819,1,6.94711
30820,1,6.94689
30821,1,6.94666
30822,1,6.94643
30823,1,6.94621
30824,1,6.94598
30825,1,6.94576
30826,1,6.94553
30827,1,6.94531
30828,1,6.94508
30829,1,6.94486
30830,1,6.94463
30831,1,6.94441
30832,1,6.94418
30833,1,6.94396
30834,1,6.94373
30835,1,6.94351
30836,1,6.94328
30837,1,6.94306
30838,1,6.94283
30839,1,6.94261
30840,1,6.94238
30841,1,6.94215
30842,1,6.94193
30843,1,6.9417
30844,1,6.94148
30845,1,6.94125
30846,1,6.94103
30847,1,6.9408
30848,1,6.94058
30849,1,6.94035
30850,1,6.94013
30851,1,6.9399
30852,1,6.93968
30853,1,6.93945
30854,1,6.93923
30855,1,6.93901
30856,1,6.93878
30857,1,6.93856
30858,1,6.93833
30859,1,6.93811
30860,1,6.93788
30861,1,6.93766
30862,1,6.93743
30863,1,6.93721
30864,1,6.93698
30865,1,6.93676
30866,1,6.93653
30867,1,6.93631
30868,1,6.93608
30869,1,6.93586
30870,1,6.93563
30871,1,6.93541
30872,1,6.93518
30873,1,6.93496
30874,1,6.93473
30875,1,6.93451
30876,1,6.93429
30877,1,6.93406
30878,1,6.93384
30879,1,6.93361
30880,1,6.93339
30881,1,6.93316
30882,1,6.93294
30883,1,6.93271
30884,1,6.93249
30885,1,6.93226
30886,1,6.93204
30887,1,6.93182
30888,1,6.93159
30889,1,6.93137
30890,1,6.93114
30891,1,6.93092
30892,1,6.93069
30893,1,6.93047
30894,1,6.93025
30895,1,6.93002
30896,1,6.9298
30897,1,6.92957
30898,1,6.92935
30899,1,6.92912
30900,1,6.9289
30901,1,6.92868
30902,1,6.92845
30903,1,6.92823
30904,1,6.928
30905,1,6.92778
30906,1,6.92755
30907,1,6.92733
30908,1,6.92711
30909,1,6.92688
30910,1,6.92666
30911,1,6.92643
30912,1,6.92621
30913,1,6.92599
30914,1,6.92576
30915,1,6.92554
30916,1,6.92531
30917,1,6.92509
30918,1,6.92487
30919,1,6.92464
30920,1,6.92442
30921,1,6.92419
30922,1,6.92397
30923,1,6.92375
30924,1,6.92352
30925,1,6.9233
30926,1,6.92307
30927,1,6.92285
30928,1,6.92263
30929,1,6.9224
30930,1,6.92218
30931,1,6.92196
30932,1,6.92173
30933,1,6.92151
30934,1,6.92128
30935,1,6.92106
30936,1,6.92084
30937,1,6.92061
30938,1,6.92039
30939,1,6.92017
30940,1,6.91994
30941,1,6.91972
30942,1,6.91949
30943,1,6.91927
30944,1,6.91905
30945,1,6.91882
30946,1,6.9186
30947,1,6.91838
30948,1,6.91815
30949,1,6.91793
30950,1,6.91771
30951,1,6.91748
30952,1,6.91726
30953,1,6.91704
30954,1,6.91681
30955,1,6.91659
30956,1,6.91637
30957,1,6.91614
30958,1,6.91592
30959,1,6.91569
30960,1,6.91547
30961,1,6.91525
30962,1,6.91502
30963,1,6.9148
30964,1,6.91458
30965,1,6.91435
30966,1,6.91413
30967,1,6.91391
30968,1,6.91369
30969,1,6.91346
30970,1,6.91324
30971,1,6.91302
30972,1,6.91279
30973,1,6.91257
30974,1,6.91235
30975,1,6.91212
30976,1,6.9119
30977,1,6.91168
30978,1,6.91145
30979,1,6.91123
30980,1,6.91101
30981,1,6.91078
30982,1,6.91056
30983,1,6.91034
30984,1,6.91011
30985,1,6.90989
30986,1,6.90967
30987,1,6.90945
30988,1,6.90922
30989,1,6.909
30990,1,6.90878
30991,1,6.90855
30992,1,6.90833
30993,1,6.90811
30994,1,6.90789
30995,1,6.90766
30996,1,6.90744
30997,1,6.90722
30998,1,6.90699
30999,1,6.90677
31000,1,6.90655
31001,1,6.90633
31002,1,6.9061
31003,1,6.90588
31004,1,6.90566
31005,1,6.90543
31006,1,6.90521
31007,1,6.90499
31008,1,6.90477
31009,1,6.90454
31010,1,6.90432
31011,1,6.9041
31012,1,6.90388
31013,1,6.90365
31014,1,6.90343
31015,1,6.90321
31016,1,6.90299
31017,1,6.90276
31018,1,6.90254
31019,1,6.90232
31020,1,6.9021
31021,1,6.90187
31022,1,6.90165
31023,1,6.90143
31024,1,6.90121
31025,1,6.90098
31026,1,6.90076
31027,1,6.90054
31028,1,6.90032
31029,1,6.90009
31030,1,6.89987
31031,1,6.89965
31032,1,6.89943
31033,1,6.8992
31034,1,6.89898
31035,1,6.89876
31036,1,6.89854
31037,1,6.89831
31038,1,6.89809
31039,1,6.89787
31040,1,6.89765
31041,1,6.89743
31042,1,6.8972
31043,1,6.89698
31044,1,6.89676
31045,1,6.89654
31046,1,6.89632
31047,1,6.89609
31048,1,6.89587
31049,1,6.89565
31050,1,6.89543
31051,1,6.8952
31052,1,6.89498
31053,1,6.89476
31054,1,6.89454
31055,1,6.89432
31056,1,6.89409
31057,1,6.89387
31058,1,6.89365
31059,1,6.89343
31060,1,6.89321
31061,1,6.89298
31062,1,6.89276
31063,1,6.89254
31064,1,6.89232
31065,1,6.8921
31066,1,6.89188
31067,1,6.89165
31068,1,6.89143
31069,1,6.89121
31070,1,6.89099
31071,1,6.89077
31072,1,6.89054
31073,1,6.89032
31074,1,6.8901
31075,1,6.88988
31076,1,6.88966
31077,1,6.88944
31078,1,6.88921
31079,1,6.88899
31080,1,6.88877
31081,1,6.88855
31082,1,6.88833
31083,1,6.88811
31084,1,6.88788
31085,1,6.88766
31086,1,6.88744
31087,1,6.88722
31088,1,6.887
31089,1,6.88678
31090,1,6.88656
31091,1,6.88633
31092,1,6.88611
31093,1,6.88589
31094,1,6.88567
31095,1,6.88545
31096,1,6.88523
31097,1,6.885
31098,1,6.88478
31099,1,6.88456
31100,1,6.88434
31101,1,6.88412
31102,1,6.8839
31103,1,6.88368
31104,1,6.88346
31105,1,6.88323
31106,1,6.88301
31107,1,6.88279
31108,1,6.88257
31109,1,6.88235
31110,1,6.88213
31111,1,6.88191
31112,1,6.88169
31113,1,6.88146
31114,1,6.88124
31115,1,6.88102
31116,1,6.8808
31117,1,6.88058
31118,1,6.88036
31119,1,6.88014
31120,1,6.87992
31121,1,6.8797
31122,1,6.87947
31123,1,6.87925
31124,1,6.87903
31125,1,6.87881
31126,1,6.87859
31127,1,6.87837
31128,1,6.87815
31129,1,6.87793
31130,1,6.87771
31131,1,6.87749
31132,1,6.87726
31133,1,6.87704
31134,1,6.87682
31135,1,6.8766
31136,1,6.87638
31137,1,6.87616
31138,1,6.87594
31139,1,6.87572
31140,1,6.8755
31141,1,6.87528
31142,1,6.87506
31143,1,6.87484
31144,1,6.87461
31145,1,6.87439
31146,1,6.87417
31147,1,6.87395
31148,1,6.87373
31149,1,6.87351
31150,1,6.87329
31151,1,6.87307
31152,1,6.87285
31153,1,6.87263
31154,1,6.87241
31155,1,6.87219
31156,1,6.87197
31157,1,6.87175
31158,1,6.87153
31159,1,6.87131
31160,1,6.87108
31161,1,6.87086
31162,1,6.87064
31163,1,6.87042
31164,1,6.8702
31165,1,6.86998
31166,1,6.86976
31167,1,6.86954
31168,1,6.86932
31169,1,6.8691
31170,1,6.86888
31171,1,6.86866
31172,1,6.86844
31173,1,6.86822
31174,1,6.868
31175,1,6.86778
31176,1,6.86756
31177,1,6.86734
31178,1,6.86712
31179,1,6.8669
31180,1,6.86668
31181,1,6.86646
31182,1,6.86624
31183,1,6.86602
31184,1,6.8658
31185,1,6.86558
31186,1,6.86536
31187,1,6.86514
31188,1,6.86492
31189,1,6.8647
31190,1,6.86448
31191,1,6.86426
31192,1,6.86404
31193,1,6.86382
31194,1,6.8636
31195,1,6.86338
31196,1,6.86316
31197,1,6.86294
31198,1,6.86272
31199,1,6.8625
31200,1,6.86228
31201,1,6.86206
31202,1,6.86184
31203,1,6.86162
31204,1,6.8614
31205,1,6.86118
31206,1,6.86096
31207,1,6.86074
31208,1,6.86052
31209,1,6.8603
31210,1,6.86008
31211,1,6.85986
31212,1,6.85964
31213,1,6.85942
31214,1,6.8592
31215,1,6.85898
31216,1,6.85876
31217,1,6.85854
31218,1,6.85832
31219,1,6.8581
31220,1,6.85788
31221,1,6.85766
31222,1,6.85744
31223,1,6.85722
31224,1,6.857
31225,1,6.85678
31226,1,6.85656
31227,1,6.85634
31228,1,6.85612
31229,1,6.8559
31230,1,6.85568
31231,1,6.85546
31232,1,6.85524
31233,1,6.85503
31234,1,6.85481
31235,1,6.85459
31236,1,6.85437
31237,1,6.85415
31238,1,6.85393
31239,1,6.85371
31240,1,6.85349
31241,1,6.85327
31242,1,6.85305
31243,1,6.85283
31244,1,6.85261
31245,1,6.85239
31246,1,6.85217
31247,1,6.85195
31248,1,6.85173
31249,1,6.85152
31250,1,6.8513
31251,1,6.85108
31252,1,6.85086
31253,1,6.85064
31254,1,6.85042
31255,1,6.8502
31256,1,6.84998
31257,1,6.84976
31258,1,6.84954
31259,1,6.84932
31260,1,6.8491
31261,1,6.84889
31262,1,6.84867
31263,1,6.84845
31264,1,6.84823
31265,1,6.84801
31266,1,6.84779
31267,1,6.84757
31268,1,6.84735
31269,1,6.84713
31270,1,6.84691
31271,1,6.8467
31272,1,6.84648
31273,1,6.84626
31274,1,6.84604
31275,1,6.84582
31276,1,6.8456
31277,1,6.84538
31278,1,6.84516
31279,1,6.84494
31280,1,6.84473
31281,1,6.84451
31282,1,6.84429
31283,1,6.84407
31284,1,6.84385
31285,1,6.84363
31286,1,6.84341
31287,1,6.84319
31288,1,6.84297
31289,1,6.84276
31290,1,6.84254
31291,1,6.84232
31292,1,6.8421
31293,1,6.84188
31294,1,6.84166
31295,1,6.84144
31296,1,6.84123
31297,1,6.84101
31298,1,6.84079
31299,1,6.84057
31300,1,6.84035
31301,1,6.84013
31302,1,6.83991
31303,1,6.8397
31304,1,6.83948
31305,1,6.83926
31306,1,6.83904
31307,1,6.83882
31308,1,6.8386
31309,1,6.83839
31310,1,6.83817
31311,1,6.83795
31312,1,6.83773
31313,1,6.83751
31314,1,6.83729
31315,1,6.83707
31316,1,6.83686
31317,1,6.83664
31318,1,6.83642
31319,1,6.8362
31320,1,6.83598
31321,1,6.83577
31322,1,6.83555
31323,1,6.83533
31324,1,6.83511
31325,1,6.83489
31326,1,6.83467
31327,1,6.83446
31328,1,6.83424
31329,1,6.83402
31330,1,6.8338
31331,1,6.83358
31332,1,6.83337
31333,1,6.83315
31334,1,6.83293
31335,1,6.83271
31336,1,6.83249
31337,1,6.83227
31338,1,6.83206
31339,1,6.83184
31340,1,6.83162
31341,1,6.8314
31342,1,6.83118
31343,1,6.83097
31344,1,6.83075
31345,1,6.83053
31346,1,6.83031
31347,1,6.8301
31348,1,6.82988
31349,1,6.82966
31350,1,6.82944
31351,1,6.82922
31352,1,6.82901
31353,1,6.82879
31354,1,6.82857
31355,1,6.82835
31356,1,6.82813
31357,1,6.82792
31358,1,6.8277
31359,1,6.82748
31360,1,6.82726
31361,1,6.82705
31362,1,6.82683
31363,1,6.82661
31364,1,6.82639
31365,1,6.82618
31366,1,6.82596
31367,1,6.82574
31368,1,6.82552
31369,1,6.82531
31370,1,6.82509
31371,1,6.82487
31372,1,6.82465
31373,1,6.82444
31374,1,6.82422
31375,1,6.824
31376,1,6.82378
31377,1,6.82357
31378,1,6.82335
31379,1,6.82313
31380,1,6.82291
31381,1,6.8227
31382,1,6.82248
31383,1,6.82226
31384,1,6.82204
31385,1,6.82183
31386,1,6.82161
31387,1,6.82139
31388,1,6.82117
31389,1,6.82096
31390,1,6.82074
31391,1,6.82052
31392,1,6.8203
31393,1,6.82009
31394,1,6.81987
31395,1,6.81965
31396,1,6.81944
31397,1,6.81922
31398,1,6.819
31399,1,6.81878
31400,1,6.81857
31401,1,6.81835
31402,1,6.81813
31403,1,6.81792
31404,1,6.8177
31405,1,6.81748
31406,1,6.81726
31407,1,6.81705
31408,1,6.81683
31409,1,6.81661
31410,1,6.8164
31411,1,6.81618
31412,1,6.81596
31413,1,6.81575
31414,1,6.81553
31415,1,6.81531
31416,1,6.81509
31417,1,6.81488
31418,1,6.81466
31419,1,6.81444
31420,1,6.81423
31421,1,6.81401
31422,1,6.81379
31423,1,6.81358
31424,1,6.81336
31425,1,6.81314
31426,1,6.81293
31427,1,6.81271
31428,1,6.81249
31429,1,6.81228
31430,1,6.81206
31431,1,6.81184
31432,1,6.81163
31433,1,6.81141
31434,1,6.81119
31435,1,6.81098
31436,1,6.81076
31437,1,6.81054
31438,1,6.81033
31439,1,6.81011
31440,1,6.80989
31441,1,6.80968
31442,1,6.80946
31443,1,6.80924
31444,1,6.80903
31445,1,6.80881
31446,1,6.80859
31447,1,6.80838
31448,1,6.80816
31449,1,6.80794
31450,1,6.80773
31451,1,6.80751
31452,1,6.80729
31453,1,6.80708
31454,1,6.80686
31455,1,6.80664
31456,1,6.80643
31457,1,6.80621
31458,1,6.806
31459,1,6.80578
31460,1,6.80556
31461,1,6.80535
31462,1,6.80513
31463,1,6.80491
31464,1,6.8047
31465,1,6.80448
31466,1,6.80426
31467,1,6.80405
31468,1,6.80383
31469,1,6.80362
31470,1,6.8034
31471,1,6.80318
31472,1,6.80297
31473,1,6.80275
31474,1,6.80254
31475,1,6.80232
31476,1,6.8021
31477,1,6.80189
31478,1,6.80167
31479,1,6.80145
31480,1,6.80124
31481,1,6.80102
31482,1,6.80081
31483,1,6.80059
31484,1,6.80037
31485,1,6.80016
31486,1,6.79994
31487,1,6.79973
31488,1,6.79951
31489,1,6.79929
31490,1,6.79908
31491,1,6.79886
31492,1,6.79865
31493,1,6.79843
31494,1,6.79822
31495,1,6.798
31496,1,6.79778
31497,1,6.79757
31498,1,6.79735
31499,1,6.79714
31500,1,6.79692
31501,1,6.7967
31502,1,6.79649
31503,1,6.79627
31504,1,6.79606
31505,1,6.79584
31506,1,6.79563
31507,1,6.79541
31508,1,6.79519
31509,1,6.79498
31510,1,6.79476
31511,1,6.79455
31512,1,6.79433
31513,1,6.79412
31514,1,6.7939
31515,1,6.79369
31516,1,6.79347
31517,1,6.79325
31518,1,6.79304
31519,1,6.79282
31520,1,6.79261
31521,1,6.79239
31522,1,6.79218
31523,1,6.79196
31524,1,6.79175
31525,1,6.79153
31526,1,6.79132
31527,1,6.7911
31528,1,6.79088
31529,1,6.79067
31530,1,6.79045
31531,1,6.79024
31532,1,6.79002
31533,1,6.78981
31534,1,6.78959
31535,1,6.78938
31536,1,6.78916
31537,1,6.78895
31538,1,6.78873
31539,1,6.78852
31540,1,6.7883
31541,1,6.78809
31542,1,6.78787
31543,1,6.78765
31544,1,6.78744
31545,1,6.78722
31546,1,6.78701
31547,1,6.78679
31548,1,6.78658
31549,1,6.78636
31550,1,6.78615
31551,1,6.78593
31552,1,6.78572
31553,1,6.7855
31554,1,6.78529
31555,1,6.78507
31556,1,6.78486
31557,1,6.78464
31558,1,6.78443
31559,1,6.78421
31560,1,6.784
31561,1,6.78378
31562,1,6.78357
31563,1,6.78335
31564,1,6.78314
31565,1,6.78292
31566,1,6.78271
31567,1,6.78249
31568,1,6.78228
31569,1,6.78206
31570,1,6.78185
31571,1,6.78164
31572,1,6.78142
31573,1,6.78121
31574,1,6.78099
31575,1,6.78078
31576,1,6.78056
31577,1,6.78035
31578,1,6.78013
31579,1,6.77992
31580,1,6.7797
31581,1,6.77949
31582,1,6.77927
31583,1,6.77906
31584,1,6.77884
31585,1,6.77863
31586,1,6.77841
31587,1,6.7782
31588,1,6.77799
31589,1,6.77777
31590,1,6.77756
31591,1,6.77734
31592,1,6.77713
31593,1,6.77691
31594,1,6.7767
31595,1,6.77648
31596,1,6.77627
31597,1,6.77605
31598,1,6.77584
31599,1,6.77563
31600,1,6.77541
31601,1,6.7752
31602,1,6.77498
31603,1,6.77477
31604,1,6.77455
31605,1,6.77434
31606,1,6.77413
31607,1,6.77391
31608,1,6.7737
31609,1,6.77348
31610,1,6.77327
31611,1,6.77305
31612,1,6.77284
31613,1,6.77263
31614,1,6.77241
31615,1,6.7722
31616,1,6.77198
31617,1,6.77177
31618,1,6.77155
31619,1,6.77134
31620,1,6.77113
31621,1,6.77091
31622,1,6.7707
31623,1,6.77048
31624,1,6.77027
31625,1,6.77006
31626,1,6.76984
31627,1,6.76963
31628,1,6.76941
31629,1,6.7692
31630,1,6.76899
31631,1,6.76877
31632,1,6.76856
31633,1,6.76834
31634,1,6.76813
31635,1,6.76792
31636,1,6.7677
31637,1,6.76749
31638,1,6.76727
31639,1,6.76706
31640,1,6.76685
31641,1,6.76663
31642,1,6.76642
31643,1,6.7662
31644,1,6.76599
31645,1,6.76578
31646,1,6.76556
31647,1,6.76535
31648,1,6.76514
31649,1,6.76492
31650,1,6.76471
31651,1,6.76449
31652,1,6.76428
31653,1,6.76407
31654,1,6.76385
31655,1,6.76364
31656,1,6.76343
31657,1,6.76321
31658,1,6.763
31659,1,6.76278
31660,1,6.76257
31661,1,6.76236
31662,1,6.76214
31663,1,6.76193
31664,1,6.76172
31665,1,6.7615
31666,1,6.76129
31667,1,6.76108
31668,1,6.76086
31669,1,6.76065
31670,1,6.76044
31671,1,6.76022
31672,1,6.76001
31673,1,6.7598
31674,1,6.75958
31675,1,6.75937
31676,1,6.75916
31677,1,6.75894
31678,1,6.75873
31679,1,6.75852
31680,1,6.7583
31681,1,6.75809
31682,1,6.75788
31683,1,6.75766
31684,1,6.75745
31685,1,6.75724
31686,1,6.75702
31687,1,6.75681
31688,1,6.7566
31689,1,6.75638
31690,1,6.75617
31691,1,6.75596
31692,1,6.75574
31693,1,6.75553
31694,1,6.75532
31695,1,6.7551
31696,1,6.75489
31697,1,6.75468
31698,1,6.75446
31699,1,6.75425
31700,1,6.75404
31701,1,6.75382
31702,1,6.75361
31703,1,6.7534
31704,1,6.75319
31705,1,6.75297
31706,1,6.75276
31707,1,6.75255
31708,1,6.75233
31709,1,6.75212
31710,1,6.75191
31711,1,6.75169
31712,1,6.75148
31713,1,6.75127
31714,1,6.75106
31715,1,6.75084
31716,1,6.75063
31717,1,6.75042
31718,1,6.7502
31719,1,6.74999
31720,1,6.74978
31721,1,6.74957
31722,1,6.74935
31723,1,6.74914
31724,1,6.74893
31725,1,6.74872
31726,1,6.7485
31727,1,6.74829
31728,1,6.74808
31729,1,6.74786
31730,1,6.74765
31731,1,6.74744
31732,1,6.74723
31733,1,6.74701
31734,1,6.7468
31735,1,6.74659
31736,1,6.74638
31737,1,6.74616
31738,1,6.74595
31739,1,6.74574
31740,1,6.74553
31741,1,6.74531
31742,1,6.7451
31743,1,6.74489
31744,1,6.74468
31745,1,6.74446
31746,1,6.74425
31747,1,6.74404
31748,1,6.74383
31749,1,6.74361
31750,1,6.7434
31751,1,6.74319
31752,1,6.74298
31753,1,6.74276
31754,1,6.74255
31755,1,6.74234
31756,1,6.74213
31757,1,6.74192
31758,1,6.7417
31759,1,6.74149
31760,1,6.74128
31761,1,6.74107
31762,1,6.74085
31763,1,6.74064
31764,1,6.74043
31765,1,6.74022
31766,1,6.74001
31767,1,6.73979
31768,1,6.73958
31769,1,6.73937
31770,1,6.73916
31771,1,6.73894
31772,1,6.73873
31773,1,6.73852
31774,1,6.73831
31775,1,6.7381
31776,1,6.73788
31777,1,6.73767
31778,1,6.73746
31779,1,6.73725
31780,1,6.73704
31781,1,6.73682
31782,1,6.73661
31783,1,6.7364
31784,1,6.73619
31785,1,6.73598
31786,1,6.73576
31787,1,6.73555
31788,1,6.73534
31789,1,6.73513
31790,1,6.73492
31791,1,6.7347
31792,1,6.73449
31793,1,6.73428
31794,1,6.73407
31795,1,6.73386
31796,1,6.73365
31797,1,6.73343
31798,1,6.73322
31799,1,6.73301
31800,1,6.7328
31801,1,6.73259
31802,1,6.73238
31803,1,6.73216
31804,1,6.73195
31805,1,6.73174
31806,1,6.73153
31807,1,6.73132
31808,1,6.73111
31809,1,6.73089
31810,1,6.73068
31811,1,6.73047
31812,1,6.73026
31813,1,6.73005
31814,1,6.72984
31815,1,6.72962
31816,1,6.72941
31817,1,6.7292
31818,1,6.72899
31819,1,6.72878
31820,1,6.72857
31821,1,6.72836
31822,1,6.72814
31823,1,6.72793
31824,1,6.72772
31825,1,6.72751
31826,1,6.7273
31827,1,6.72709
31828,1,6.72688
31829,1,6.72666
31830,1,6.72645
31831,1,6.72624
31832,1,6.72603
31833,1,6.72582
31834,1,6.72561
31835,1,6.7254
31836,1,6.72519
31837,1,6.72497
31838,1,6.72476
31839,1,6.72455
31840,1,6.72434
31841,1,6.72413
31842,1,6.72392
31843,1,6.72371
31844,1,6.7235
31845,1,6.72328
31846,1,6.72307
31847,1,6.72286
31848,1,6.72265
31849,1,6.72244
31850,1,6.72223
31851,1,6.72202
31852,1,6.72181
31853,1,6.7216
31854,1,6.72139
31855,1,6.72117
31856,1,6.72096
31857,1,6.72075
31858,1,6.72054
31859,1,6.72033
31860,1,6.72012
31861,1,6.71991
31862,1,6.7197
31863,1,6.71949
31864,1,6.71928
31865,1,6.71906
31866,1,6.71885
31867,1,6.71864
31868,1,6.71843
31869,1,6.71822
31870,1,6.71801
31871,1,6.7178
31872,1,6.71759
31873,1,6.71738
31874,1,6.71717
31875,1,6.71696
31876,1,6.71675
31877,1,6.71654
31878,1,6.71632
31879,1,6.71611
31880,1,6.7159
31881,1,6.71569
31882,1,6.71548
31883,1,6.71527
31884,1,6.71506
31885,1,6.71485
31886,1,6.71464
31887,1,6.71443
31888,1,6.71422
31889,1,6.71401
31890,1,6.7138
31891,1,6.71359
31892,1,6.71338
31893,1,6.71317
31894,1,6.71296
31895,1,6.71274
31896,1,6.71253
31897,1,6.71232
31898,1,6.71211
31899,1,6.7119
31900,1,6.71169
31901,1,6.71148
31902,1,6.71127
31903,1,6.71106
31904,1,6.71085
31905,1,6.71064
31906,1,6.71043
31907,1,6.71022
31908,1,6.71001
31909,1,6.7098
31910,1,6.70959
31911,1,6.70938
31912,1,6.70917
31913,1,6.70896
31914,1,6.70875
31915,1,6.70854
31916,1,6.70833
31917,1,6.70812
31918,1,6.70791
31919,1,6.7077
31920,1,6.70749
31921,1,6.70728
31922,1,6.70707
31923,1,6.70686
31924,1,6.70665
31925,1,6.70644
31926,1,6.70623
31927,1,6.70602
31928,1,6.70581
31929,1,6.7056
31930,1,6.70539
31931,1,6.70518
31932,1,6.70497
31933,1,6.70476
31934,1,6.70455
31935,1,6.70434
31936,1,6.70413
31937,1,6.70392
31938,1,6.70371
31939,1,6.7035
31940,1,6.70329
31941,1,6.70308
31942,1,6.70287
31943,1,6.70266
31944,1,6.70245
31945,1,6.70224
31946,1,6.70203
31947,1,6.70182
31948,1,6.70161
31949,1,6.7014
31950,1,6.70119
31951,1,6.70098
31952,1,6.70077
31953,1,6.70056
31954,1,6.70035
31955,1,6.70014
31956,1,6.69993
31957,1,6.69972
31958,1,6.69951
31959,1,6.6993
31960,1,6.69909
31961,1,6.69888
31962,1,6.69867
31963,1,6.69846
31964,1,6.69825
31965,1,6.69804
31966,1,6.69784
31967,1,6.69763
31968,1,6.69742
31969,1,6.69721
31970,1,6.697
31971,1,6.69679
31972,1,6.69658
31973,1,6.69637
31974,1,6.69616
31975,1,6.69595
31976,1,6.69574
31977,1,6.69553
31978,1,6.69532
31979,1,6.69511
31980,1,6.6949
31981,1,6.69469
31982,1,6.69448
31983,1,6.69428
31984,1,6.69407
31985,1,6.69386
31986,1,6.69365
31987,1,6.69344
31988,1,6.69323
31989,1,6.69302
31990,1,6.69281
31991,1,6.6926
31992,1,6.69239
31993,1,6.69218
31994,1,6.69197
31995,1,6.69176
31996,1,6.69156
31997,1,6.69135
31998,1,6.69114
31999,1,6.69093
32000,1,6.69072
32001,1,6.69051
32002,1,6.6903
32003,1,6.69009
32004,1,6.68988
32005,1,6.68967
32006,1,6.68946
32007,1,6.68926
32008,1,6.68905
32009,1,6.68884
32010,1,6.68863
32011,1,6.68842
32012,1,6.68821
32013,1,6.688
32014,1,6.68779
32015,1,6.68758
32016,1,6.68738
32017,1,6.68717
32018,1,6.68696
32019,1,6.68675
32020,1,6.68654
32021,1,6.68633
32022,1,6.68612
32023,1,6.68591
32024,1,6.6857
32025,1,6.6855
32026,1,6.68529
32027,1,6.68508
32028,1,6.68487
32029,1,6.68466
32030,1,6.68445
32031,1,6.68424
32032,1,6.68403
32033,1,6.68383
32034,1,6.68362
32035,1,6.68341
32036,1,6.6832
32037,1,6.68299
32038,1,6.68278
32039,1,6.68257
32040,1,6.68237
32041,1,6.68216
32042,1,6.68195
32043,1,6.68174
32044,1,6.68153
32045,1,6.68132
32046,1,6.68111
32047,1,6.68091
32048,1,6.6807
32049,1,6.68049
32050,1,6.68028
32051,1,6.68007
32052,1,6.67986
32053,1,6.67966
32054,1,6.67945
32055,1,6.67924
32056,1,6.67903
32057,1,6.67882
32058,1,6.67861
32059,1,6.67841
32060,1,6.6782
32061,1,6.67799
32062,1,6.67778
32063,1,6.67757
32064,1,6.67736
32065,1,6.67716
32066,1,6.67695
32067,1,6.67674
32068,1,6.67653
32069,1,6.67632
32070,1,6.67611
32071,1,6.67591
32072,1,6.6757
32073,1,6.67549
32074,1,6.67528
32075,1,6.67507
32076,1,6.67487
32077,1,6.67466
32078,1,6.67445
32079,1,6.67424
32080,1,6.67403
32081,1,6.67383
32082,1,6.67362
32083,1,6.67341
32084,1,6.6732
32085,1,6.67299
32086,1,6.67279
32087,1,6.67258
32088,1,6.67237
32089,1,6.67216
32090,1,6.67195
32091,1,6.67175
32092,1,6.67154
32093,1,6.67133
32094,1,6.67112
32095,1,6.67091
32096,1,6.67071
32097,1,6.6705
32098,1,6.67029
32099,1,6.67008
32100,1,6.66988
32101,1,6.66967
32102,1,6.66946
32103,1,6.66925
32104,1,6.66904
32105,1,6.66884
32106,1,6.66863
32107,1,6.66842
32108,1,6.66821
32109,1,6.66801
32110,1,6.6678
32111,1,6.66759
32112,1,6.66738
32113,1,6.66718
32114,1,6.66697
32115,1,6.66676
32116,1,6.66655
32117,1,6.66634
32118,1,6.66614
32119,1,6.66593
32120,1,6.66572
32121,1,6.66551
32122,1,6.66531
32123,1,6.6651
32124,1,6.66489
32125,1,6.66468
32126,1,6.66448
32127,1,6.66427
32128,1,6.66406
32129,1,6.66386
32130,1,6.66365
32131,1,6.66344
32132,1,6.66323
32133,1,6.66303
32134,1,6.66282
32135,1,6.66261
32136,1,6.6624
32137,1,6.6622
32138,1,6.66199
32139,1,6.66178
32140,1,6.66157
32141,1,6.66137
32142,1,6.66116
32143,1,6.66095
32144,1,6.66075
32145,1,6.66054
32146,1,6.66033
32147,1,6.66012
32148,1,6.65992
32149,1,6.65971
32150,1,6.6595
32151,1,6.6593
32152,1,6.65909
32153,1,6.65888
32154,1,6.65867
32155,1,6.65847
32156,1,6.65826
32157,1,6.65805
32158,1,6.65785
32159,1,6.65764
32160,1,6.65743
32161,1,6.65722
32162,1,6.65702
32163,1,6.65681
32164,1,6.6566
32165,1,6.6564
32166,1,6.65619
32167,1,6.65598
32168,1,6.65578
32169,1,6.65557
32170,1,6.65536
32171,1,6.65516
32172,1,6.65495
32173,1,6.65474
32174,1,6.65453
32175,1,6.65433
32176,1,6.65412
32177,1,6.65391
32178,1,6.65371
32179,1,6.6535
32180,1,6.65329
32181,1,6.65309
32182,1,6.65288
32183,1,6.65267
32184,1,6.65247
32185,1,6.65226
32186,1,6.65205
32187,1,6.65185
32188,1,6.65164
32189,1,6.65143
32190,1,6.65123
32191,1,6.65102
32192,1,6.65081
32193,1,6.65061
32194,1,6.6504
32195,1,6.65019
32196,1,6.64999
32197,1,6.64978
32198,1,6.64957
32199,1,6.64937
32200,1,6.64916
32201,1,6.64896
32202,1,6.64875
32203,1,6.64854
32204,1,6.64834
32205,1,6.64813
32206,1,6.64792
32207,1,6.64772
32208,1,6.64751
32209,1,6.6473
32210,1,6.6471
32211,1,6.64689
32212,1,6.64668
32213,1,6.64648
32214,1,6.64627
32215,1,6.64607
32216,1,6.64586
32217,1,6.64565
32218,1,6.64545
32219,1,6.64524
32220,1,6.64503
32221,1,6.64483
32222,1,6.64462
32223,1,6.64442
32224,1,6.64421
32225,1,6.644
32226,1,6.6438
32227,1,6.64359
32228,1,6.64338
32229,1,6.64318
32230,1,6.64297
32231,1,6.64277
32232,1,6.64256
32233,1,6.64235
32234,1,6.64215
32235,1,6.64194
32236,1,6.64174
32237,1,6.64153
32238,1,6.64132
32239,1,6.64112
32240,1,6.64091
32241,1,6.64071
32242,1,6.6405
32243,1,6.64029
32244,1,6.64009
32245,1,6.63988
32246,1,6.63968
32247,1,6.63947
32248,1,6.63926
32249,1,6.63906
32250,1,6.63885
32251,1,6.63865
32252,1,6.63844
32253,1,6.63824
32254,1,6.63803
32255,1,6.63782
32256,1,6.63762
32257,1,6.63741
32258,1,6.63721
32259,1,6.637
32260,1,6.63679
32261,1,6.63659
32262,1,6.63638
32263,1,6.63618
32264,1,6.63597
32265,1,6.63577
32266,1,6.63556
32267,1,6.63536
32268,1,6.63515
32269,1,6.63494
32270,1,6.63474
32271,1,6.63453
32272,1,6.63433
32273,1,6.63412
32274,1,6.63392
32275,1,6.63371
32276,1,6.6335
32277,1,6.6333
32278,1,6.63309
32279,1,6.63289
32280,1,6.63268
32281,1,6.63248
32282,1,6.63227
32283,1,6.63207
32284,1,6.63186
32285,1,6.63166
32286,1,6.63145
32287,1,6.63124
32288,1,6.63104
32289,1,6.63083
32290,1,6.63063
32291,1,6.63042
32292,1,6.63022
32293,1,6.63001
32294,1,6.62981
32295,1,6.6296
32296,1,6.6294
32297,1,6.62919
32298,1,6.62899
32299,1,6.62878
32300,1,6.62858
32301,1,6.62837
32302,1,6.62817
32303,1,6.62796
32304,1,6.62776
32305,1,6.62755
32306,1,6.62734
32307,1,6.62714
32308,1,6.62693
32309,1,6.62673
32310,1,6.62652
32311,1,6.62632
32312,1,6.62611
32313,1,6.62591
32314,1,6.6257
32315,1,6.6255
32316,1,6.62529
32317,1,6.62509
32318,1,6.62488
32319,1,6.62468
32320,1,6.62447
32321,1,6.62427
32322,1,6.62406
32323,1,6.62386
32324,1,6.62365
32325,1,6.62345
32326,1,6.62324
32327,1,6.62304
32328,1,6.62283
32329,1,6.62263
32330,1,6.62242
32331,1,6.62222
32332,1,6.62202
32333,1,6.62181
32334,1,6.62161
32335,1,6.6214
32336,1,6.6212
32337,1,6.62099
32338,1,6.62079
32339,1,6.62058
32340,1,6.62038
32341,1,6.62017
32342,1,6.61997
32343,1,6.61976
32344,1,6.61956
32345,1,6.61935
32346,1,6.61915
32347,1,6.61894
32348,1,6.61874
32349,1,6.61854
32350,1,6.61833
32351,1,6.61813
32352,1,6.61792
32353,1,6.61772
32354,1,6.61751
32355,1,6.61731
32356,1,6.6171
32357,1,6.6169
32358,1,6.61669
32359,1,6.61649
32360,1,6.61629
32361,1,6.61608
32362,1,6.61588
32363,1,6.61567
32364,1,6.61547
32365,1,6.61526
32366,1,6.61506
32367,1,6.61485
32368,1,6.61465
32369,1,6.61445
32370,1,6.61424
32371,1,6.61404
32372,1,6.61383
32373,1,6.61363
32374,1,6.61342
32375,1,6.61322
32376,1,6.61302
32377,1,6.61281
32378,1,6.61261
32379,1,6.6124
32380,1,6.6122
32381,1,6.61199
32382,1,6.61179
32383,1,6.61159
32384,1,6.61138
32385,1,6.61118
32386,1,6.61097
32387,1,6.61077
32388,1,6.61057
32389,1,6.61036
32390,1,6.61016
32391,1,6.60995
32392,1,6.60975
32393,1,6.60955
32394,1,6.60934
32395,1,6.60914
32396,1,6.60893
32397,1,6.60873
32398,1,6.60853
32399,1,6.60832
32400,1,6.60812
32401,1,6.60791
32402,1,6.60771
32403,1,6.60751
32404,1,6.6073
32405,1,6.6071
32406,1,6.60689
32407,1,6.60669
32408,1,6.60649
32409,1,6.60628
32410,1,6.60608
32411,1,6.60587
32412,1,6.60567
32413,1,6.60547
32414,1,6.60526
32415,1,6.60506
32416,1,6.60486
32417,1,6.60465
32418,1,6.60445
32419,1,6.60424
32420,1,6.60404
32421,1,6.60384
32422,1,6.60363
32423,1,6.60343
32424,1,6.60323
32425,1,6.60302
32426,1,6.60282
32427,1,6.60262
32428,1,6.60241
32429,1,6.60221
32430,1,6.602
32431,1,6.6018
32432,1,6.6016
32433,1,6.60139
32434,1,6.60119
32435,1,6.60099
32436,1,6.60078
32437,1,6.60058
32438,1,6.60038
32439,1,6.60017
32440,1,6.59997
32441,1,6.59977
32442,1,6.59956
32443,1,6.59936
32444,1,6.59916
32445,1,6.59895
32446,1,6.59875
32447,1,6.59855
32448,1,6.59834
32449,1,6.59814
32450,1,6.59794
32451,1,6.59773
32452,1,6.59753
32453,1,6.59733
32454,1,6.59712
32455,1,6.59692
32456,1,6.59672
32457,1,6.59651
32458,1,6.59631
32459,1,6.59611
32460,1,6.5959
32461,1,6.5957
32462,1,6.5955
32463,1,6.59529
32464,1,6.59509
32465,1,6.59489
32466,1,6.59468
32467,1,6.59448
32468,1,6.59428
32469,1,6.59407
32470,1,6.59387
32471,1,6.59367
32472,1,6.59347
32473,1,6.59326
32474,1,6.59306
32475,1,6.59286
32476,1,6.59265
32477,1,6.59245
32478,1,6.59225
32479,1,6.59204
32480,1,6.59184
32481,1,6.59164
32482,1,6.59144
32483,1,6.59123
32484,1,6.59103
32485,1,6.59083
32486,1,6.59062
32487,1,6.59042
32488,1,6.59022
32489,1,6.59002
32490,1,6.58981
32491,1,6.58961
32492,1,6.58941
32493,1,6.5892
32494,1,6.589
32495,1,6.5888
32496,1,6.5886
32497,1,6.58839
32498,1,6.58819
32499,1,6.58799
32500,1,6.58778
32501,1,6.58758
32502,1,6.58738
32503,1,6.58718
32504,1,6.58697
32505,1,6.58677
32506,1,6.58657
32507,1,6.58637
32508,1,6.58616
32509,1,6.58596
32510,1,6.58576
32511,1,6.58556
32512,1,6.58535
32513,1,6.58515
32514,1,6.58495
32515,1,6.58475
32516,1,6.58454
32517,1,6.58434
32518,1,6.58414
32519,1,6.58394
32520,1,6.58373
32521,1,6.58353
32522,1,6.58333
32523,1,6.58313
32524,1,6.58292
32525,1,6.58272
32526,1,6.58252
32527,1,6.58232
32528,1,6.58211
32529,1,6.58191
32530,1,6.58171
32531,1,6.58151
32532,1,6.5813
32533,1,6.5811
32534,1,6.5809
32535,1,6.5807
32536,1,6.5805
32537,1,6.58029
32538,1,6.58009
32539,1,6.57989
32540,1,6.57969
32541,1,6.57948
32542,1,6.57928
32543,1,6.57908
32544,1,6.57888
32545,1,6.57868
32546,1,6.57847
32547,1,6.57827
32548,1,6.57807
32549,1,6.57787
32550,1,6.57767
32551,1,6.57746
32552,1,6.57726
32553,1,6.57706
32554,1,6.57686
32555,1,6.57665
32556,1,6.57645
32557,1,6.57625
32558,1,6.57605
32559,1,6.57585
32560,1,6.57564
32561,1,6.57544
32562,1,6.57524
32563,1,6.57504
32564,1,6.57484
32565,1,6.57464
32566,1,6.57443
32567,1,6.57423
32568,1,6.57403
32569,1,6.57383
32570,1,6.57363
32571,1,6.57342
32572,1,6.57322
32573,1,6.57302
32574,1,6.57282
32575,1,6.57262
32576,1,6.57242
32577,1,6.57221
32578,1,6.57201
32579,1,6.57181
32580,1,6.57161
32581,1,6.57141
32582,1,6.5712
32583,1,6.571
32584,1,6.5708
32585,1,6.5706
32586,1,6.5704
32587,1,6.5702
32588,1,6.57
32589,1,6.56979
32590,1,6.56959
32591,1,6.56939
32592,1,6.56919
32593,1,6.56899
32594,1,6.56879
32595,1,6.56858
32596,1,6.56838
32597,1,6.56818
32598,1,6.56798
32599,1,6.56778
32600,1,6.56758
32601,1,6.56738
32602,1,6.56717
32603,1,6.56697
32604,1,6.56677
32605,1,6.56657
32606,1,6.56637
32607,1,6.56617
32608,1,6.56597
32609,1,6.56576
32610,1,6.56556
32611,1,6.56536
32612,1,6.56516
32613,1,6.56496
32614,1,6.56476
32615,1,6.56456
32616,1,6.56435
32617,1,6.56415
32618,1,6.56395
32619,1,6.56375
32620,1,6.56355
32621,1,6.56335
32622,1,6.56315
32623,1,6.56295
32624,1,6.56275
32625,1,6.56254
32626,1,6.56234
32627,1,6.56214
32628,1,6.56194
32629,1,6.56174
32630,1,6.56154
32631,1,6.56134
32632,1,6.56114
32633,1,6.56094
32634,1,6.56073
32635,1,6.56053
32636,1,6.56033
32637,1,6.56013
32638,1,6.55993
32639,1,6.55973
32640,1,6.55953
32641,1,6.55933
32642,1,6.55913
32643,1,6.55893
32644,1,6.55872
32645,1,6.55852
32646,1,6.55832
32647,1,6.55812
32648,1,6.55792
32649,1,6.55772
32650,1,6.55752
32651,1,6.55732
32652,1,6.55712
32653,1,6.55692
32654,1,6.55672
32655,1,6.55652
32656,1,6.55631
32657,1,6.55611
32658,1,6.55591
32659,1,6.55571
32660,1,6.55551
32661,1,6.55531
32662,1,6.55511
32663,1,6.55491
32664,1,6.55471
32665,1,6.55451
32666,1,6.55431
32667,1,6.55411
32668,1,6.55391
32669,1,6.55371
32670,1,6.5535
32671,1,6.5533
32672,1,6.5531
32673,1,6.5529
32674,1,6.5527
32675,1,6.5525
32676,1,6.5523
32677,1,6.5521
32678,1,6.5519
32679,1,6.5517
32680,1,6.5515
32681,1,6.5513
32682,1,6.5511
32683,1,6.5509
32684,1,6.5507
32685,1,6.5505
32686,1,6.5503
32687,1,6.5501
32688,1,6.5499
32689,1,6.5497
32690,1,6.5495
32691,1,6.54929
32692,1,6.54909
32693,1,6.54889
32694,1,6.54869
32695,1,6.54849
32696,1,6.54829
32697,1,6.54809
32698,1,6.54789
32699,1,6.54769
32700,1,6.54749
32701,1,6.54729
32702,1,6.54709
32703,1,6.54689
32704,1,6.54669
32705,1,6.54649
32706,1,6.54629
32707,1,6.54609
32708,1,6.54589
32709,1,6.54569
32710,1,6.54549
32711,1,6.54529
32712,1,6.54509
32713,1,6.54489
32714,1,6.54469
32715,1,6.54449
32716,1,6.54429
32717,1,6.54409
32718,1,6.54389
32719,1,6.54369
32720,1,6.54349
32721,1,6.54329
32722,1,6.54309
32723,1,6.54289
32724,1,6.54269
32725,1,6.54249
32726,1,6.54229
32727,1,6.54209
32728,1,6.54189
32729,1,6.54169
32730,1,6.54149
32731,1,6.54129
32732,1,6.54109
32733,1,6.54089
32734,1,6.54069
32735,1,6.54049
32736,1,6.54029
32737,1,6.54009
32738,1,6.53989
32739,1,6.53969
32740,1,6.53949
32741,1,6.53929
32742,1,6.53909
32743,1,6.53889
32744,1,6.53869
32745,1,6.53849
32746,1,6.53829
32747,1,6.5381
32748,1,6.5379
32749,1,6.5377
32750,1,6.5375
32751,1,6.5373
32752,1,6.5371
32753,1,6.5369
32754,1,6.5367
32755,1,6.5365
32756,1,6.5363
32757,1,6.5361
32758,1,6.5359
32759,1,6.5357
32760,1,6.5355
32761,1,6.5353
32762,1,6.5351
32763,1,6.5349
32764,1,6.5347
32765,1,6.5345
32766,1,6.5343
32767,1,6.5341
32768,1,6.53391
32769,1,6.53371
32770,1,6.53351
32771,1,6.53331
32772,1,6.53311
32773,1,6.53291
32774,1,6.53271
32775,1,6.53251
32776,1,6.53231
32777,1,6.53211
32778,1,6.53191
32779,1,6.53171
32780,1,6.53151
32781,1,6.53131
32782,1,6.53111
32783,1,6.53092
32784,1,6.53072
32785,1,6.53052
32786,1,6.53032
32787,1,6.53012
32788,1,6.52992
32789,1,6.52972
32790,1,6.52952
32791,1,6.52932
32792,1,6.52912
32793,1,6.52892
32794,1,6.52872
32795,1,6.52853
32796,1,6.52833
32797,1,6.52813
32798,1,6.52793
32799,1,6.52773
32800,1,6.52753
32801,1,6.52733
32802,1,6.52713
32803,1,6.52693
32804,1,6.52673
32805,1,6.52654
32806,1,6.52634
32807,1,6.52614
32808,1,6.52594
32809,1,6.52574
32810,1,6.52554
32811,1,6.52534
32812,1,6.52514
32813,1,6.52494
32814,1,6.52475
32815,1,6.52455
32816,1,6.52435
32817,1,6.52415
32818,1,6.52395
32819,1,6.52375
32820,1,6.52355
32821,1,6.52335
32822,1,6.52316
32823,1,6.52296
32824,1,6.52276
32825,1,6.52256
32826,1,6.52236
32827,1,6.52216
32828,1,6.52196
32829,1,6.52176
32830,1,6.52157
32831,1,6.52137
32832,1,6.52117
32833,1,6.52097
32834,1,6.52077
32835,1,6.52057
32836,1,6.52037
32837,1,6.52018
32838,1,6.51998
32839,1,6.51978
32840,1,6.51958
32841,1,6.51938
32842,1,6.51918
32843,1,6.51898
32844,1,6.51879
32845,1,6.51859
32846,1,6.51839
32847,1,6.51819
32848,1,6.51799
32849,1,6.51779
32850,1,6.5176
32851,1,6.5174
32852,1,6.5172
32853,1,6.517
32854,1,6.5168
32855,1,6.5166
32856,1,6.5164
32857,1,6.51621
32858,1,6.51601
32859,1,6.51581
32860,1,6.51561
32861,1,6.51541
32862,1,6.51522
32863,1,6.51502
32864,1,6.51482
32865,1,6.51462
32866,1,6.51442
32867,1,6.51422
32868,1,6.51403
32869,1,6.51383
32870,1,6.51363
32871,1,6.51343
32872,1,6.51323
32873,1,6.51304
32874,1,6.51284
32875,1,6.51264
32876,1,6.51244
32877,1,6.51224
32878,1,6.51204
32879,1,6.51185
32880,1,6.51165
32881,1,6.51145
32882,1,6.51125
32883,1,6.51105
32884,1,6.51086
32885,1,6.51066
32886,1,6.51046
32887,1,6.51026
32888,1,6.51006
32889,1,6.50987
32890,1,6.50967
32891,1,6.50947
32892,1,6.50927
32893,1,6.50907
32894,1,6.50888
32895,1,6.50868
32896,1,6.50848
32897,1,6.50828
32898,1,6.50809
32899,1,6.50789
32900,1,6.50769
32901,1,6.50749
32902,1,6.50729
32903,1,6.5071
32904,1,6.5069
32905,1,6.5067
32906,1,6.5065
32907,1,6.50631
32908,1,6.50611
32909,1,6.50591
32910,1,6.50571
32911,1,6.50551
32912,1,6.50532
32913,1,6.50512
32914,1,6.50492
32915,1,6.50472
32916,1,6.50453
32917,1,6.50433
32918,1,6.50413
32919,1,6.50393
32920,1,6.50374
32921,1,6.50354
32922,1,6.50334
32923,1,6.50314
32924,1,6.50295
32925,1,6.50275
32926,1,6.50255
32927,1,6.50235
32928,1,6.50216
32929,1,6.50196
32930,1,6.50176
32931,1,6.50156
32932,1,6.50137
32933,1,6.50117
32934,1,6.50097
32935,1,6.50077
32936,1,6.50058
32937,1,6.50038
32938,1,6.50018
32939,1,6.49998
32940,1,6.49979
32941,1,6.49959
32942,1,6.49939
32943,1,6.4992
32944,1,6.499
32945,1,6.4988
32946,1,6.4986
32947,1,6.49841
32948,1,6.49821
32949,1,6.49801
32950,1,6.49781
32951,1,6.49762
32952,1,6.49742
32953,1,6.49722
32954,1,6.49703
32955,1,6.49683
32956,1,6.49663
32957,1,6.49643
32958,1,6.49624
32959,1,6.49604
32960,1,6.49584
32961,1,6.49565
32962,1,6.49545
32963,1,6.49525
32964,1,6.49506
32965,1,6.49486
32966,1,6.49466
32967,1,6.49446
32968,1,6.49427
32969,1,6.49407
32970,1,6.49387
32971,1,6.49368
32972,1,6.49348
32973,1,6.49328
32974,1,6.49309
32975,1,6.49289
32976,1,6.49269
32977,1,6.49249
32978,1,6.4923
32979,1,6.4921
32980,1,6.4919
32981,1,6.49171
32982,1,6.49151
32983,1,6.49131
32984,1,6.49112
32985,1,6.49092
32986,1,6.49072
32987,1,6.49053
32988,1,6.49033
32989,1,6.49013
32990,1,6.48994
32991,1,6.48974
32992,1,6.48954
32993,1,6.48935
32994,1,6.48915
32995,1,6.48895
32996,1,6.48876
32997,1,6.48856
32998,1,6.48836
32999,1,6.48817
33000,1,6.48797
33001,1,6.48777
33002,1,6.48758
33003,1,6.48738
33004,1,6.48718
33005,1,6.48699
33006,1,6.48679
33007,1,6.48659
33008,1,6.4864
33009,1,6.4862
33010,1,6.486
33011,1,6.48581
33012,1,6.48561
33013,1,6.48541
33014,1,6.48522
33015,1,6.48502
33016,1,6.48483
33017,1,6.48463
33018,1,6.48443
33019,1,6.48424
33020,1,6.48404
33021,1,6.48384
33022,1,6.48365
33023,1,6.48345
33024,1,6.48325
33025,1,6.48306
33026,1,6.48286
33027,1,6.48267
33028,1,6.48247
33029,1,6.48227
33030,1,6.48208
33031,1,6.48188
33032,1,6.48168
33033,1,6.48149
33034,1,6.48129
33035,1,6.4811
33036,1,6.4809
33037,1,6.4807
33038,1,6.48051
33039,1,6.48031
33040,1,6.48012
33041,1,6.47992
33042,1,6.47972
33043,1,6.47953
33044,1,6.47933
33045,1,6.47913
33046,1,6.47894
33047,1,6.47874
33048,1,6.47855
33049,1,6.47835
33050,1,6.47815
33051,1,6.47796
33052,1,6.47776
33053,1,6.47757
33054,1,6.47737
33055,1,6.47717
33056,1,6.47698
33057,1,6.47678
33058,1,6.47659
33059,1,6.47639
33060,1,6.47619
33061,1,6.476
33062,1,6.4758
33063,1,6.47561
33064,1,6.47541
33065,1,6.47522
33066,1,6.47502
33067,1,6.47482
33068,1,6.47463
33069,1,6.47443
33070,1,6.47424
33071,1,6.47404
33072,1,6.47384
33073,1,6.47365
33074,1,6.47345
33075,1,6.47326
33076,1,6.47306
33077,1,6.47287
33078,1,6.47267
33079,1,6.47247
33080,1,6.47228
33081,1,6.47208
33082,1,6.47189
33083,1,6.47169
33084,1,6.4715
33085,1,6.4713
33086,1,6.47111
33087,1,6.47091
33088,1,6.47071
33089,1,6.47052
33090,1,6.47032
33091,1,6.47013
33092,1,6.46993
33093,1,6.46974
33094,1,6.46954
33095,1,6.46935
33096,1,6.46915
33097,1,6.46895
33098,1,6.46876
33099,1,6.46856
33100,1,6.46837
33101,1,6.46817
33102,1,6.46798
33103,1,6.46778
33104,1,6.46759
33105,1,6.46739
33106,1,6.4672
33107,1,6.467
33108,1,6.46681
33109,1,6.46661
33110,1,6.46641
33111,1,6.46622
33112,1,6.46602
33113,1,6.46583
33114,1,6.46563
33115,1,6.46544
33116,1,6.46524
33117,1,6.46505
33118,1,6.46485
33119,1,6.46466
33120,1,6.46446
33121,1,6.46427
33122,1,6.46407
33123,1,6.46388
33124,1,6.46368
33125,1,6.46349
33126,1,6.46329
33127,1,6.4631
33128,1,6.4629
33129,1,6.46271
33130,1,6.46251
33131,1,6.46232
33132,1,6.46212
33133,1,6.46193
33134,1,6.46173
33135,1,6.46154
33136,1,6.46134
33137,1,6.46115
33138,1,6.46095
33139,1,6.46076
33140,1,6.46056
33141,1,6.46037
33142,1,6.46017
33143,1,6.45998
33144,1,6.45978
33145,1,6.45959
33146,1,6.45939
33147,1,6.4592
33148,1,6.459
33149,1,6.45881
33150,1,6.45861
33151,1,6.45842
33152,1,6.45822
33153,1,6.45803
33154,1,6.45783
33155,1,6.45764
33156,1,6.45744
33157,1,6.45725
33158,1,6.45705
33159,1,6.45686
33160,1,6.45666
33161,1,6.45647
33162,1,6.45628
33163,1,6.45608
33164,1,6.45589
33165,1,6.45569
33166,1,6.4555
33167,1,6.4553
33168,1,6.45511
33169,1,6.45491
33170,1,6.45472
33171,1,6.45452
33172,1,6.45433
33173,1,6.45413
33174,1,6.45394
33175,1,6.45375
33176,1,6.45355
33177,1,6.45336
33178,1,6.45316
33179,1,6.45297
33180,1,6.45277
33181,1,6.45258
33182,1,6.45238
33183,1,6.45219
33184,1,6.45199
33185,1,6.4518
33186,1,6.45161
33187,1,6.45141
33188,1,6.45122
33189,1,6.45102
33190,1,6.45083
33191,1,6.45063
33192,1,6.45044
33193,1,6.45025
33194,1,6.45005
33195,1,6.44986
33196,1,6.44966
33197,1,6.44947
33198,1,6.44927
33199,1,6.44908
33200,1,6.44889
33201,1,6.44869
33202,1,6.4485
33203,1,6.4483
33204,1,6.44811
33205,1,6.44791
33206,1,6.44772
33207,1,6.44753
33208,1,6.44733
33209,1,6.44714
33210,1,6.44694
33211,1,6.44675
33212,1,6.44656
33213,1,6.44636
33214,1,6.44617
33215,1,6.44597
33216,1,6.44578
33217,1,6.44559
33218,1,6.44539
33219,1,6.4452
33220,1,6.445
33221,1,6.44481
33222,1,6.44462
33223,1,6.44442
33224,1,6.44423
33225,1,6.44403
33226,1,6.44384
33227,1,6.44365
33228,1,6.44345
33229,1,6.44326
33230,1,6.44306
33231,1,6.44287
33232,1,6.44268
33233,1,6.44248
33234,1,6.44229
33235,1,6.44209
33236,1,6.4419
33237,1,6.44171
33238,1,6.44151
33239,1,6.44132
33240,1,6.44113
33241,1,6.44093
33242,1,6.44074
33243,1,6.44054
33244,1,6.44035
33245,1,6.44016
33246,1,6.43996
33247,1,6.43977
33248,1,6.43958
33249,1,6.43938
33250,1,6.43919
33251,1,6.43899
33252,1,6.4388
33253,1,6.43861
33254,1,6.43841
33255,1,6.43822
33256,1,6.43803
33257,1,6.43783
33258,1,6.43764
33259,1,6.43745
33260,1,6.43725
33261,1,6.43706
33262,1,6.43686
33263,1,6.43667
33264,1,6.43648
33265,1,6.43628
33266,1,6.43609
33267,1,6.4359
33268,1,6.4357
33269,1,6.43551
33270,1,6.43532
33271,1,6.43512
33272,1,6.43493
33273,1,6.43474
33274,1,6.43454
33275,1,6.43435
33276,1,6.43416
33277,1,6.43396
33278,1,6.43377
33279,1,6.43358
33280,1,6.43338
33281,1,6.43319
33282,1,6.433
33283,1,6.4328
33284,1,6.43261
33285,1,6.43242
33286,1,6.43222
33287,1,6.43203
33288,1,6.43184
33289,1,6.43164
33290,1,6.43145
33291,1,6.43126
33292,1,6.43106
33293,1,6.43087
33294,1,6.43068
33295,1,6.43049
33296,1,6.43029
33297,1,6.4301
33298,1,6.42991
33299,1,6.42971
33300,1,6.42952
33301,1,6.42933
33302,1,6.42913
33303,1,6.42894
33304,1,6.42875
33305,1,6.42855
33306,1,6.42836
33307,1,6.42817
33308,1,6.42798
33309,1,6.42778
33310,1,6.42759
33311,1,6.4274
33312,1,6.4272
33313,1,6.42701
33314,1,6.42682
33315,1,6.42662
33316,1,6.42643
33317,1,6.42624
33318,1,6.42605
33319,1,6.42585
33320,1,6.42566
33321,1,6.42547
33322,1,6.42527
33323,1,6.42508
33324,1,6.42489
33325,1,6.4247
33326,1,6.4245
33327,1,6.42431
33328,1,6.42412
33329,1,6.42393
33330,1,6.42373
33331,1,6.42354
33332,1,6.42335
33333,1,6.42315
33334,1,6.42296
33335,1,6.42277
33336,1,6.42258
33337,1,6.42238
33338,1,6.42219
33339,1,6.422
33340,1,6.42181
33341,1,6.42161
33342,1,6.42142
33343,1,6.42123
33344,1,6.42104
33345,1,6.42084
33346,1,6.42065
33347,1,6.42046
33348,1,6.42027
33349,1,6.42007
33350,1,6.41988
33351,1,6.41969
33352,1,6.4195
33353,1,6.4193
33354,1,6.41911
33355,1,6.41892
33356,1,6.41873
33357,1,6.41853
33358,1,6.41834
33359,1,6.41815
33360,1,6.41796
33361,1,6.41776
33362,1,6.41757
33363,1,6.41738
33364,1,6.41719
33365,1,6.41699
33366,1,6.4168
33367,1,6.41661
33368,1,6.41642
33369,1,6.41622
33370,1,6.41603
33371,1,6.41584
33372,1,6.41565
33373,1,6.41546
33374,1,6.41526
33375,1,6.41507
33376,1,6.41488
33377,1,6.41469
33378,1,6.41449
33379,1,6.4143
33380,1,6.41411
33381,1,6.41392
33382,1,6.41373
33383,1,6.41353
33384,1,6.41334
33385,1,6.41315
33386,1,6.41296
33387,1,6.41277
33388,1,6.41257
33389,1,6.41238
33390,1,6.41219
33391,1,6.412
33392,1,6.41181
33393,1,6.41161
33394,1,6.41142
33395,1,6.41123
33396,1,6.41104
33397,1,6.41085
33398,1,6.41065
33399,1,6.41046
33400,1,6.41027
33401,1,6.41008
33402,1,6.40989
33403,1,6.40969
33404,1,6.4095
33405,1,6.40931
33406,1,6.40912
33407,1,6.40893
33408,1,6.40873
33409,1,6.40854
33410,1,6.40835
33411,1,6.40816
33412,1,6.40797
33413,1,6.40778
33414,1,6.40758
33415,1,6.40739
33416,1,6.4072
33417,1,6.40701
33418,1,6.40682
33419,1,6.40662
33420,1,6.40643
33421,1,6.40624
33422,1,6.40605
33423,1,6.40586
33424,1,6.40567
33425,1,6.40547
33426,1,6.40528
33427,1,6.40509
33428,1,6.4049
33429,1,6.40471
33430,1,6.40452
33431,1,6.40433
33432,1,6.40413
33433,1,6.40394
33434,1,6.40375
33435,1,6.40356
33436,1,6.40337
33437,1,6.40318
33438,1,6.40298
33439,1,6.40279
33440,1,6.4026
33441,1,6.40241
33442,1,6.40222
33443,1,6.40203
33444,1,6.40184
33445,1,6.40164
33446,1,6.40145
33447,1,6.40126
33448,1,6.40107
33449,1,6.40088
33450,1,6.40069
33451,1,6.4005
33452,1,6.4003
33453,1,6.40011
33454,1,6.39992
33455,1,6.39973
33456,1,6.39954
33457,1,6.39935
33458,1,6.39916
33459,1,6.39897
33460,1,6.39877
33461,1,6.39858
33462,1,6.39839
33463,1,6.3982
33464,1,6.39801
33465,1,6.39782
33466,1,6.39763
33467,1,6.39744
33468,1,6.39725
33469,1,6.39705
33470,1,6.39686
33471,1,6.39667
33472,1,6.39648
33473,1,6.39629
33474,1,6.3961
33475,1,6.39591
33476,1,6.39572
33477,1,6.39553
33478,1,6.39533
33479,1,6.39514
33480,1,6.39495
33481,1,6.39476
33482,1,6.39457
33483,1,6.39438
33484,1,6.39419
33485,1,6.394
33486,1,6.39381
33487,1,6.39362
33488,1,6.39342
33489,1,6.39323
33490,1,6.39304
33491,1,6.39285
33492,1,6.39266
33493,1,6.39247
33494,1,6.39228
33495,1,6.39209
33496,1,6.3919
33497,1,6.39171
33498,1,6.39152
33499,1,6.39133
33500,1,6.39113
33501,1,6.39094
33502,1,6.39075
33503,1,6.39056
33504,1,6.39037
33505,1,6.39018
33506,1,6.38999
33507,1,6.3898
33508,1,6.38961
33509,1,6.38942
33510,1,6.38923
33511,1,6.38904
33512,1,6.38885
33513,1,6.38866
33514,1,6.38846
33515,1,6.38827
33516,1,6.38808
33517,1,6.38789
33518,1,6.3877
33519,1,6.38751
33520,1,6.38732
33521,1,6.38713
33522,1,6.38694
33523,1,6.38675
33524,1,6.38656
33525,1,6.38637
33526,1,6.38618
33527,1,6.38599
33528,1,6.3858
33529,1,6.38561
33530,1,6.38542
33531,1,6.38523
33532,1,6.38504
33533,1,6.38484
33534,1,6.38465
33535,1,6.38446
33536,1,6.38427
33537,1,6.38408
33538,1,6.38389
33539,1,6.3837
33540,1,6.38351
33541,1,6.38332
33542,1,6.38313
33543,1,6.38294
33544,1,6.38275
33545,1,6.38256
33546,1,6.38237
33547,1,6.38218
33548,1,6.38199
33549,1,6.3818
33550,1,6.38161
33551,1,6.38142
33552,1,6.38123
33553,1,6.38104
33554,1,6.38085
33555,1,6.38066
33556,1,6.38047
33557,1,6.38028
33558,1,6.38009
33559,1,6.3799
33560,1,6.37971
33561,1,6.37952
33562,1,6.37933
33563,1,6.37914
33564,1,6.37895
33565,1,6.37876
33566,1,6.37857
33567,1,6.37838
33568,1,6.37819
33569,1,6.378
33570,1,6.37781
33571,1,6.37762
33572,1,6.37743
33573,1,6.37724
33574,1,6.37705
33575,1,6.37686
33576,1,6.37667
33577,1,6.37648
33578,1,6.37629
33579,1,6.3761
33580,1,6.37591
33581,1,6.37572
33582,1,6.37553
33583,1,6.37534
33584,1,6.37515
33585,1,6.37496
33586,1,6.37477
33587,1,6.37458
33588,1,6.37439
33589,1,6.3742
33590,1,6.37401
33591,1,6.37382
33592,1,6.37363
33593,1,6.37344
33594,1,6.37325
33595,1,6.37306
33596,1,6.37287
33597,1,6.37268
33598,1,6.37249
33599,1,6.3723
33600,1,6.37211
33601,1,6.37192
33602,1,6.37173
33603,1,6.37154
33604,1,6.37135
33605,1,6.37117
33606,1,6.37098
33607,1,6.37079
33608,1,6.3706
33609,1,6.37041
33610,1,6.37022
33611,1,6.37003
33612,1,6.36984
33613,1,6.36965
33614,1,6.36946
33615,1,6.36927
33616,1,6.36908
33617,1,6.36889
33618,1,6.3687
33619,1,6.36851
33620,1,6.36832
33621,1,6.36813
33622,1,6.36794
33623,1,6.36775
33624,1,6.36756
33625,1,6.36738
33626,1,6.36719
33627,1,6.367
33628,1,6.36681
33629,1,6.36662
33630,1,6.36643
33631,1,6.36624
33632,1,6.36605
33633,1,6.36586
33634,1,6.36567
33635,1,6.36548
33636,1,6.36529
33637,1,6.3651
33638,1,6.36491
33639,1,6.36473
33640,1,6.36454
33641,1,6.36435
33642,1,6.36416
33643,1,6.36397
33644,1,6.36378
33645,1,6.36359
33646,1,6.3634
33647,1,6.36321
33648,1,6.36302
33649,1,6.36283
33650,1,6.36264
33651,1,6.36246
33652,1,6.36227
33653,1,6.36208
33654,1,6.36189
33655,1,6.3617
33656,1,6.36151
33657,1,6.36132
33658,1,6.36113
33659,1,6.36094
33660,1,6.36075
33661,1,6.36057
33662,1,6.36038
33663,1,6.36019
33664,1,6.36
33665,1,6.35981
33666,1,6.35962
33667,1,6.35943
33668,1,6.35924
33669,1,6.35905
33670,1,6.35887
33671,1,6.35868
33672,1,6.35849
33673,1,6.3583
33674,1,6.35811
33675,1,6.35792
33676,1,6.35773
33677,1,6.35754
33678,1,6.35735
33679,1,6.35717
33680,1,6.35698
33681,1,6.35679
33682,1,6.3566
33683,1,6.35641
33684,1,6.35622
33685,1,6.35603
33686,1,6.35585
33687,1,6.35566
33688,1,6.35547
33689,1,6.35528
33690,1,6.35509
33691,1,6.3549
33692,1,6.35471
33693,1,6.35452
33694,1,6.35434
33695,1,6.35415
33696,1,6.35396
33697,1,6.35377
33698,1,6.35358
33699,1,6.35339
33700,1,6.3532
33701,1,6.35302
33702,1,6.35283
33703,1,6.35264
33704,1,6.35245
33705,1,6.35226
33706,1,6.35207
33707,1,6.35189
33708,1,6.3517
33709,1,6.35151
33710,1,6.35132
33711,1,6.35113
33712,1,6.35094
33713,1,6.35075
33714,1,6.35057
33715,1,6.35038
33716,1,6.35019
33717,1,6.35
33718,1,6.34981
33719,1,6.34962
33720,1,6.34944
33721,1,6.34925
33722,1,6.34906
33723,1,6.34887
33724,1,6.34868
33725,1,6.3485
33726,1,6.34831
33727,1,6.34812
33728,1,6.34793
33729,1,6.34774
33730,1,6.34755
33731,1,6.34737
33732,1,6.34718
33733,1,6.34699
33734,1,6.3468
33735,1,6.34661
33736,1,6.34643
33737,1,6.34624
33738,1,6.34605
33739,1,6.34586
33740,1,6.34567
33741,1,6.34548
33742,1,6.3453
33743,1,6.34511
33744,1,6.34492
33745,1,6.34473
33746,1,6.34454
33747,1,6.34436
33748,1,6.34417
33749,1,6.34398
33750,1,6.34379
33751,1,6.3436
33752,1,6.34342
33753,1,6.34323
33754,1,6.34304
33755,1,6.34285
33756,1,6.34267
33757,1,6.34248
33758,1,6.34229
33759,1,6.3421
33760,1,6.34191
33761,1,6.34173
33762,1,6.34154
33763,1,6.34135
33764,1,6.34116
33765,1,6.34097
33766,1,6.34079
33767,1,6.3406
33768,1,6.34041
33769,1,6.34022
33770,1,6.34004
33771,1,6.33985
33772,1,6.33966
33773,1,6.33947
33774,1,6.33928
33775,1,6.3391
33776,1,6.33891
33777,1,6.33872
33778,1,6.33853
33779,1,6.33835
33780,1,6.33816
33781,1,6.33797
33782,1,6.33778
33783,1,6.3376
33784,1,6.33741
33785,1,6.33722
33786,1,6.33703
33787,1,6.33685
33788,1,6.33666
33789,1,6.33647
33790,1,6.33628
33791,1,6.3361
33792,1,6.33591
33793,1,6.33572
33794,1,6.33553
33795,1,6.33535
33796,1,6.33516
33797,1,6.33497
33798,1,6.33478
33799,1,6.3346
33800,1,6.33441
33801,1,6.33422
33802,1,6.33403
33803,1,6.33385
33804,1,6.33366
33805,1,6.33347
33806,1,6.33328
33807,1,6.3331
33808,1,6.33291
33809,1,6.33272
33810,1,6.33253
33811,1,6.33235
33812,1,6.33216
33813,1,6.33197
33814,1,6.33179
33815,1,6.3316
33816,1,6.33141
33817,1,6.33122
33818,1,6.33104
33819,1,6.33085
33820,1,6.33066
33821,1,6.33048
33822,1,6.33029
33823,1,6.3301
33824,1,6.32991
33825,1,6.32973
33826,1,6.32954
33827,1,6.32935
33828,1,6.32917
33829,1,6.32898
33830,1,6.32879
33831,1,6.3286
33832,1,6.32842
33833,1,6.32823
33834,1,6.32804
33835,1,6.32786
33836,1,6.32767
33837,1,6.32748
33838,1,6.32729
33839,1,6.32711
33840,1,6.32692
33841,1,6.32673
33842,1,6.32655
33843,1,6.32636
33844,1,6.32617
33845,1,6.32599
33846,1,6.3258
33847,1,6.32561
33848,1,6.32543
33849,1,6.32524
33850,1,6.32505
33851,1,6.32486
33852,1,6.32468
33853,1,6.32449
33854,1,6.3243
33855,1,6.32412
33856,1,6.32393
33857,1,6.32374
33858,1,6.32356
33859,1,6.32337
33860,1,6.32318
33861,1,6.323
33862,1,6.32281
33863,1,6.32262
33864,1,6.32244
33865,1,6.32225
33866,1,6.32206
33867,1,6.32188
33868,1,6.32169
33869,1,6.3215
33870,1,6.32132
33871,1,6.32113
33872,1,6.32094
33873,1,6.32076
33874,1,6.32057
33875,1,6.32038
33876,1,6.3202
33877,1,6.32001
33878,1,6.31982
33879,1,6.31964
33880,1,6.31945
33881,1,6.31926
33882,1,6.31908
33883,1,6.31889
33884,1,6.3187
33885,1,6.31852
33886,1,6.31833
33887,1,6.31815
33888,1,6.31796
33889,1,6.31777
33890,1,6.31759
33891,1,6.3174
33892,1,6.31721
33893,1,6.31703
33894,1,6.31684
33895,1,6.31665
33896,1,6.31647
33897,1,6.31628
33898,1,6.3161
33899,1,6.31591
33900,1,6.31572
33901,1,6.31554
33902,1,6.31535
33903,1,6.31516
33904,1,6.31498
33905,1,6.31479
33906,1,6.31461
33907,1,6.31442
33908,1,6.31423
33909,1,6.31405
33910,1,6.31386
33911,1,6.31367
33912,1,6.31349
33913,1,6.3133
33914,1,6.31312
33915,1,6.31293
33916,1,6.31274
33917,1,6.31256
33918,1,6.31237
33919,1,6.31218
33920,1,6.312
33921,1,6.31181
33922,1,6.31163
33923,1,6.31144
33924,1,6.31125
33925,1,6.31107
33926,1,6.31088
33927,1,6.3107
33928,1,6.31051
33929,1,6.31032
33930,1,6.31014
33931,1,6.30995
33932,1,6.30977
33933,1,6.30958
33934,1,6.30939
33935,1,6.30921
33936,1,6.30902
33937,1,6.30884
33938,1,6.30865
33939,1,6.30847
33940,1,6.30828
33941,1,6.30809
33942,1,6.30791
33943,1,6.30772
33944,1,6.30754
33945,1,6.30735
33946,1,6.30716
33947,1,6.30698
33948,1,6.30679
33949,1,6.30661
33950,1,6.30642
33951,1,6.30624
33952,1,6.30605
33953,1,6.30586
33954,1,6.30568
33955,1,6.30549
33956,1,6.30531
33957,1,6.30512
33958,1,6.30494
33959,1,6.30475
33960,1,6.30456
33961,1,6.30438
33962,1,6.30419
33963,1,6.30401
33964,1,6.30382
33965,1,6.30364
33966,1,6.30345
33967,1,6.30326
33968,1,6.30308
33969,1,6.30289
33970,1,6.30271
33971,1,6.30252
33972,1,6.30234
33973,1,6.30215
33974,1,6.30197
33975,1,6.30178
33976,1,6.3016
33977,1,6.30141
33978,1,6.30122
33979,1,6.30104
33980,1,6.30085
33981,1,6.30067
33982,1,6.30048
33983,1,6.3003
33984,1,6.30011
33985,1,6.29993
33986,1,6.29974
33987,1,6.29956
33988,1,6.29937
33989,1,6.29919
33990,1,6.299
33991,1,6.29881
33992,1,6.29863
33993,1,6.29844
33994,1,6.29826
33995,1,6.29807
33996,1,6.29789
33997,1,6.2977
33998,1,6.29752
33999,1,6.29733
34000,1,6.29715
34001,1,6.29696
34002,1,6.29678
34003,1,6.29659
34004,1,6.29641
34005,1,6.29622
34006,1,6.29604
34007,1,6.29585
34008,1,6.29567
34009,1,6.29548
34010,1,6.2953
34011,1,6.29511
34012,1,6.29493
34013,1,6.29474
34014,1,6.29456
34015,1,6.29437
34016,1,6.29419
34017,1,6.294
34018,1,6.29382
34019,1,6.29363
34020,1,6.29345
34021,1,6.29326
34022,1,6.29308
34023,1,6.29289
34024,1,6.29271
34025,1,6.29252
34026,1,6.29234
34027,1,6.29215
34028,1,6.29197
34029,1,6.29178
34030,1,6.2916
34031,1,6.29141
34032,1,6.29123
34033,1,6.29104
34034,1,6.29086
34035,1,6.29067
34036,1,6.29049
34037,1,6.2903
34038,1,6.29012
34039,1,6.28993
34040,1,6.28975
34041,1,6.28956
34042,1,6.28938
34043,1,6.28919
34044,1,6.28901
34045,1,6.28882
34046,1,6.28864
34047,1,6.28845
34048,1,6.28827
34049,1,6.28808
34050,1,6.2879
34051,1,6.28772
34052,1,6.28753
34053,1,6.28735
34054,1,6.28716
34055,1,6.28698
34056,1,6.28679
34057,1,6.28661
34058,1,6.28642
34059,1,6.28624
34060,1,6.28605
34061,1,6.28587
34062,1,6.28568
34063,1,6.2855
34064,1,6.28532
34065,1,6.28513
34066,1,6.28495
34067,1,6.28476
34068,1,6.28458
34069,1,6.28439
34070,1,6.28421
34071,1,6.28402
34072,1,6.28384
34073,1,6.28366
34074,1,6.28347
34075,1,6.28329
34076,1,6.2831
34077,1,6.28292
34078,1,6.28273
34079,1,6.28255
34080,1,6.28237
34081,1,6.28218
34082,1,6.282
34083,1,6.28181
34084,1,6.28163
34085,1,6.28144
34086,1,6.28126
34087,1,6.28107
34088,1,6.28089
34089,1,6.28071
34090,1,6.28052
34091,1,6.28034
34092,1,6.28015
34093,1,6.27997
34094,1,6.27979
34095,1,6.2796
34096,1,6.27942
34097,1,6.27923
34098,1,6.27905
34099,1,6.27886
34100,1,6.27868
34101,1,6.2785
34102,1,6.27831
34103,1,6.27813
34104,1,6.27794
34105,1,6.27776
34106,1,6.27758
34107,1,6.27739
34108,1,6.27721
34109,1,6.27702
34110,1,6.27684
34111,1,6.27666
34112,1,6.27647
34113,1,6.27629
34114,1,6.2761
34115,1,6.27592
34116,1,6.27574
34117,1,6.27555
34118,1,6.27537
34119,1,6.27518
34120,1,6.275
34121,1,6.27482
34122,1,6.27463
34123,1,6.27445
34124,1,6.27426
34125,1,6.27408
34126,1,6.2739
34127,1,6.27371
34128,1,6.27353
34129,1,6.27335
34130,1,6.27316
34131,1,6.27298
34132,1,6.27279
34133,1,6.27261
34134,1,6.27243
34135,1,6.27224
34136,1,6.27206
34137,1,6.27188
34138,1,6.27169
34139,1,6.27151
34140,1,6.27132
34141,1,6.27114
34142,1,6.27096
34143,1,6.27077
34144,1,6.27059
34145,1,6.27041
34146,1,6.27022
34147,1,6.27004
34148,1,6.26985
34149,1,6.26967
34150,1,6.26949
34151,1,6.2693
34152,1,6.26912
34153,1,6.26894
34154,1,6.26875
34155,1,6.26857
34156,1,6.26839
34157,1,6.2682
34158,1,6.26802
34159,1,6.26784
34160,1,6.26765
34161,1,6.26747
34162,1,6.26729
34163,1,6.2671
34164,1,6.26692
34165,1,6.26673
34166,1,6.26655
34167,1,6.26637
34168,1,6.26618
34169,1,6.266
34170,1,6.26582
34171,1,6.26563
34172,1,6.26545
34173,1,6.26527
34174,1,6.26508
34175,1,6.2649
34176,1,6.26472
34177,1,6.26453
34178,1,6.26435
34179,1,6.26417
34180,1,6.26398
34181,1,6.2638
34182,1,6.26362
34183,1,6.26344
34184,1,6.26325
34185,1,6.26307
34186,1,6.26289
34187,1,6.2627
34188,1,6.26252
34189,1,6.26234
34190,1,6.26215
34191,1,6.26197
34192,1,6.26179
34193,1,6.2616
34194,1,6.26142
34195,1,6.26124
34196,1,6.26105
34197,1,6.26087
34198,1,6.26069
34199,1,6.2605
34200,1,6.26032
34201,1,6.26014
34202,1,6.25996
34203,1,6.25977
34204,1,6.25959
34205,1,6.25941
34206,1,6.25922
34207,1,6.25904
34208,1,6.25886
34209,1,6.25867
34210,1,6.25849
34211,1,6.25831
34212,1,6.25813
34213,1,6.25794
34214,1,6.25776
34215,1,6.25758
34216,1,6.25739
34217,1,6.25721
34218,1,6.25703
34219,1,6.25685
34220,1,6.25666
34221,1,6.25648
34222,1,6.2563
34223,1,6.25611
34224,1,6.25593
34225,1,6.25575
34226,1,6.25557
34227,1,6.25538
34228,1,6.2552
34229,1,6.25502
34230,1,6.25483
34231,1,6.25465
34232,1,6.25447
34233,1,6.25429
34234,1,6.2541
34235,1,6.25392
34236,1,6.25374
34237,1,6.25356
34238,1,6.25337
34239,1,6.25319
34240,1,6.25301
34241,1,6.25283
34242,1,6.25264
34243,1,6.25246
34244,1,6.25228
34245,1,6.2521
34246,1,6.25191
34247,1,6.25173
34248,1,6.25155
34249,1,6.25137
34250,1,6.25118
34251,1,6.251
34252,1,6.25082
34253,1,6.25063
34254,1,6.25045
34255,1,6.25027
34256,1,6.25009
34257,1,6.24991
34258,1,6.24972
34259,1,6.24954
34260,1,6.24936
34261,1,6.24918
34262,1,6.24899
34263,1,6.24881
34264,1,6.24863
34265,1,6.24845
34266,1,6.24826
34267,1,6.24808
34268,1,6.2479
34269,1,6.24772
34270,1,6.24753
34271,1,6.24735
34272,1,6.24717
34273,1,6.24699
34274,1,6.24681
34275,1,6.24662
34276,1,6.24644
34277,1,6.24626
34278,1,6.24608
34279,1,6.24589
34280,1,6.24571
34281,1,6.24553
34282,1,6.24535
34283,1,6.24517
34284,1,6.24498
34285,1,6.2448
34286,1,6.24462
34287,1,6.24444
34288,1,6.24425
34289,1,6.24407
34290,1,6.24389
34291,1,6.24371
34292,1,6.24353
34293,1,6.24334
34294,1,6.24316
34295,1,6.24298
34296,1,6.2428
34297,1,6.24262
34298,1,6.24243
34299,1,6.24225
34300,1,6.24207
34301,1,6.24189
34302,1,6.24171
34303,1,6.24152
34304,1,6.24134
34305,1,6.24116
34306,1,6.24098
34307,1,6.2408
34308,1,6.24061
34309,1,6.24043
34310,1,6.24025
34311,1,6.24007
34312,1,6.23989
34313,1,6.23971
34314,1,6.23952
34315,1,6.23934
34316,1,6.23916
34317,1,6.23898
34318,1,6.2388
34319,1,6.23861
34320,1,6.23843
34321,1,6.23825
34322,1,6.23807
34323,1,6.23789
34324,1,6.23771
34325,1,6.23752
34326,1,6.23734
34327,1,6.23716
34328,1,6.23698
34329,1,6.2368
34330,1,6.23662
34331,1,6.23643
34332,1,6.23625
34333,1,6.23607
34334,1,6.23589
34335,1,6.23571
34336,1,6.23553
34337,1,6.23534
34338,1,6.23516
34339,1,6.23498
34340,1,6.2348
34341,1,6.23462
34342,1,6.23444
34343,1,6.23425
34344,1,6.23407
34345,1,6.23389
34346,1,6.23371
34347,1,6.23353
34348,1,6.23335
34349,1,6.23317
34350,1,6.23298
34351,1,6.2328
34352,1,6.23262
34353,1,6.23244
34354,1,6.23226
34355,1,6.23208
34356,1,6.2319
34357,1,6.23171
34358,1,6.23153
34359,1,6.23135
34360,1,6.23117
34361,1,6.23099
34362,1,6.23081
34363,1,6.23063
34364,1,6.23044
34365,1,6.23026
34366,1,6.23008
34367,1,6.2299
34368,1,6.22972
34369,1,6.22954
34370,1,6.22936
34371,1,6.22918
34372,1,6.22899
34373,1,6.22881
34374,1,6.22863
34375,1,6.22845
34376,1,6.22827
34377,1,6.22809
34378,1,6.22791
34379,1,6.22773
34380,1,6.22755
34381,1,6.22736
34382,1,6.22718
34383,1,6.227
34384,1,6.22682
34385,1,6.22664
34386,1,6.22646
34387,1,6.22628
34388,1,6.2261
34389,1,6.22592
34390,1,6.22573
34391,1,6.22555
34392,1,6.22537
34393,1,6.22519
34394,1,6.22501
34395,1,6.22483
34396,1,6.22465
34397,1,6.22447
34398,1,6.22429
34399,1,6.22411
34400,1,6.22392
34401,1,6.22374
34402,1,6.22356
34403,1,6.22338
34404,1,6.2232
34405,1,6.22302
34406,1,6.22284
34407,1,6.22266
34408,1,6.22248
34409,1,6.2223
34410,1,6.22212
34411,1,6.22193
34412,1,6.22175
34413,1,6.22157
34414,1,6.22139
34415,1,6.22121
34416,1,6.22103
34417,1,6.22085
34418,1,6.22067
34419,1,6.22049
34420,1,6.22031
34421,1,6.22013
34422,1,6.21995
34423,1,6.21977
34424,1,6.21959
34425,1,6.2194
34426,1,6.21922
34427,1,6.21904
34428,1,6.21886
34429,1,6.21868
34430,1,6.2185
34431,1,6.21832
34432,1,6.21814
34433,1,6.21796
34434,1,6.21778
34435,1,6.2176
34436,1,6.21742
34437,1,6.21724
34438,1,6.21706
34439,1,6.21688
34440,1,6.2167
34441,1,6.21652
34442,1,6.21633
34443,1,6.21615
34444,1,6.21597
34445,1,6.21579
34446,1,6.21561
34447,1,6.21543
34448,1,6.21525
34449,1,6.21507
34450,1,6.21489
34451,1,6.21471
34452,1,6.21453
34453,1,6.21435
34454,1,6.21417
34455,1,6.21399
34456,1,6.21381
34457,1,6.21363
34458,1,6.21345
34459,1,6.21327
34460,1,6.21309
34461,1,6.21291
34462,1,6.21273
34463,1,6.21255
34464,1,6.21237
34465,1,6.21219
34466,1,6.21201
34467,1,6.21183
34468,1,6.21165
34469,1,6.21147
34470,1,6.21129
34471,1,6.2111
34472,1,6.21092
34473,1,6.21074
34474,1,6.21056
34475,1,6.21038
34476,1,6.2102
34477,1,6.21002
34478,1,6.20984
34479,1,6.20966
34480,1,6.20948
34481,1,6.2093
34482,1,6.20912
34483,1,6.20894
34484,1,6.20876
34485,1,6.20858
34486,1,6.2084
34487,1,6.20822
34488,1,6.20804
34489,1,6.20786
34490,1,6.20768
34491,1,6.2075
34492,1,6.20732
34493,1,6.20714
34494,1,6.20696
34495,1,6.20678
34496,1,6.2066
34497,1,6.20642
34498,1,6.20624
34499,1,6.20606
34500,1,6.20588
34501,1,6.2057
34502,1,6.20552
34503,1,6.20534
34504,1,6.20516
34505,1,6.20498
34506,1,6.2048
34507,1,6.20463
34508,1,6.20445
34509,1,6.20427
34510,1,6.20409
34511,1,6.20391
34512,1,6.20373
34513,1,6.20355
34514,1,6.20337
34515,1,6.20319
34516,1,6.20301
34517,1,6.20283
34518,1,6.20265
34519,1,6.20247
34520,1,6.20229
34521,1,6.20211
34522,1,6.20193
34523,1,6.20175
34524,1,6.20157
34525,1,6.20139
34526,1,6.20121
34527,1,6.20103
34528,1,6.20085
34529,1,6.20067
34530,1,6.20049
34531,1,6.20031
34532,1,6.20013
34533,1,6.19995
34534,1,6.19977
34535,1,6.19959
34536,1,6.19942
34537,1,6.19924
34538,1,6.19906
34539,1,6.19888
34540,1,6.1987
34541,1,6.19852
34542,1,6.19834
34543,1,6.19816
34544,1,6.19798
34545,1,6.1978
34546,1,6.19762
34547,1,6.19744
34548,1,6.19726
34549,1,6.19708
34550,1,6.1969
34551,1,6.19672
34552,1,6.19654
34553,1,6.19637
34554,1,6.19619
34555,1,6.19601
34556,1,6.19583
34557,1,6.19565
34558,1,6.19547
34559,1,6.19529
34560,1,6.19511
34561,1,6.19493
34562,1,6.19475
34563,1,6.19457
34564,1,6.19439
34565,1,6.19421
34566,1,6.19403
34567,1,6.19386
34568,1,6.19368
34569,1,6.1935
34570,1,6.19332
34571,1,6.19314
34572,1,6.19296
34573,1,6.19278
34574,1,6.1926
34575,1,6.19242
34576,1,6.19224
34577,1,6.19206
34578,1,6.19189
34579,1,6.19171
34580,1,6.19153
34581,1,6.19135
34582,1,6.19117
34583,1,6.19099
34584,1,6.19081
34585,1,6.19063
34586,1,6.19045
34587,1,6.19027
34588,1,6.19009
34589,1,6.18992
34590,1,6.18974
34591,1,6.18956
34592,1,6.18938
34593,1,6.1892
34594,1,6.18902
34595,1,6.18884
34596,1,6.18866
34597,1,6.18848
34598,1,6.18831
34599,1,6.18813
34600,1,6.18795
34601,1,6.18777
34602,1,6.18759
34603,1,6.18741
34604,1,6.18723
34605,1,6.18705
34606,1,6.18688
34607,1,6.1867
34608,1,6.18652
34609,1,6.18634
34610,1,6.18616
34611,1,6.18598
34612,1,6.1858
34613,1,6.18562
34614,1,6.18545
34615,1,6.18527
34616,1,6.18509
34617,1,6.18491
34618,1,6.18473
34619,1,6.18455
34620,1,6.18437
34621,1,6.18419
34622,1,6.18402
34623,1,6.18384
34624,1,6.18366
34625,1,6.18348
34626,1,6.1833
34627,1,6.18312
34628,1,6.18294
34629,1,6.18277
34630,1,6.18259
34631,1,6.18241
34632,1,6.18223
34633,1,6.18205
34634,1,6.18187
34635,1,6.18169
34636,1,6.18152
34637,1,6.18134
34638,1,6.18116
34639,1,6.18098
34640,1,6.1808
34641,1,6.18062
34642,1,6.18045
34643,1,6.18027
34644,1,6.18009
34645,1,6.17991
34646,1,6.17973
34647,1,6.17955
34648,1,6.17938
34649,1,6.1792
34650,1,6.17902
34651,1,6.17884
34652,1,6.17866
34653,1,6.17848
34654,1,6.17831
34655,1,6.17813
34656,1,6.17795
34657,1,6.17777
34658,1,6.17759
34659,1,6.17741
34660,1,6.17724
34661,1,6.17706
34662,1,6.17688
34663,1,6.1767
34664,1,6.17652
34665,1,6.17635
34666,1,6.17617
34667,1,6.17599
34668,1,6.17581
34669,1,6.17563
34670,1,6.17545
34671,1,6.17528
34672,1,6.1751
34673,1,6.17492
34674,1,6.17474
34675,1,6.17456
34676,1,6.17439
34677,1,6.17421
34678,1,6.17403
34679,1,6.17385
34680,1,6.17367
34681,1,6.1735
34682,1,6.17332
34683,1,6.17314
34684,1,6.17296
34685,1,6.17278
34686,1,6.17261
34687,1,6.17243
34688,1,6.17225
34689,1,6.17207
34690,1,6.17189
34691,1,6.17172
34692,1,6.17154
34693,1,6.17136
34694,1,6.17118
34695,1,6.171
34696,1,6.17083
34697,1,6.17065
34698,1,6.17047
34699,1,6.17029
34700,1,6.17012
34701,1,6.16994
34702,1,6.16976
34703,1,6.16958
34704,1,6.1694
34705,1,6.16923
34706,1,6.16905
34707,1,6.16887
34708,1,6.16869
34709,1,6.16852
34710,1,6.16834
34711,1,6.16816
34712,1,6.16798
34713,1,6.1678
34714,1,6.16763
34715,1,6.16745
34716,1,6.16727
34717,1,6.16709
34718,1,6.16692
34719,1,6.16674
34720,1,6.16656
34721,1,6.16638
34722,1,6.16621
34723,1,6.16603
34724,1,6.16585
34725,1,6.16567
34726,1,6.1655
34727,1,6.16532
34728,1,6.16514
34729,1,6.16496
34730,1,6.16479
34731,1,6.16461
34732,1,6.16443
34733,1,6.16425
34734,1,6.16408
34735,1,6.1639
34736,1,6.16372
34737,1,6.16354
34738,1,6.16337
34739,1,6.16319
34740,1,6.16301
34741,1,6.16283
34742,1,6.16266
34743,1,6.16248
34744,1,6.1623
34745,1,6.16212
34746,1,6.16195
34747,1,6.16177
34748,1,6.16159
34749,1,6.16141
34750,1,6.16124
34751,1,6.16106
34752,1,6.16088
34753,1,6.16071
34754,1,6.16053
34755,1,6.16035
34756,1,6.16017
34757,1,6.16
34758,1,6.15982
34759,1,6.15964
34760,1,6.15946
34761,1,6.15929
34762,1,6.15911
34763,1,6.15893
34764,1,6.15876
34765,1,6.15858
34766,1,6.1584
34767,1,6.15822
34768,1,6.15805
34769,1,6.15787
34770,1,6.15769
34771,1,6.15752
34772,1,6.15734
34773,1,6.15716
34774,1,6.15699
34775,1,6.15681
34776,1,6.15663
34777,1,6.15645
34778,1,6.15628
34779,1,6.1561
34780,1,6.15592
34781,1,6.15575
34782,1,6.15557
34783,1,6.15539
34784,1,6.15522
34785,1,6.15504
34786,1,6.15486
34787,1,6.15468
34788,1,6.15451
34789,1,6.15433
34790,1,6.15415
34791,1,6.15398
34792,1,6.1538
34793,1,6.15362
34794,1,6.15345
34795,1,6.15327
34796,1,6.15309
34797,1,6.15292
34798,1,6.15274
34799,1,6.15256
34800,1,6.15239
34801,1,6.15221
34802,1,6.15203
34803,1,6.15185
34804,1,6.15168
34805,1,6.1515
34806,1,6.15132
34807,1,6.15115
34808,1,6.15097
34809,1,6.15079
34810,1,6.15062
34811,1,6.15044
34812,1,6.15026
34813,1,6.15009
34814,1,6.14991
34815,1,6.14973
34816,1,6.14956
34817,1,6.14938
34818,1,6.1492
34819,1,6.14903
34820,1,6.14885
34821,1,6.14867
34822,1,6.1485
34823,1,6.14832
34824,1,6.14814
34825,1,6.14797
34826,1,6.14779
34827,1,6.14762
34828,1,6.14744
34829,1,6.14726
34830,1,6.14709
34831,1,6.14691
34832,1,6.14673
34833,1,6.14656
34834,1,6.14638
34835,1,6.1462
34836,1,6.14603
34837,1,6.14585
34838,1,6.14567
34839,1,6.1455
34840,1,6.14532
34841,1,6.14515
34842,1,6.14497
34843,1,6.14479
34844,1,6.14462
34845,1,6.14444
34846,1,6.14426
34847,1,6.14409
34848,1,6.14391
34849,1,6.14373
34850,1,6.14356
34851,1,6.14338
34852,1,6.14321
34853,1,6.14303
34854,1,6.14285
34855,1,6.14268
34856,1,6.1425
34857,1,6.14232
34858,1,6.14215
34859,1,6.14197
34860,1,6.1418
34861,1,6.14162
34862,1,6.14144
34863,1,6.14127
34864,1,6.14109
34865,1,6.14091
34866,1,6.14074
34867,1,6.14056
34868,1,6.14039
34869,1,6.14021
34870,1,6.14003
34871,1,6.13986
34872,1,6.13968
34873,1,6.13951
34874,1,6.13933
34875,1,6.13915
34876,1,6.13898
34877,1,6.1388
34878,1,6.13863
34879,1,6.13845
34880,1,6.13827
34881,1,6.1381
34882,1,6.13792
34883,1,6.13775
34884,1,6.13757
34885,1,6.13739
34886,1,6.13722
34887,1,6.13704
34888,1,6.13687
34889,1,6.13669
34890,1,6.13651
34891,1,6.13634
34892,1,6.13616
34893,1,6.13599
34894,1,6.13581
34895,1,6.13564
34896,1,6.13546
34897,1,6.13528
34898,1,6.13511
34899,1,6.13493
34900,1,6.13476
34901,1,6.13458
34902,1,6.1344
34903,1,6.13423
34904,1,6.13405
34905,1,6.13388
34906,1,6.1337
34907,1,6.13353
34908,1,6.13335
34909,1,6.13317
34910,1,6.133
34911,1,6.13282
34912,1,6.13265
34913,1,6.13247
34914,1,6.1323
34915,1,6.13212
34916,1,6.13195
34917,1,6.13177
34918,1,6.13159
34919,1,6.13142
34920,1,6.13124
34921,1,6.13107
34922,1,6.13089
34923,1,6.13072
34924,1,6.13054
34925,1,6.13037
34926,1,6.13019
34927,1,6.13001
34928,1,6.12984
34929,1,6.12966
34930,1,6.12949
34931,1,6.12931
34932,1,6.12914
34933,1,6.12896
34934,1,6.12879
34935,1,6.12861
34936,1,6.12843
34937,1,6.12826
34938,1,6.12808
34939,1,6.12791
34940,1,6.12773
34941,1,6.12756
34942,1,6.12738
34943,1,6.12721
34944,1,6.12703
34945,1,6.12686
34946,1,6.12668
34947,1,6.12651
34948,1,6.12633
34949,1,6.12616
34950,1,6.12598
34951,1,6.1258
34952,1,6.12563
34953,1,6.12545
34954,1,6.12528
34955,1,6.1251
34956,1,6.12493
34957,1,6.12475
34958,1,6.12458
34959,1,6.1244
34960,1,6.12423
34961,1,6.12405
34962,1,6.12388
34963,1,6.1237
34964,1,6.12353
34965,1,6.12335
34966,1,6.12318
34967,1,6.123
34968,1,6.12283
34969,1,6.12265
34970,1,6.12248
34971,1,6.1223
34972,1,6.12213
34973,1,6.12195
34974,1,6.12178
34975,1,6.1216
34976,1,6.12143
34977,1,6.12125
34978,1,6.12108
34979,1,6.1209
34980,1,6.12073
34981,1,6.12055
34982,1,6.12038
34983,1,6.1202
34984,1,6.12003
34985,1,6.11985
34986,1,6.11968
34987,1,6.1195
34988,1,6.11933
34989,1,6.11915
34990,1,6.11898
34991,1,6.1188
34992,1,6.11863
34993,1,6.11845
34994,1,6.11828
34995,1,6.1181
34996,1,6.11793
34997,1,6.11775
34998,1,6.11758
34999,1,6.1174
35000,1,6.11723
35001,1,6.11705
35002,1,6.11688
35003,1,6.1167
35004,1,6.11653
35005,1,6.11635
35006,1,6.11618
35007,1,6.11601
35008,1,6.11583
35009,1,6.11566
35010,1,6.11548
35011,1,6.11531
35012,1,6.11513
35013,1,6.11496
35014,1,6.11478
35015,1,6.11461
35016,1,6.11443
35017,1,6.11426
35018,1,6.11408
35019,1,6.11391
35020,1,6.11374
35021,1,6.11356
35022,1,6.11339
35023,1,6.11321
35024,1,6.11304
35025,1,6.11286
35026,1,6.11269
35027,1,6.11251
35028,1,6.11234
35029,1,6.11216
35030,1,6.11199
35031,1,6.11182
35032,1,6.11164
35033,1,6.11147
35034,1,6.11129
35035,1,6.11112
35036,1,6.11094
35037,1,6.11077
35038,1,6.11059
35039,1,6.11042
35040,1,6.11025
35041,1,6.11007
35042,1,6.1099
35043,1,6.10972
35044,1,6.10955
35045,1,6.10937
35046,1,6.1092
35047,1,6.10903
35048,1,6.10885
35049,1,6.10868
35050,1,6.1085
35051,1,6.10833
35052,1,6.10815
35053,1,6.10798
35054,1,6.10781
35055,1,6.10763
35056,1,6.10746
35057,1,6.10728
35058,1,6.10711
35059,1,6.10693
35060,1,6.10676
35061,1,6.10659
35062,1,6.10641
35063,1,6.10624
35064,1,6.10606
35065,1,6.10589
35066,1,6.10571
35067,1,6.10554
35068,1,6.10537
35069,1,6.10519
35070,1,6.10502
35071,1,6.10484
35072,1,6.10467
35073,1,6.1045
35074,1,6.10432
35075,1,6.10415
35076,1,6.10397
35077,1,6.1038
35078,1,6.10363
35079,1,6.10345
35080,1,6.10328
35081,1,6.1031
35082,1,6.10293
35083,1,6.10276
35084,1,6.10258
35085,1,6.10241
35086,1,6.10223
35087,1,6.10206
35088,1,6.10189
35089,1,6.10171
35090,1,6.10154
35091,1,6.10137
35092,1,6.10119
35093,1,6.10102
35094,1,6.10084
35095,1,6.10067
35096,1,6.1005
35097,1,6.10032
35098,1,6.10015
35099,1,6.09997
35100,1,6.0998
35101,1,6.09963
35102,1,6.09945
35103,1,6.09928
35104,1,6.09911
35105,1,6.09893
35106,1,6.09876
35107,1,6.09858
35108,1,6.09841
35109,1,6.09824
35110,1,6.09806
35111,1,6.09789
35112,1,6.09772
35113,1,6.09754
35114,1,6.09737
35115,1,6.09719
35116,1,6.09702
35117,1,6.09685
35118,1,6.09667
35119,1,6.0965
35120,1,6.09633
35121,1,6.09615
35122,1,6.09598
35123,1,6.09581
35124,1,6.09563
35125,1,6.09546
35126,1,6.09529
35127,1,6.09511
35128,1,6.09494
35129,1,6.09477
35130,1,6.09459
35131,1,6.09442
35132,1,6.09424
35133,1,6.09407
35134,1,6.0939
35135,1,6.09372
35136,1,6.09355
35137,1,6.09338
35138,1,6.0932
35139,1,6.09303
35140,1,6.09286
35141,1,6.09268
35142,1,6.09251
35143,1,6.09234
35144,1,6.09216
35145,1,6.09199
35146,1,6.09182
35147,1,6.09164
35148,1,6.09147
35149,1,6.0913
35150,1,6.09112
35151,1,6.09095
35152,1,6.09078
35153,1,6.0906
35154,1,6.09043
35155,1,6.09026
35156,1,6.09008
35157,1,6.08991
35158,1,6.08974
35159,1,6.08956
35160,1,6.08939
35161,1,6.08922
35162,1,6.08904
35163,1,6.08887
35164,1,6.0887
35165,1,6.08853
35166,1,6.08835
35167,1,6.08818
35168,1,6.08801
35169,1,6.08783
35170,1,6.08766
35171,1,6.08749
35172,1,6.08731
35173,1,6.08714
35174,1,6.08697
35175,1,6.08679
35176,1,6.08662
35177,1,6.08645
35178,1,6.08628
35179,1,6.0861
35180,1,6.08593
35181,1,6.08576
35182,1,6.08558
35183,1,6.08541
35184,1,6.08524
35185,1,6.08506
35186,1,6.08489
35187,1,6.08472
35188,1,6.08455
35189,1,6.08437
35190,1,6.0842
35191,1,6.08403
35192,1,6.08385
35193,1,6.08368
35194,1,6.08351
35195,1,6.08334
35196,1,6.08316
35197,1,6.08299
35198,1,6.08282
35199,1,6.08264
35200,1,6.08247
35201,1,6.0823
35202,1,6.08213
35203,1,6.08195
35204,1,6.08178
35205,1,6.08161
35206,1,6.08143
35207,1,6.08126
35208,1,6.08109
35209,1,6.08092
35210,1,6.08074
35211,1,6.08057
35212,1,6.0804
35213,1,6.08023
35214,1,6.08005
35215,1,6.07988
35216,1,6.07971
35217,1,6.07954
35218,1,6.07936
35219,1,6.07919
35220,1,6.07902
35221,1,6.07885
35222,1,6.07867
35223,1,6.0785
35224,1,6.07833
35225,1,6.07815
35226,1,6.07798
35227,1,6.07781
35228,1,6.07764
35229,1,6.07746
35230,1,6.07729
35231,1,6.07712
35232,1,6.07695
35233,1,6.07677
35234,1,6.0766
35235,1,6.07643
35236,1,6.07626
35237,1,6.07608
35238,1,6.07591
35239,1,6.07574
35240,1,6.07557
35241,1,6.0754
35242,1,6.07522
35243,1,6.07505
35244,1,6.07488
35245,1,6.07471
35246,1,6.07453
35247,1,6.07436
35248,1,6.07419
35249,1,6.07402
35250,1,6.07384
35251,1,6.07367
35252,1,6.0735
35253,1,6.07333
35254,1,6.07315
35255,1,6.07298
35256,1,6.07281
35257,1,6.07264
35258,1,6.07247
35259,1,6.07229
35260,1,6.07212
35261,1,6.07195
35262,1,6.07178
35263,1,6.0716
35264,1,6.07143
35265,1,6.07126
35266,1,6.07109
35267,1,6.07092
35268,1,6.07074
35269,1,6.07057
35270,1,6.0704
35271,1,6.07023
35272,1,6.07006
35273,1,6.06988
35274,1,6.06971
35275,1,6.06954
35276,1,6.06937
35277,1,6.0692
35278,1,6.06902
35279,1,6.06885
35280,1,6.06868
35281,1,6.06851
35282,1,6.06834
35283,1,6.06816
35284,1,6.06799
35285,1,6.06782
35286,1,6.06765
35287,1,6.06748
35288,1,6.0673
35289,1,6.06713
35290,1,6.06696
35291,1,6.06679
35292,1,6.06662
35293,1,6.06644
35294,1,6.06627
35295,1,6.0661
35296,1,6.06593
35297,1,6.06576
35298,1,6.06558
35299,1,6.06541
35300,1,6.06524
35301,1,6.06507
35302,1,6.0649
35303,1,6.06473
35304,1,6.06455
35305,1,6.06438
35306,1,6.06421
35307,1,6.06404
35308,1,6.06387
35309,1,6.06369
35310,1,6.06352
35311,1,6.06335
35312,1,6.06318
35313,1,6.06301
35314,1,6.06284
35315,1,6.06266
35316,1,6.06249
35317,1,6.06232
35318,1,6.06215
35319,1,6.06198
35320,1,6.06181
35321,1,6.06163
35322,1,6.06146
35323,1,6.06129
35324,1,6.06112
35325,1,6.06095
35326,1,6.06078
35327,1,6.06061
35328,1,6.06043
35329,1,6.06026
35330,1,6.06009
35331,1,6.05992
35332,1,6.05975
35333,1,6.05958
35334,1,6.0594
35335,1,6.05923
35336,1,6.05906
35337,1,6.05889
35338,1,6.05872
35339,1,6.05855
35340,1,6.05838
35341,1,6.0582
35342,1,6.05803
35343,1,6.05786
35344,1,6.05769
35345,1,6.05752
35346,1,6.05735
35347,1,6.05718
35348,1,6.057
35349,1,6.05683
35350,1,6.05666
35351,1,6.05649
35352,1,6.05632
35353,1,6.05615
35354,1,6.05598
35355,1,6.05581
35356,1,6.05563
35357,1,6.05546
35358,1,6.05529
35359,1,6.05512
35360,1,6.05495
35361,1,6.05478
35362,1,6.05461
35363,1,6.05444
35364,1,6.05426
35365,1,6.05409
35366,1,6.05392
35367,1,6.05375
35368,1,6.05358
35369,1,6.05341
35370,1,6.05324
35371,1,6.05307
35372,1,6.05289
35373,1,6.05272
35374,1,6.05255
35375,1,6.05238
35376,1,6.05221
35377,1,6.05204
35378,1,6.05187
35379,1,6.0517
35380,1,6.05153
35381,1,6.05136
35382,1,6.05118
35383,1,6.05101
35384,1,6.05084
35385,1,6.05067
35386,1,6.0505
35387,1,6.05033
35388,1,6.05016
35389,1,6.04999
35390,1,6.04982
35391,1,6.04965
35392,1,6.04947
35393,1,6.0493
35394,1,6.04913
35395,1,6.04896
35396,1,6.04879
35397,1,6.04862
35398,1,6.04845
35399,1,6.04828
35400,1,6.04811
35401,1,6.04794
35402,1,6.04777
35403,1,6.04759
35404,1,6.04742
35405,1,6.04725
35406,1,6.04708
35407,1,6.04691
35408,1,6.04674
35409,1,6.04657
35410,1,6.0464
35411,1,6.04623
35412,1,6.04606
35413,1,6.04589
35414,1,6.04572
35415,1,6.04555
35416,1,6.04537
35417,1,6.0452
35418,1,6.04503
35419,1,6.04486
35420,1,6.04469
35421,1,6.04452
35422,1,6.04435
35423,1,6.04418
35424,1,6.04401
35425,1,6.04384
35426,1,6.04367
35427,1,6.0435
35428,1,6.04333
35429,1,6.04316
35430,1,6.04299
35431,1,6.04282
35432,1,6.04265
35433,1,6.04247
35434,1,6.0423
35435,1,6.04213
35436,1,6.04196
35437,1,6.04179
35438,1,6.04162
35439,1,6.04145
35440,1,6.04128
35441,1,6.04111
35442,1,6.04094
35443,1,6.04077
35444,1,6.0406
35445,1,6.04043
35446,1,6.04026
35447,1,6.04009
35448,1,6.03992
35449,1,6.03975
35450,1,6.03958
35451,1,6.03941
35452,1,6.03924
35453,1,6.03907
35454,1,6.0389
35455,1,6.03873
35456,1,6.03855
35457,1,6.03838
35458,1,6.03821
35459,1,6.03804
35460,1,6.03787
35461,1,6.0377
35462,1,6.03753
35463,1,6.03736
35464,1,6.03719
35465,1,6.03702
35466,1,6.03685
35467,1,6.03668
35468,1,6.03651
35469,1,6.03634
35470,1,6.03617
35471,1,6.036
35472,1,6.03583
35473,1,6.03566
35474,1,6.03549
35475,1,6.03532
35476,1,6.03515
35477,1,6.03498
35478,1,6.03481
35479,1,6.03464
35480,1,6.03447
35481,1,6.0343
35482,1,6.03413
35483,1,6.03396
35484,1,6.03379
35485,1,6.03362
35486,1,6.03345
35487,1,6.03328
35488,1,6.03311
35489,1,6.03294
35490,1,6.03277
35491,1,6.0326
35492,1,6.03243
35493,1,6.03226
35494,1,6.03209
35495,1,6.03192
35496,1,6.03175
35497,1,6.03158
35498,1,6.03141
35499,1,6.03124
35500,1,6.03107
35501,1,6.0309
35502,1,6.03073
35503,1,6.03056
35504,1,6.03039
35505,1,6.03022
35506,1,6.03005
35507,1,6.02988
35508,1,6.02971
35509,1,6.02954
35510,1,6.02937
35511,1,6.0292
35512,1,6.02903
35513,1,6.02886
35514,1,6.02869
35515,1,6.02852
35516,1,6.02835
35517,1,6.02818
35518,1,6.02801
35519,1,6.02784
35520,1,6.02767
35521,1,6.0275
35522,1,6.02734
35523,1,6.02717
35524,1,6.027
35525,1,6.02683
35526,1,6.02666
35527,1,6.02649
35528,1,6.02632
35529,1,6.02615
35530,1,6.02598
35531,1,6.02581
35532,1,6.02564
35533,1,6.02547
35534,1,6.0253
35535,1,6.02513
35536,1,6.02496
35537,1,6.02479
35538,1,6.02462
35539,1,6.02445
35540,1,6.02428
35541,1,6.02411
35542,1,6.02394
35543,1,6.02377
35544,1,6.0236
35545,1,6.02344
35546,1,6.02327
35547,1,6.0231
35548,1,6.02293
35549,1,6.02276
35550,1,6.02259
35551,1,6.02242
35552,1,6.02225
35553,1,6.02208
35554,1,6.02191
35555,1,6.02174
35556,1,6.02157
35557,1,6.0214
35558,1,6.02123
35559,1,6.02106
35560,1,6.02089
35561,1,6.02072
35562,1,6.02056
35563,1,6.02039
35564,1,6.02022
35565,1,6.02005
35566,1,6.01988
35567,1,6.01971
35568,1,6.01954
35569,1,6.01937
35570,1,6.0192
35571,1,6.01903
35572,1,6.01886
35573,1,6.01869
35574,1,6.01852
35575,1,6.01836
35576,1,6.01819
35577,1,6.01802
35578,1,6.01785
35579,1,6.01768
35580,1,6.01751
35581,1,6.01734
35582,1,6.01717
35583,1,6.017
35584,1,6.01683
35585,1,6.01666
35586,1,6.0165
35587,1,6.01633
35588,1,6.01616
35589,1,6.01599
35590,1,6.01582
35591,1,6.01565
35592,1,6.01548
35593,1,6.01531
35594,1,6.01514
35595,1,6.01497
35596,1,6.01481
35597,1,6.01464
35598,1,6.01447
35599,1,6.0143
35600,1,6.01413
35601,1,6.01396
35602,1,6.01379
35603,1,6.01362
35604,1,6.01345
35605,1,6.01328
35606,1,6.01312
35607,1,6.01295
35608,1,6.01278
35609,1,6.01261
35610,1,6.01244
35611,1,6.01227
35612,1,6.0121
35613,1,6.01193
35614,1,6.01177
35615,1,6.0116
35616,1,6.01143
35617,1,6.01126
35618,1,6.01109
35619,1,6.01092
35620,1,6.01075
35621,1,6.01058
35622,1,6.01041
35623,1,6.01025
35624,1,6.01008
35625,1,6.00991
35626,1,6.00974
35627,1,6.00957
35628,1,6.0094
35629,1,6.00923
35630,1,6.00907
35631,1,6.0089
35632,1,6.00873
35633,1,6.00856
35634,1,6.00839
35635,1,6.00822
35636,1,6.00805
35637,1,6.00789
35638,1,6.00772
35639,1,6.00755
35640,1,6.00738
35641,1,6.00721
35642,1,6.00704
35643,1,6.00687
35644,1,6.00671
35645,1,6.00654
35646,1,6.00637
35647,1,6.0062
35648,1,6.00603
35649,1,6.00586
35650,1,6.00569
35651,1,6.00553
35652,1,6.00536
35653,1,6.00519
35654,1,6.00502
35655,1,6.00485
35656,1,6.00468
35657,1,6.00452
35658,1,6.00435
35659,1,6.00418
35660,1,6.00401
35661,1,6.00384
35662,1,6.00367
35663,1,6.00351
35664,1,6.00334
35665,1,6.00317
35666,1,6.003
35667,1,6.00283
35668,1,6.00266
35669,1,6.0025
35670,1,6.00233
35671,1,6.00216
35672,1,6.00199
35673,1,6.00182
35674,1,6.00165
35675,1,6.00149
35676,1,6.00132
35677,1,6.00115
35678,1,6.00098
35679,1,6.00081
35680,1,6.00064
35681,1,6.00048
35682,1,6.00031
35683,1,6.00014
35684,1,5.99997
35685,1,5.9998
35686,1,5.99964
35687,1,5.99947
35688,1,5.9993
35689,1,5.99913
35690,1,5.99896
35691,1,5.9988
35692,1,5.99863
35693,1,5.99846
35694,1,5.99829
35695,1,5.99812
35696,1,5.99795
35697,1,5.99779
35698,1,5.99762
35699,1,5.99745
35700,1,5.99728
35701,1,5.99711
35702,1,5.99695
35703,1,5.99678
35704,1,5.99661
35705,1,5.99644
35706,1,5.99628
35707,1,5.99611
35708,1,5.99594
35709,1,5.99577
35710,1,5.9956
35711,1,5.99544
35712,1,5.99527
35713,1,5.9951
35714,1,5.99493
35715,1,5.99476
35716,1,5.9946
35717,1,5.99443
35718,1,5.99426
35719,1,5.99409
35720,1,5.99392
35721,1,5.99376
35722,1,5.99359
35723,1,5.99342
35724,1,5.99325
35725,1,5.99309
35726,1,5.99292
35727,1,5.99275
35728,1,5.99258
35729,1,5.99242
35730,1,5.99225
35731,1,5.99208
35732,1,5.99191
35733,1,5.99174
35734,1,5.99158
35735,1,5.99141
35736,1,5.99124
35737,1,5.99107
35738,1,5.99091
35739,1,5.99074
35740,1,5.99057
35741,1,5.9904
35742,1,5.99024
35743,1,5.99007
35744,1,5.9899
35745,1,5.98973
35746,1,5.98957
35747,1,5.9894
35748,1,5.98923
35749,1,5.98906
35750,1,5.9889
35751,1,5.98873
35752,1,5.98856
35753,1,5.98839
35754,1,5.98823
35755,1,5.98806
35756,1,5.98789
35757,1,5.98772
35758,1,5.98756
35759,1,5.98739
35760,1,5.98722
35761,1,5.98705
35762,1,5.98689
35763,1,5.98672
35764,1,5.98655
35765,1,5.98638
35766,1,5.98622
35767,1,5.98605
35768,1,5.98588
35769,1,5.98571
35770,1,5.98555
35771,1,5.98538
35772,1,5.98521
35773,1,5.98504
35774,1,5.98488
35775,1,5.98471
35776,1,5.98454
35777,1,5.98438
35778,1,5.98421
35779,1,5.98404
35780,1,5.98387
35781,1,5.98371
35782,1,5.98354
35783,1,5.98337
35784,1,5.9832
35785,1,5.98304
35786,1,5.98287
35787,1,5.9827
35788,1,5.98254
35789,1,5.98237
35790,1,5.9822
35791,1,5.98203
35792,1,5.98187
35793,1,5.9817
35794,1,5.98153
35795,1,5.98137
35796,1,5.9812
35797,1,5.98103
35798,1,5.98086
35799,1,5.9807
35800,1,5.98053
35801,1,5.98036
35802,1,5.9802
35803,1,5.98003
35804,1,5.97986
35805,1,5.9797
35806,1,5.97953
35807,1,5.97936
35808,1,5.97919
35809,1,5.97903
35810,1,5.97886
35811,1,5.97869
35812,1,5.97853
35813,1,5.97836
35814,1,5.97819
35815,1,5.97803
35816,1,5.97786
35817,1,5.97769
35818,1,5.97753
35819,1,5.97736
35820,1,5.97719
35821,1,5.97702
35822,1,5.97686
35823,1,5.97669
35824,1,5.97652
35825,1,5.97636
35826,1,5.97619
35827,1,5.97602
35828,1,5.97586
35829,1,5.97569
35830,1,5.97552
35831,1,5.97536
35832,1,5.97519
35833,1,5.97502
35834,1,5.97486
35835,1,5.97469
35836,1,5.97452
35837,1,5.97436
35838,1,5.97419
35839,1,5.97402
35840,1,5.97386
35841,1,5.97369
35842,1,5.97352
35843,1,5.97336
35844,1,5.97319
35845,1,5.97302
35846,1,5.97286
35847,1,5.97269
35848,1,5.97252
35849,1,5.97236
35850,1,5.97219
35851,1,5.97202
35852,1,5.97186
35853,1,5.97169
35854,1,5.97152
35855,1,5.97136
35856,1,5.97119
35857,1,5.97102
35858,1,5.97086
35859,1,5.97069
35860,1,5.97052
35861,1,5.97036
35862,1,5.97019
35863,1,5.97002
35864,1,5.96986
35865,1,5.96969
35866,1,5.96953
35867,1,5.96936
35868,1,5.96919
35869,1,5.96903
35870,1,5.96886
35871,1,5.96869
35872,1,5.96853
35873,1,5.96836
35874,1,5.96819
35875,1,5.96803
35876,1,5.96786
35877,1,5.9677
35878,1,5.96753
35879,1,5.96736
35880,1,5.9672
35881,1,5.96703
35882,1,5.96686
35883,1,5.9667
35884,1,5.96653
35885,1,5.96636
35886,1,5.9662
35887,1,5.96603
35888,1,5.96587
35889,1,5.9657
35890,1,5.96553
35891,1,5.96537
35892,1,5.9652
35893,1,5.96503
35894,1,5.96487
35895,1,5.9647
35896,1,5.96454
35897,1,5.96437
35898,1,5.9642
35899,1,5.96404
35900,1,5.96387
35901,1,5.96371
35902,1,5.96354
35903,1,5.96337
35904,1,5.96321
35905,1,5.96304
35906,1,5.96288
35907,1,5.96271
35908,1,5.96254
35909,1,5.96238
35910,1,5.96221
35911,1,5.96205
35912,1,5.96188
35913,1,5.96171
35914,1,5.96155
35915,1,5.96138
35916,1,5.96122
35917,1,5.96105
35918,1,5.96088
35919,1,5.96072
35920,1,5.96055
35921,1,5.96039
35922,1,5.96022
35923,1,5.96005
35924,1,5.95989
35925,1,5.95972
35926,1,5.95956
35927,1,5.95939
35928,1,5.95922
35929,1,5.95906
35930,1,5.95889
35931,1,5.95873
35932,1,5.95856
35933,1,5.95839
35934,1,5.95823
35935,1,5.95806
35936,1,5.9579
35937,1,5.95773
35938,1,5.95757
35939,1,5.9574
35940,1,5.95723
35941,1,5.95707
35942,1,5.9569
35943,1,5.95674
35944,1,5.95657
35945,1,5.95641
35946,1,5.95624
35947,1,5.95607
35948,1,5.95591
35949,1,5.95574
35950,1,5.95558
35951,1,5.95541
35952,1,5.95525
35953,1,5.95508
35954,1,5.95491
35955,1,5.95475
35956,1,5.95458
35957,1,5.95442
35958,1,5.95425
35959,1,5.95409
35960,1,5.95392
35961,1,5.95376
35962,1,5.95359
35963,1,5.95342
35964,1,5.95326
35965,1,5.95309
35966,1,5.95293
35967,1,5.95276
35968,1,5.9526
35969,1,5.95243
35970,1,5.95227
35971,1,5.9521
35972,1,5.95193
35973,1,5.95177
35974,1,5.9516
35975,1,5.95144
35976,1,5.95127
35977,1,5.95111
35978,1,5.95094
35979,1,5.95078
35980,1,5.95061
35981,1,5.95045
35982,1,5.95028
35983,1,5.95012
35984,1,5.94995
35985,1,5.94978
35986,1,5.94962
35987,1,5.94945
35988,1,5.94929
35989,1,5.94912
35990,1,5.94896
35991,1,5.94879
35992,1,5.94863
35993,1,5.94846
35994,1,5.9483
35995,1,5.94813
35996,1,5.94797
35997,1,5.9478
35998,1,5.94764
35999,1,5.94747
36000,1,5.94731
36001,1,5.94714
36002,1,5.94698
36003,1,5.94681
36004,1,5.94664
36005,1,5.94648
36006,1,5.94631
36007,1,5.94615
36008,1,5.94598
36009,1,5.94582
36010,1,5.94565
36011,1,5.94549
36012,1,5.94532
36013,1,5.94516
36014,1,5.94499
36015,1,5.94483
36016,1,5.94466
36017,1,5.9445
36018,1,5.94433
36019,1,5.94417
36020,1,5.944
36021,1,5.94384
36022,1,5.94367
36023,1,5.94351
36024,1,5.94334
36025,1,5.94318
36026,1,5.94301
36027,1,5.94285
36028,1,5.94268
36029,1,5.94252
36030,1,5.94235
36031,1,5.94219
36032,1,5.94202
36033,1,5.94186
36034,1,5.94169
36035,1,5.94153
36036,1,5.94136
36037,1,5.9412
36038,1,5.94103
36039,1,5.94087
36040,1,5.9407
36041,1,5.94054
36042,1,5.94038
36043,1,5.94021
36044,1,5.94005
36045,1,5.93988
36046,1,5.93972
36047,1,5.93955
36048,1,5.93939
36049,1,5.93922
36050,1,5.93906
36051,1,5.93889
36052,1,5.93873
36053,1,5.93856
36054,1,5.9384
36055,1,5.93823
36056,1,5.93807
36057,1,5.9379
36058,1,5.93774
36059,1,5.93757
36060,1,5.93741
36061,1,5.93725
36062,1,5.93708
36063,1,5.93692
36064,1,5.93675
36065,1,5.93659
36066,1,5.93642
36067,1,5.93626
36068,1,5.93609
36069,1,5.93593
36070,1,5.93576
36071,1,5.9356
36072,1,5.93543
36073,1,5.93527
36074,1,5.93511
36075,1,5.93494
36076,1,5.93478
36077,1,5.93461
36078,1,5.93445
36079,1,5.93428
36080,1,5.93412
36081,1,5.93395
36082,1,5.93379
36083,1,5.93363
36084,1,5.93346
36085,1,5.9333
36086,1,5.93313
36087,1,5.93297
36088,1,5.9328
36089,1,5.93264
36090,1,5.93247
36091,1,5.93231
36092,1,5.93215
36093,1,5.93198
36094,1,5.93182
36095,1,5.93165
36096,1,5.93149
36097,1,5.93132
36098,1,5.93116
36099,1,5.931
36100,1,5.93083
36101,1,5.93067
36102,1,5.9305
36103,1,5.93034
36104,1,5.93017
36105,1,5.93001
36106,1,5.92985
36107,1,5.92968
36108,1,5.92952
36109,1,5.92935
36110,1,5.92919
36111,1,5.92902
36112,1,5.92886
36113,1,5.9287
36114,1,5.92853
36115,1,5.92837
36116,1,5.9282
36117,1,5.92804
36118,1,5.92788
36119,1,5.92771
36120,1,5.92755
36121,1,5.92738
36122,1,5.92722
36123,1,5.92705
36124,1,5.92689
36125,1,5.92673
36126,1,5.92656
36127,1,5.9264
36128,1,5.92623
36129,1,5.92607
36130,1,5.92591
36131,1,5.92574
36132,1,5.92558
36133,1,5.92541
36134,1,5.92525
36135,1,5.92509
36136,1,5.92492
36137,1,5.92476
36138,1,5.92459
36139,1,5.92443
36140,1,5.92427
36141,1,5.9241
36142,1,5.92394
36143,1,5.92378
36144,1,5.92361
36145,1,5.92345
36146,1,5.92328
36147,1,5.92312
36148,1,5.92296
36149,1,5.92279
36150,1,5.92263
36151,1,5.92246
36152,1,5.9223
36153,1,5.92214
36154,1,5.92197
36155,1,5.92181
36156,1,5.92165
36157,1,5.92148
36158,1,5.92132
36159,1,5.92115
36160,1,5.92099
36161,1,5.92083
36162,1,5.92066
36163,1,5.9205
36164,1,5.92034
36165,1,5.92017
36166,1,5.92001
36167,1,5.91984
36168,1,5.91968
36169,1,5.91952
36170,1,5.91935
36171,1,5.91919
36172,1,5.91903
36173,1,5.91886
36174,1,5.9187
36175,1,5.91853
36176,1,5.91837
36177,1,5.91821
36178,1,5.91804
36179,1,5.91788
36180,1,5.91772
36181,1,5.91755
36182,1,5.91739
36183,1,5.91723
36184,1,5.91706
36185,1,5.9169
36186,1,5.91674
36187,1,5.91657
36188,1,5.91641
36189,1,5.91625
36190,1,5.91608
36191,1,5.91592
36192,1,5.91575
36193,1,5.91559
36194,1,5.91543
36195,1,5.91526
36196,1,5.9151
36197,1,5.91494
36198,1,5.91477
36199,1,5.91461
36200,1,5.91445
36201,1,5.91428
36202,1,5.91412
36203,1,5.91396
36204,1,5.91379
36205,1,5.91363
36206,1,5.91347
36207,1,5.9133
36208,1,5.91314
36209,1,5.91298
36210,1,5.91281
36211,1,5.91265
36212,1,5.91249
36213,1,5.91232
36214,1,5.91216
36215,1,5.912
36216,1,5.91183
36217,1,5.91167
36218,1,5.91151
36219,1,5.91134
36220,1,5.91118
36221,1,5.91102
36222,1,5.91086
36223,1,5.91069
36224,1,5.91053
36225,1,5.91037
36226,1,5.9102
36227,1,5.91004
36228,1,5.90988
36229,1,5.90971
36230,1,5.90955
36231,1,5.90939
36232,1,5.90922
36233,1,5.90906
36234,1,5.9089
36235,1,5.90873
36236,1,5.90857
36237,1,5.90841
36238,1,5.90825
36239,1,5.90808
36240,1,5.90792
36241,1,5.90776
36242,1,5.90759
36243,1,5.90743
36244,1,5.90727
36245,1,5.9071
36246,1,5.90694
36247,1,5.90678
36248,1,5.90662
36249,1,5.90645
36250,1,5.90629
36251,1,5.90613
36252,1,5.90596
36253,1,5.9058
36254,1,5.90564
36255,1,5.90548
36256,1,5.90531
36257,1,5.90515
36258,1,5.90499
36259,1,5.90482
36260,1,5.90466
36261,1,5.9045
36262,1,5.90434
36263,1,5.90417
36264,1,5.90401
36265,1,5.90385
36266,1,5.90368
36267,1,5.90352
36268,1,5.90336
36269,1,5.9032
36270,1,5.90303
36271,1,5.90287
36272,1,5.90271
36273,1,5.90254
36274,1,5.90238
36275,1,5.90222
36276,1,5.90206
36277,1,5.90189
36278,1,5.90173
36279,1,5.90157
36280,1,5.90141
36281,1,5.90124
36282,1,5.90108
36283,1,5.90092
36284,1,5.90076
36285,1,5.90059
36286,1,5.90043
36287,1,5.90027
36288,1,5.9001
36289,1,5.89994
36290,1,5.89978
36291,1,5.89962
36292,1,5.89945
36293,1,5.89929
36294,1,5.89913
36295,1,5.89897
36296,1,5.8988
36297,1,5.89864
36298,1,5.89848
36299,1,5.89832
36300,1,5.89815
36301,1,5.89799
36302,1,5.89783
36303,1,5.89767
36304,1,5.8975
36305,1,5.89734
36306,1,5.89718
36307,1,5.89702
36308,1,5.89685
36309,1,5.89669
36310,1,5.89653
36311,1,5.89637
36312,1,5.89621
36313,1,5.89604
36314,1,5.89588
36315,1,5.89572
36316,1,5.89556
36317,1,5.89539
36318,1,5.89523
36319,1,5.89507
36320,1,5.89491
36321,1,5.89474
36322,1,5.89458
36323,1,5.89442
36324,1,5.89426
36325,1,5.89409
36326,1,5.89393
36327,1,5.89377
36328,1,5.89361
36329,1,5.89345
36330,1,5.89328
36331,1,5.89312
36332,1,5.89296
36333,1,5.8928
36334,1,5.89263
36335,1,5.89247
36336,1,5.89231
36337,1,5.89215
36338,1,5.89199
36339,1,5.89182
36340,1,5.89166
36341,1,5.8915
36342,1,5.89134
36343,1,5.89118
36344,1,5.89101
36345,1,5.89085
36346,1,5.89069
36347,1,5.89053
36348,1,5.89037
36349,1,5.8902
36350,1,5.89004
36351,1,5.88988
36352,1,5.88972
36353,1,5.88956
36354,1,5.88939
36355,1,5.88923
36356,1,5.88907
36357,1,5.88891
36358,1,5.88875
36359,1,5.88858
36360,1,5.88842
36361,1,5.88826
36362,1,5.8881
36363,1,5.88794
36364,1,5.88777
36365,1,5.88761
36366,1,5.88745
36367,1,5.88729
36368,1,5.88713
36369,1,5.88696
36370,1,5.8868
36371,1,5.88664
36372,1,5.88648
36373,1,5.88632
36374,1,5.88615
36375,1,5.88599
36376,1,5.88583
36377,1,5.88567
36378,1,5.88551
36379,1,5.88535
36380,1,5.88518
36381,1,5.88502
36382,1,5.88486
36383,1,5.8847
36384,1,5.88454
36385,1,5.88438
36386,1,5.88421
36387,1,5.88405
36388,1,5.88389
36389,1,5.88373
36390,1,5.88357
36391,1,5.88341
36392,1,5.88324
36393,1,5.88308
36394,1,5.88292
36395,1,5.88276
36396,1,5.8826
36397,1,5.88244
36398,1,5.88227
36399,1,5.88211
36400,1,5.88195
36401,1,5.88179
36402,1,5.88163
36403,1,5.88147
36404,1,5.8813
36405,1,5.88114
36406,1,5.88098
36407,1,5.88082
36408,1,5.88066
36409,1,5.8805
36410,1,5.88034
36411,1,5.88017
36412,1,5.88001
36413,1,5.87985
36414,1,5.87969
36415,1,5.87953
36416,1,5.87937
36417,1,5.8792
36418,1,5.87904
36419,1,5.87888
36420,1,5.87872
36421,1,5.87856
36422,1,5.8784
36423,1,5.87824
36424,1,5.87807
36425,1,5.87791
36426,1,5.87775
36427,1,5.87759
36428,1,5.87743
36429,1,5.87727
36430,1,5.87711
36431,1,5.87695
36432,1,5.87678
36433,1,5.87662
36434,1,5.87646
36435,1,5.8763
36436,1,5.87614
36437,1,5.87598
36438,1,5.87582
36439,1,5.87566
36440,1,5.87549
36441,1,5.87533
36442,1,5.87517
36443,1,5.87501
36444,1,5.87485
36445,1,5.87469
36446,1,5.87453
36447,1,5.87437
36448,1,5.8742
36449,1,5.87404
36450,1,5.87388
36451,1,5.87372
36452,1,5.87356
36453,1,5.8734
36454,1,5.87324
36455,1,5.87308
36456,1,5.87292
36457,1,5.87275
36458,1,5.87259
36459,1,5.87243
36460,1,5.87227
36461,1,5.87211
36462,1,5.87195
36463,1,5.87179
36464,1,5.87163
36465,1,5.87147
36466,1,5.8713
36467,1,5.87114
36468,1,5.87098
36469,1,5.87082
36470,1,5.87066
36471,1,5.8705
36472,1,5.87034
36473,1,5.87018
36474,1,5.87002
36475,1,5.86986
36476,1,5.8697
36477,1,5.86953
36478,1,5.86937
36479,1,5.86921
36480,1,5.86905
36481,1,5.86889
36482,1,5.86873
36483,1,5.86857
36484,1,5.86841
36485,1,5.86825
36486,1,5.86809
36487,1,5.86793
36488,1,5.86776
36489,1,5.8676
36490,1,5.86744
36491,1,5.86728
36492,1,5.86712
36493,1,5.86696
36494,1,5.8668
36495,1,5.86664
36496,1,5.86648
36497,1,5.86632
36498,1,5.86616
36499,1,5.866
36500,1,5.86584
36501,1,5.86567
36502,1,5.86551
36503,1,5.86535
36504,1,5.86519
36505,1,5.86503
36506,1,5.86487
36507,1,5.86471
36508,1,5.86455
36509,1,5.86439
36510,1,5.86423
36511,1,5.86407
36512,1,5.86391
36513,1,5.86375
36514,1,5.86359
36515,1,5.86343
36516,1,5.86327
36517,1,5.8631
36518,1,5.86294
36519,1,5.86278
36520,1,5.86262
36521,1,5.86246
36522,1,5.8623
36523,1,5.86214
36524,1,5.86198
36525,1,5.86182
36526,1,5.86166
36527,1,5.8615
36528,1,5.86134
36529,1,5.86118
36530,1,5.86102
36531,1,5.86086
36532,1,5.8607
36533,1,5.86054
36534,1,5.86038
36535,1,5.86022
36536,1,5.86006
36537,1,5.8599
36538,1,5.85974
36539,1,5.85957
36540,1,5.85941
36541,1,5.85925
36542,1,5.85909
36543,1,5.85893
36544,1,5.85877
36545,1,5.85861
36546,1,5.85845
36547,1,5.85829
36548,1,5.85813
36549,1,5.85797
36550,1,5.85781
36551,1,5.85765
36552,1,5.85749
36553,1,5.85733
36554,1,5.85717
36555,1,5.85701
36556,1,5.85685
36557,1,5.85669
36558,1,5.85653
36559,1,5.85637
36560,1,5.85621
36561,1,5.85605
36562,1,5.85589
36563,1,5.85573
36564,1,5.85557
36565,1,5.85541
36566,1,5.85525
36567,1,5.85509
36568,1,5.85493
36569,1,5.85477
36570,1,5.85461
36571,1,5.85445
36572,1,5.85429
36573,1,5.85413
36574,1,5.85397
36575,1,5.85381
36576,1,5.85365
36577,1,5.85349
36578,1,5.85333
36579,1,5.85317
36580,1,5.85301
36581,1,5.85285
36582,1,5.85269
36583,1,5.85253
36584,1,5.85237
36585,1,5.85221
36586,1,5.85205
36587,1,5.85189
36588,1,5.85173
36589,1,5.85157
36590,1,5.85141
36591,1,5.85125
36592,1,5.85109
36593,1,5.85093
36594,1,5.85077
36595,1,5.85061
36596,1,5.85045
36597,1,5.85029
36598,1,5.85013
36599,1,5.84997
36600,1,5.84981
36601,1,5.84965
36602,1,5.84949
36603,1,5.84933
36604,1,5.84917
36605,1,5.84901
36606,1,5.84885
36607,1,5.84869
36608,1,5.84853
36609,1,5.84837
36610,1,5.84821
36611,1,5.84805
36612,1,5.84789
36613,1,5.84773
36614,1,5.84757
36615,1,5.84741
36616,1,5.84725
36617,1,5.84709
36618,1,5.84693
36619,1,5.84677
36620,1,5.84661
36621,1,5.84645
36622,1,5.84629
36623,1,5.84613
36624,1,5.84598
36625,1,5.84582
36626,1,5.84566
36627,1,5.8455
36628,1,5.84534
36629,1,5.84518
36630,1,5.84502
36631,1,5.84486
36632,1,5.8447
36633,1,5.84454
36634,1,5.84438
36635,1,5.84422
36636,1,5.84406
36637,1,5.8439
36638,1,5.84374
36639,1,5.84358
36640,1,5.84342
36641,1,5.84326
36642,1,5.8431
36643,1,5.84294
36644,1,5.84278
36645,1,5.84263
36646,1,5.84247
36647,1,5.84231
36648,1,5.84215
36649,1,5.84199
36650,1,5.84183
36651,1,5.84167
36652,1,5.84151
36653,1,5.84135
36654,1,5.84119
36655,1,5.84103
36656,1,5.84087
36657,1,5.84071
36658,1,5.84055
36659,1,5.84039
36660,1,5.84023
36661,1,5.84008
36662,1,5.83992
36663,1,5.83976
36664,1,5.8396
36665,1,5.83944
36666,1,5.83928
36667,1,5.83912
36668,1,5.83896
36669,1,5.8388
36670,1,5.83864
36671,1,5.83848
36672,1,5.83832
36673,1,5.83816
36674,1,5.83801
36675,1,5.83785
36676,1,5.83769
36677,1,5.83753
36678,1,5.83737
36679,1,5.83721
36680,1,5.83705
36681,1,5.83689
36682,1,5.83673
36683,1,5.83657
36684,1,5.83641
36685,1,5.83625
36686,1,5.8361
36687,1,5.83594
36688,1,5.83578
36689,1,5.83562
36690,1,5.83546
36691,1,5.8353
36692,1,5.83514
36693,1,5.83498
36694,1,5.83482
36695,1,5.83466
36696,1,5.83451
36697,1,5.83435
36698,1,5.83419
36699,1,5.83403
36700,1,5.83387
36701,1,5.83371
36702,1,5.83355
36703,1,5.83339
36704,1,5.83323
36705,1,5.83307
36706,1,5.83292
36707,1,5.83276
36708,1,5.8326
36709,1,5.83244
36710,1,5.83228
36711,1,5.83212
36712,1,5.83196
36713,1,5.8318
36714,1,5.83164
36715,1,5.83149
36716,1,5.83133
36717,1,5.83117
36718,1,5.83101
36719,1,5.83085
36720,1,5.83069
36721,1,5.83053
36722,1,5.83037
36723,1,5.83022
36724,1,5.83006
36725,1,5.8299
36726,1,5.82974
36727,1,5.82958
36728,1,5.82942
36729,1,5.82926
36730,1,5.8291
36731,1,5.82895
36732,1,5.82879
36733,1,5.82863
36734,1,5.82847
36735,1,5.82831
36736,1,5.82815
36737,1,5.82799
36738,1,5.82783
36739,1,5.82768
36740,1,5.82752
36741,1,5.82736
36742,1,5.8272
36743,1,5.82704
36744,1,5.82688
36745,1,5.82672
36746,1,5.82657
36747,1,5.82641
36748,1,5.82625
36749,1,5.82609
36750,1,5.82593
36751,1,5.82577
36752,1,5.82561
36753,1,5.82546
36754,1,5.8253
36755,1,5.82514
36756,1,5.82498
36757,1,5.82482
36758,1,5.82466
36759,1,5.82451
36760,1,5.82435
36761,1,5.82419
36762,1,5.82403
36763,1,5.82387
36764,1,5.82371
36765,1,5.82356
36766,1,5.8234
36767,1,5.82324
36768,1,5.82308
36769,1,5.82292
36770,1,5.82276
36771,1,5.8226
36772,1,5.82245
36773,1,5.82229
36774,1,5.82213
36775,1,5.82197
36776,1,5.82181
36777,1,5.82165
36778,1,5.8215
36779,1,5.82134
36780,1,5.82118
36781,1,5.82102
36782,1,5.82086
36783,1,5.82071
36784,1,5.82055
36785,1,5.82039
36786,1,5.82023
36787,1,5.82007
36788,1,5.81991
36789,1,5.81976
36790,1,5.8196
36791,1,5.81944
36792,1,5.81928
36793,1,5.81912
36794,1,5.81897
36795,1,5.81881
36796,1,5.81865
36797,1,5.81849
36798,1,5.81833
36799,1,5.81817
36800,1,5.81802
36801,1,5.81786
36802,1,5.8177
36803,1,5.81754
36804,1,5.81738
36805,1,5.81723
36806,1,5.81707
36807,1,5.81691
36808,1,5.81675
36809,1,5.81659
36810,1,5.81644
36811,1,5.81628
36812,1,5.81612
36813,1,5.81596
36814,1,5.8158
36815,1,5.81565
36816,1,5.81549
36817,1,5.81533
36818,1,5.81517
36819,1,5.81501
36820,1,5.81486
36821,1,5.8147
36822,1,5.81454
36823,1,5.81438
36824,1,5.81422
36825,1,5.81407
36826,1,5.81391
36827,1,5.81375
36828,1,5.81359
36829,1,5.81344
36830,1,5.81328
36831,1,5.81312
36832,1,5.81296
36833,1,5.8128
36834,1,5.81265
36835,1,5.81249
36836,1,5.81233
36837,1,5.81217
36838,1,5.81201
36839,1,5.81186
36840,1,5.8117
36841,1,5.81154
36842,1,5.81138
36843,1,5.81123
36844,1,5.81107
36845,1,5.81091
36846,1,5.81075
36847,1,5.8106
36848,1,5.81044
36849,1,5.81028
36850,1,5.81012
36851,1,5.80996
36852,1,5.80981
36853,1,5.80965
36854,1,5.80949
36855,1,5.80933
36856,1,5.80918
36857,1,5.80902
36858,1,5.80886
36859,1,5.8087
36860,1,5.80855
36861,1,5.80839
36862,1,5.80823
36863,1,5.80807
36864,1,5.80792
36865,1,5.80776
36866,1,5.8076
36867,1,5.80744
36868,1,5.80729
36869,1,5.80713
36870,1,5.80697
36871,1,5.80681
36872,1,5.80666
36873,1,5.8065
36874,1,5.80634
36875,1,5.80618
36876,1,5.80603
36877,1,5.80587
36878,1,5.80571
36879,1,5.80555
36880,1,5.8054
36881,1,5.80524
36882,1,5.80508
36883,1,5.80492
36884,1,5.80477
36885,1,5.80461
36886,1,5.80445
36887,1,5.80429
36888,1,5.80414
36889,1,5.80398
36890,1,5.80382
36891,1,5.80366
36892,1,5.80351
36893,1,5.80335
36894,1,5.80319
36895,1,5.80304
36896,1,5.80288
36897,1,5.80272
36898,1,5.80256
36899,1,5.80241
36900,1,5.80225
36901,1,5.80209
36902,1,5.80193
36903,1,5.80178
36904,1,5.80162
36905,1,5.80146
36906,1,5.80131
36907,1,5.80115
36908,1,5.80099
36909,1,5.80083
36910,1,5.80068
36911,1,5.80052
36912,1,5.80036
36913,1,5.80021
36914,1,5.80005
36915,1,5.79989
36916,1,5.79973
36917,1,5.79958
36918,1,5.79942
36919,1,5.79926
36920,1,5.79911
36921,1,5.79895
36922,1,5.79879
36923,1,5.79863
36924,1,5.79848
36925,1,5.79832
36926,1,5.79816
36927,1,5.79801
36928,1,5.79785
36929,1,5.79769
36930,1,5.79754
36931,1,5.79738
36932,1,5.79722
36933,1,5.79706
36934,1,5.79691
36935,1,5.79675
36936,1,5.79659
36937,1,5.79644
36938,1,5.79628
36939,1,5.79612
36940,1,5.79597
36941,1,5.79581
36942,1,5.79565
36943,1,5.7955
36944,1,5.79534
36945,1,5.79518
36946,1,5.79503
36947,1,5.79487
36948,1,5.79471
36949,1,5.79455
36950,1,5.7944
36951,1,5.79424
36952,1,5.79408
36953,1,5.79393
36954,1,5.79377
36955,1,5.79361
36956,1,5.79346
36957,1,5.7933
36958,1,5.79314
36959,1,5.79299
36960,1,5.79283
36961,1,5.79267
36962,1,5.79252
36963,1,5.79236
36964,1,5.7922
36965,1,5.79205
36966,1,5.79189
36967,1,5.79173
36968,1,5.79158
36969,1,5.79142
36970,1,5.79126
36971,1,5.79111
36972,1,5.79095
36973,1,5.79079
36974,1,5.79064
36975,1,5.79048
36976,1,5.79032
36977,1,5.79017
36978,1,5.79001
36979,1,5.78985
36980,1,5.7897
36981,1,5.78954
36982,1,5.78938
36983,1,5.78923
36984,1,5.78907
36985,1,5.78891
36986,1,5.78876
36987,1,5.7886
36988,1,5.78844
36989,1,5.78829
36990,1,5.78813
36991,1,5.78798
36992,1,5.78782
36993,1,5.78766
36994,1,5.78751
36995,1,5.78735
36996,1,5.78719
36997,1,5.78704
36998,1,5.78688
36999,1,5.78672
37000,1,5.78657
37001,1,5.78641
37002,1,5.78625
37003,1,5.7861
37004,1,5.78594
37005,1,5.78579
37006,1,5.78563
37007,1,5.78547
37008,1,5.78532
37009,1,5.78516
37010,1,5.785
37011,1,5.78485
37012,1,5.78469
37013,1,5.78454
37014,1,5.78438
37015,1,5.78422
37016,1,5.78407
37017,1,5.78391
37018,1,5.78375
37019,1,5.7836
37020,1,5.78344
37021,1,5.78329
37022,1,5.78313
37023,1,5.78297
37024,1,5.78282
37025,1,5.78266
37026,1,5.7825
37027,1,5.78235
37028,1,5.78219
37029,1,5.78204
37030,1,5.78188
37031,1,5.78172
37032,1,5.78157
37033,1,5.78141
37034,1,5.78126
37035,1,5.7811
37036,1,5.78094
37037,1,5.78079
37038,1,5.78063
37039,1,5.78047
37040,1,5.78032
37041,1,5.78016
37042,1,5.78001
37043,1,5.77985
37044,1,5.77969
37045,1,5.77954
37046,1,5.77938
37047,1,5.77923
37048,1,5.77907
37049,1,5.77891
37050,1,5.77876
37051,1,5.7786
37052,1,5.77845
37053,1,5.77829
37054,1,5.77813
37055,1,5.77798
37056,1,5.77782
37057,1,5.77767
37058,1,5.77751
37059,1,5.77736
37060,1,5.7772
37061,1,5.77704
37062,1,5.77689
37063,1,5.77673
37064,1,5.77658
37065,1,5.77642
37066,1,5.77626
37067,1,5.77611
37068,1,5.77595
37069,1,5.7758
37070,1,5.77564
37071,1,5.77548
37072,1,5.77533
37073,1,5.77517
37074,1,5.77502
37075,1,5.77486
37076,1,5.77471
37077,1,5.77455
37078,1,5.77439
37079,1,5.77424
37080,1,5.77408
37081,1,5.77393
37082,1,5.77377
37083,1,5.77362
37084,1,5.77346
37085,1,5.7733
37086,1,5.77315
37087,1,5.77299
37088,1,5.77284
37089,1,5.77268
37090,1,5.77253
37091,1,5.77237
37092,1,5.77222
37093,1,5.77206
37094,1,5.7719
37095,1,5.77175
37096,1,5.77159
37097,1,5.77144
37098,1,5.77128
37099,1,5.77113
37100,1,5.77097
37101,1,5.77081
37102,1,5.77066
37103,1,5.7705
37104,1,5.77035
37105,1,5.77019
37106,1,5.77004
37107,1,5.76988
37108,1,5.76973
37109,1,5.76957
37110,1,5.76942
37111,1,5.76926
37112,1,5.7691
37113,1,5.76895
37114,1,5.76879
37115,1,5.76864
37116,1,5.76848
37117,1,5.76833
37118,1,5.76817
37119,1,5.76802
37120,1,5.76786
37121,1,5.76771
37122,1,5.76755
37123,1,5.76739
37124,1,5.76724
37125,1,5.76708
37126,1,5.76693
37127,1,5.76677
37128,1,5.76662
37129,1,5.76646
37130,1,5.76631
37131,1,5.76615
37132,1,5.766
37133,1,5.76584
37134,1,5.76569
37135,1,5.76553
37136,1,5.76538
37137,1,5.76522
37138,1,5.76507
37139,1,5.76491
37140,1,5.76475
37141,1,5.7646
37142,1,5.76444
37143,1,5.76429
37144,1,5.76413
37145,1,5.76398
37146,1,5.76382
37147,1,5.76367
37148,1,5.76351
37149,1,5.76336
37150,1,5.7632
37151,1,5.76305
37152,1,5.76289
37153,1,5.76274
37154,1,5.76258
37155,1,5.76243
37156,1,5.76227
37157,1,5.76212
37158,1,5.76196
37159,1,5.76181
37160,1,5.76165
37161,1,5.7615
37162,1,5.76134
37163,1,5.76119
37164,1,5.76103
37165,1,5.76088
37166,1,5.76072
37167,1,5.76057
37168,1,5.76041
37169,1,5.76026
37170,1,5.7601
37171,1,5.75995
37172,1,5.75979
37173,1,5.75964
37174,1,5.75948
37175,1,5.75933
37176,1,5.75917
37177,1,5.75902
37178,1,5.75886
37179,1,5.75871
37180,1,5.75855
37181,1,5.7584
37182,1,5.75824
37183,1,5.75809
37184,1,5.75793
37185,1,5.75778
37186,1,5.75762
37187,1,5.75747
37188,1,5.75731
37189,1,5.75716
37190,1,5.757
37191,1,5.75685
37192,1,5.75669
37193,1,5.75654
37194,1,5.75639
37195,1,5.75623
37196,1,5.75608
37197,1,5.75592
37198,1,5.75577
37199,1,5.75561
37200,1,5.75546
37201,1,5.7553
37202,1,5.75515
37203,1,5.75499
37204,1,5.75484
37205,1,5.75468
37206,1,5.75453
37207,1,5.75437
37208,1,5.75422
37209,1,5.75406
37210,1,5.75391
37211,1,5.75376
37212,1,5.7536
37213,1,5.75345
37214,1,5.75329
37215,1,5.75314
37216,1,5.75298
37217,1,5.75283
37218,1,5.75267
37219,1,5.75252
37220,1,5.75236
37221,1,5.75221
37222,1,5.75206
37223,1,5.7519
37224,1,5.75175
37225,1,5.75159
37226,1,5.75144
37227,1,5.75128
37228,1,5.75113
37229,1,5.75097
37230,1,5.75082
37231,1,5.75066
37232,1,5.75051
37233,1,5.75036
37234,1,5.7502
37235,1,5.75005
37236,1,5.74989
37237,1,5.74974
37238,1,5.74958
37239,1,5.74943
37240,1,5.74927
37241,1,5.74912
37242,1,5.74897
37243,1,5.74881
37244,1,5.74866
37245,1,5.7485
37246,1,5.74835
37247,1,5.74819
37248,1,5.74804
37249,1,5.74789
37250,1,5.74773
37251,1,5.74758
37252,1,5.74742
37253,1,5.74727
37254,1,5.74711
37255,1,5.74696
37256,1,5.74681
37257,1,5.74665
37258,1,5.7465
37259,1,5.74634
37260,1,5.74619
37261,1,5.74603
37262,1,5.74588
37263,1,5.74573
37264,1,5.74557
37265,1,5.74542
37266,1,5.74526
37267,1,5.74511
37268,1,5.74496
37269,1,5.7448
37270,1,5.74465
37271,1,5.74449
37272,1,5.74434
37273,1,5.74418
37274,1,5.74403
37275,1,5.74388
37276,1,5.74372
37277,1,5.74357
37278,1,5.74341
37279,1,5.74326
37280,1,5.74311
37281,1,5.74295
37282,1,5.7428
37283,1,5.74264
37284,1,5.74249
37285,1,5.74234
37286,1,5.74218
37287,1,5.74203
37288,1,5.74187
37289,1,5.74172
37290,1,5.74157
37291,1,5.74141
37292,1,5.74126
37293,1,5.7411
37294,1,5.74095
37295,1,5.7408
37296,1,5.74064
37297,1,5.74049
37298,1,5.74033
37299,1,5.74018
37300,1,5.74003
37301,1,5.73987
37302,1,5.73972
37303,1,5.73957
37304,1,5.73941
37305,1,5.73926
37306,1,5.7391
37307,1,5.73895
37308,1,5.7388
37309,1,5.73864
37310,1,5.73849
37311,1,5.73833
37312,1,5.73818
37313,1,5.73803
37314,1,5.73787
37315,1,5.73772
37316,1,5.73757
37317,1,5.73741
37318,1,5.73726
37319,1,5.7371
37320,1,5.73695
37321,1,5.7368
37322,1,5.73664
37323,1,5.73649
37324,1,5.73634
37325,1,5.73618
37326,1,5.73603
37327,1,5.73587
37328,1,5.73572
37329,1,5.73557
37330,1,5.73541
37331,1,5.73526
37332,1,5.73511
37333,1,5.73495
37334,1,5.7348
37335,1,5.73465
37336,1,5.73449
37337,1,5.73434
37338,1,5.73419
37339,1,5.73403
37340,1,5.73388
37341,1,5.73372
37342,1,5.73357
37343,1,5.73342
37344,1,5.73326
37345,1,5.73311
37346,1,5.73296
37347,1,5.7328
37348,1,5.73265
37349,1,5.7325
37350,1,5.73234
37351,1,5.73219
37352,1,5.73204
37353,1,5.73188
37354,1,5.73173
37355,1,5.73158
37356,1,5.73142
37357,1,5.73127
37358,1,5.73112
37359,1,5.73096
37360,1,5.73081
37361,1,5.73065
37362,1,5.7305
37363,1,5.73035
37364,1,5.73019
37365,1,5.73004
37366,1,5.72989
37367,1,5.72973
37368,1,5.72958
37369,1,5.72943
37370,1,5.72927
37371,1,5.72912
37372,1,5.72897
37373,1,5.72881
37374,1,5.72866
37375,1,5.72851
37376,1,5.72836
37377,1,5.7282
37378,1,5.72805
37379,1,5.7279
37380,1,5.72774
37381,1,5.72759
37382,1,5.72744
37383,1,5.72728
37384,1,5.72713
37385,1,5.72698
37386,1,5.72682
37387,1,5.72667
37388,1,5.72652
37389,1,5.72636
37390,1,5.72621
37391,1,5.72606
37392,1,5.7259
37393,1,5.72575
37394,1,5.7256
37395,1,5.72544
37396,1,5.72529
37397,1,5.72514
37398,1,5.72499
37399,1,5.72483
37400,1,5.72468
37401,1,5.72453
37402,1,5.72437
37403,1,5.72422
37404,1,5.72407
37405,1,5.72391
37406,1,5.72376
37407,1,5.72361
37408,1,5.72345
37409,1,5.7233
37410,1,5.72315
37411,1,5.723
37412,1,5.72284
37413,1,5.72269
37414,1,5.72254
37415,1,5.72238
37416,1,5.72223
37417,1,5.72208
37418,1,5.72193
37419,1,5.72177
37420,1,5.72162
37421,1,5.72147
37422,1,5.72131
37423,1,5.72116
37424,1,5.72101
37425,1,5.72086
37426,1,5.7207
37427,1,5.72055
37428,1,5.7204
37429,1,5.72024
37430,1,5.72009
37431,1,5.71994
37432,1,5.71979
37433,1,5.71963
37434,1,5.71948
37435,1,5.71933
37436,1,5.71917
37437,1,5.71902
37438,1,5.71887
37439,1,5.71872
37440,1,5.71856
37441,1,5.71841
37442,1,5.71826
37443,1,5.7181
37444,1,5.71795
37445,1,5.7178
37446,1,5.71765
37447,1,5.71749
37448,1,5.71734
37449,1,5.71719
37450,1,5.71704
37451,1,5.71688
37452,1,5.71673
37453,1,5.71658
37454,1,5.71643
37455,1,5.71627
37456,1,5.71612
37457,1,5.71597
37458,1,5.71582
37459,1,5.71566
37460,1,5.71551
37461,1,5.71536
37462,1,5.7152
37463,1,5.71505
37464,1,5.7149
37465,1,5.71475
37466,1,5.71459
37467,1,5.71444
37468,1,5.71429
37469,1,5.71414
37470,1,5.71398
37471,1,5.71383
37472,1,5.71368
37473,1,5.71353
37474,1,5.71337
37475,1,5.71322
37476,1,5.71307
37477,1,5.71292
37478,1,5.71276
37479,1,5.71261
37480,1,5.71246
37481,1,5.71231
37482,1,5.71216
37483,1,5.712
37484,1,5.71185
37485,1,5.7117
37486,1,5.71155
37487,1,5.71139
37488,1,5.71124
37489,1,5.71109
37490,1,5.71094
37491,1,5.71078
37492,1,5.71063
37493,1,5.71048
37494,1,5.71033
37495,1,5.71017
37496,1,5.71002
37497,1,5.70987
37498,1,5.70972
37499,1,5.70957
37500,1,5.70941
37501,1,5.70926
37502,1,5.70911
37503,1,5.70896
37504,1,5.7088
37505,1,5.70865
37506,1,5.7085
37507,1,5.70835
37508,1,5.7082
37509,1,5.70804
37510,1,5.70789
37511,1,5.70774
37512,1,5.70759
37513,1,5.70743
37514,1,5.70728
37515,1,5.70713
37516,1,5.70698
37517,1,5.70683
37518,1,5.70667
37519,1,5.70652
37520,1,5.70637
37521,1,5.70622
37522,1,5.70607
37523,1,5.70591
37524,1,5.70576
37525,1,5.70561
37526,1,5.70546
37527,1,5.70531
37528,1,5.70515
37529,1,5.705
37530,1,5.70485
37531,1,5.7047
37532,1,5.70455
37533,1,5.70439
37534,1,5.70424
37535,1,5.70409
37536,1,5.70394
37537,1,5.70379
37538,1,5.70363
37539,1,5.70348
37540,1,5.70333
37541,1,5.70318
37542,1,5.70303
37543,1,5.70287
37544,1,5.70272
37545,1,5.70257
37546,1,5.70242
37547,1,5.70227
37548,1,5.70211
37549,1,5.70196
37550,1,5.70181
37551,1,5.70166
37552,1,5.70151
37553,1,5.70136
37554,1,5.7012
37555,1,5.70105
37556,1,5.7009
37557,1,5.70075
37558,1,5.7006
37559,1,5.70044
37560,1,5.70029
37561,1,5.70014
37562,1,5.69999
37563,1,5.69984
37564,1,5.69969
37565,1,5.69953
37566,1,5.69938
37567,1,5.69923
37568,1,5.69908
37569,1,5.69893
37570,1,5.69878
37571,1,5.69862
37572,1,5.69847
37573,1,5.69832
37574,1,5.69817
37575,1,5.69802
37576,1,5.69787
37577,1,5.69771
37578,1,5.69756
37579,1,5.69741
37580,1,5.69726
37581,1,5.69711
37582,1,5.69696
37583,1,5.6968
37584,1,5.69665
37585,1,5.6965
37586,1,5.69635
37587,1,5.6962
37588,1,5.69605
37589,1,5.6959
37590,1,5.69574
37591,1,5.69559
37592,1,5.69544
37593,1,5.69529
37594,1,5.69514
37595,1,5.69499
37596,1,5.69483
37597,1,5.69468
37598,1,5.69453
37599,1,5.69438
37600,1,5.69423
37601,1,5.69408
37602,1,5.69393
37603,1,5.69377
37604,1,5.69362
37605,1,5.69347
37606,1,5.69332
37607,1,5.69317
37608,1,5.69302
37609,1,5.69287
37610,1,5.69271
37611,1,5.69256
37612,1,5.69241
37613,1,5.69226
37614,1,5.69211
37615,1,5.69196
37616,1,5.69181
37617,1,5.69166
37618,1,5.6915
37619,1,5.69135
37620,1,5.6912
37621,1,5.69105
37622,1,5.6909
37623,1,5.69075
37624,1,5.6906
37625,1,5.69045
37626,1,5.69029
37627,1,5.69014
37628,1,5.68999
37629,1,5.68984
37630,1,5.68969
37631,1,5.68954
37632,1,5.68939
37633,1,5.68924
37634,1,5.68908
37635,1,5.68893
37636,1,5.68878
37637,1,5.68863
37638,1,5.68848
37639,1,5.68833
37640,1,5.68818
37641,1,5.68803
37642,1,5.68788
37643,1,5.68772
37644,1,5.68757
37645,1,5.68742
37646,1,5.68727
37647,1,5.68712
37648,1,5.68697
37649,1,5.68682
37650,1,5.68667
37651,1,5.68652
37652,1,5.68636
37653,1,5.68621
37654,1,5.68606
37655,1,5.68591
37656,1,5.68576
37657,1,5.68561
37658,1,5.68546
37659,1,5.68531
37660,1,5.68516
37661,1,5.68501
37662,1,5.68485
37663,1,5.6847
37664,1,5.68455
37665,1,5.6844
37666,1,5.68425
37667,1,5.6841
37668,1,5.68395
37669,1,5.6838
37670,1,5.68365
37671,1,5.6835
37672,1,5.68335
37673,1,5.68319
37674,1,5.68304
37675,1,5.68289
37676,1,5.68274
37677,1,5.68259
37678,1,5.68244
37679,1,5.68229
37680,1,5.68214
37681,1,5.68199
37682,1,5.68184
37683,1,5.68169
37684,1,5.68154
37685,1,5.68139
37686,1,5.68123
37687,1,5.68108
37688,1,5.68093
37689,1,5.68078
37690,1,5.68063
37691,1,5.68048
37692,1,5.68033
37693,1,5.68018
37694,1,5.68003
37695,1,5.67988
37696,1,5.67973
37697,1,5.67958
37698,1,5.67943
37699,1,5.67928
37700,1,5.67912
37701,1,5.67897
37702,1,5.67882
37703,1,5.67867
37704,1,5.67852
37705,1,5.67837
37706,1,5.67822
37707,1,5.67807
37708,1,5.67792
37709,1,5.67777
37710,1,5.67762
37711,1,5.67747
37712,1,5.67732
37713,1,5.67717
37714,1,5.67702
37715,1,5.67687
37716,1,5.67672
37717,1,5.67656
37718,1,5.67641
37719,1,5.67626
37720,1,5.67611
37721,1,5.67596
37722,1,5.67581
37723,1,5.67566
37724,1,5.67551
37725,1,5.67536
37726,1,5.67521
37727,1,5.67506
37728,1,5.67491
37729,1,5.67476
37730,1,5.67461
37731,1,5.67446
37732,1,5.67431
37733,1,5.67416
37734,1,5.67401
37735,1,5.67386
37736,1,5.67371
37737,1,5.67356
37738,1,5.67341
37739,1,5.67326
37740,1,5.67311
37741,1,5.67296
37742,1,5.6728
37743,1,5.67265
37744,1,5.6725
37745,1,5.67235
37746,1,5.6722
37747,1,5.67205
37748,1,5.6719
37749,1,5.67175
37750,1,5.6716
37751,1,5.67145
37752,1,5.6713
37753,1,5.67115
37754,1,5.671
37755,1,5.67085
37756,1,5.6707
37757,1,5.67055
37758,1,5.6704
37759,1,5.67025
37760,1,5.6701
37761,1,5.66995
37762,1,5.6698
37763,1,5.66965
37764,1,5.6695
37765,1,5.66935
37766,1,5.6692
37767,1,5.66905
37768,1,5.6689
37769,1,5.66875
37770,1,5.6686
37771,1,5.66845
37772,1,5.6683
37773,1,5.66815
37774,1,5.668
37775,1,5.66785
37776,1,5.6677
37777,1,5.66755
37778,1,5.6674
37779,1,5.66725
37780,1,5.6671
37781,1,5.66695
37782,1,5.6668
37783,1,5.66665
37784,1,5.6665
37785,1,5.66635
37786,1,5.6662
37787,1,5.66605
37788,1,5.6659
37789,1,5.66575
37790,1,5.6656
37791,1,5.66545
37792,1,5.6653
37793,1,5.66515
37794,1,5.665
37795,1,5.66485
37796,1,5.6647
37797,1,5.66455
37798,1,5.6644
37799,1,5.66425
37800,1,5.6641
37801,1,5.66395
37802,1,5.6638
37803,1,5.66365
37804,1,5.6635
37805,1,5.66335
37806,1,5.6632
37807,1,5.66305
37808,1,5.6629
37809,1,5.66275
37810,1,5.6626
37811,1,5.66245
37812,1,5.6623
37813,1,5.66215
37814,1,5.662
37815,1,5.66185
37816,1,5.6617
37817,1,5.66155
37818,1,5.6614
37819,1,5.66125
37820,1,5.66111
37821,1,5.66096
37822,1,5.66081
37823,1,5.66066
37824,1,5.66051
37825,1,5.66036
37826,1,5.66021
37827,1,5.66006
37828,1,5.65991
37829,1,5.65976
37830,1,5.65961
37831,1,5.65946
37832,1,5.65931
37833,1,5.65916
37834,1,5.65901
37835,1,5.65886
37836,1,5.65871
37837,1,5.65856
37838,1,5.65841
37839,1,5.65826
37840,1,5.65811
37841,1,5.65796
37842,1,5.65781
37843,1,5.65766
37844,1,5.65752
37845,1,5.65737
37846,1,5.65722
37847,1,5.65707
37848,1,5.65692
37849,1,5.65677
37850,1,5.65662
37851,1,5.65647
37852,1,5.65632
37853,1,5.65617
37854,1,5.65602
37855,1,5.65587
37856,1,5.65572
37857,1,5.65557
37858,1,5.65542
37859,1,5.65527
37860,1,5.65512
37861,1,5.65497
37862,1,5.65483
37863,1,5.65468
37864,1,5.65453
37865,1,5.65438
37866,1,5.65423
37867,1,5.65408
37868,1,5.65393
37869,1,5.65378
37870,1,5.65363
37871,1,5.65348
37872,1,5.65333
37873,1,5.65318
37874,1,5.65303
37875,1,5.65288
37876,1,5.65274
37877,1,5.65259
37878,1,5.65244
37879,1,5.65229
37880,1,5.65214
37881,1,5.65199
37882,1,5.65184
37883,1,5.65169
37884,1,5.65154
37885,1,5.65139
37886,1,5.65124
37887,1,5.65109
37888,1,5.65094
37889,1,5.6508
37890,1,5.65065
37891,1,5.6505
37892,1,5.65035
37893,1,5.6502
37894,1,5.65005
37895,1,5.6499
37896,1,5.64975
37897,1,5.6496
37898,1,5.64945
37899,1,5.6493
37900,1,5.64916
37901,1,5.64901
37902,1,5.64886
37903,1,5.64871
37904,1,5.64856
37905,1,5.64841
37906,1,5.64826
37907,1,5.64811
37908,1,5.64796
37909,1,5.64781
37910,1,5.64767
37911,1,5.64752
37912,1,5.64737
37913,1,5.64722
37914,1,5.64707
37915,1,5.64692
37916,1,5.64677
37917,1,5.64662
37918,1,5.64647
37919,1,5.64633
37920,1,5.64618
37921,1,5.64603
37922,1,5.64588
37923,1,5.64573
37924,1,5.64558
37925,1,5.64543
37926,1,5.64528
37927,1,5.64513
37928,1,5.64499
37929,1,5.64484
37930,1,5.64469
37931,1,5.64454
37932,1,5.64439
37933,1,5.64424
37934,1,5.64409
37935,1,5.64394
37936,1,5.64379
37937,1,5.64365
37938,1,5.6435
37939,1,5.64335
37940,1,5.6432
37941,1,5.64305
37942,1,5.6429
37943,1,5.64275
37944,1,5.6426
37945,1,5.64246
37946,1,5.64231
37947,1,5.64216
37948,1,5.64201
37949,1,5.64186
37950,1,5.64171
37951,1,5.64156
37952,1,5.64142
37953,1,5.64127
37954,1,5.64112
37955,1,5.64097
37956,1,5.64082
37957,1,5.64067
37958,1,5.64052
37959,1,5.64038
37960,1,5.64023
37961,1,5.64008
37962,1,5.63993
37963,1,5.63978
37964,1,5.63963
37965,1,5.63948
37966,1,5.63934
37967,1,5.63919
37968,1,5.63904
37969,1,5.63889
37970,1,5.63874
37971,1,5.63859
37972,1,5.63844
37973,1,5.6383
37974,1,5.63815
37975,1,5.638
37976,1,5.63785
37977,1,5.6377
37978,1,5.63755
37979,1,5.6374
37980,1,5.63726
37981,1,5.63711
37982,1,5.63696
37983,1,5.63681
37984,1,5.63666
37985,1,5.63651
37986,1,5.63637
37987,1,5.63622
37988,1,5.63607
37989,1,5.63592
37990,1,5.63577
37991,1,5.63562
37992,1,5.63548
37993,1,5.63533
37994,1,5.63518
37995,1,5.63503
37996,1,5.63488
37997,1,5.63473
37998,1,5.63459
37999,1,5.63444
38000,1,5.63429
38001,1,5.63414
38002,1,5.63399
38003,1,5.63384
38004,1,5.6337
38005,1,5.63355
38006,1,5.6334
38007,1,5.63325
38008,1,5.6331
38009,1,5.63296
38010,1,5.63281
38011,1,5.63266
38012,1,5.63251
38013,1,5.63236
38014,1,5.63221
38015,1,5.63207
38016,1,5.63192
38017,1,5.63177
38018,1,5.63162
38019,1,5.63147
38020,1,5.63133
38021,1,5.63118
38022,1,5.63103
38023,1,5.63088
38024,1,5.63073
38025,1,5.63059
38026,1,5.63044
38027,1,5.63029
38028,1,5.63014
38029,1,5.62999
38030,1,5.62984
38031,1,5.6297
38032,1,5.62955
38033,1,5.6294
38034,1,5.62925
38035,1,5.6291
38036,1,5.62896
38037,1,5.62881
38038,1,5.62866
38039,1,5.62851
38040,1,5.62836
38041,1,5.62822
38042,1,5.62807
38043,1,5.62792
38044,1,5.62777
38045,1,5.62763
38046,1,5.62748
38047,1,5.62733
38048,1,5.62718
38049,1,5.62703
38050,1,5.62689
38051,1,5.62674
38052,1,5.62659
38053,1,5.62644
38054,1,5.62629
38055,1,5.62615
38056,1,5.626
38057,1,5.62585
38058,1,5.6257
38059,1,5.62556
38060,1,5.62541
38061,1,5.62526
38062,1,5.62511
38063,1,5.62496
38064,1,5.62482
38065,1,5.62467
38066,1,5.62452
38067,1,5.62437
38068,1,5.62423
38069,1,5.62408
38070,1,5.62393
38071,1,5.62378
38072,1,5.62363
38073,1,5.62349
38074,1,5.62334
38075,1,5.62319
38076,1,5.62304
38077,1,5.6229
38078,1,5.62275
38079,1,5.6226
38080,1,5.62245
38081,1,5.62231
38082,1,5.62216
38083,1,5.62201
38084,1,5.62186
38085,1,5.62171
38086,1,5.62157
38087,1,5.62142
38088,1,5.62127
38089,1,5.62112
38090,1,5.62098
38091,1,5.62083
38092,1,5.62068
38093,1,5.62053
38094,1,5.62039
38095,1,5.62024
38096,1,5.62009
38097,1,5.61994
38098,1,5.6198
38099,1,5.61965
38100,1,5.6195
38101,1,5.61935
38102,1,5.61921
38103,1,5.61906
38104,1,5.61891
38105,1,5.61876
38106,1,5.61862
38107,1,5.61847
38108,1,5.61832
38109,1,5.61817
38110,1,5.61803
38111,1,5.61788
38112,1,5.61773
38113,1,5.61758
38114,1,5.61744
38115,1,5.61729
38116,1,5.61714
38117,1,5.617
38118,1,5.61685
38119,1,5.6167
38120,1,5.61655
38121,1,5.61641
38122,1,5.61626
38123,1,5.61611
38124,1,5.61596
38125,1,5.61582
38126,1,5.61567
38127,1,5.61552
38128,1,5.61537
38129,1,5.61523
38130,1,5.61508
38131,1,5.61493
38132,1,5.61479
38133,1,5.61464
38134,1,5.61449
38135,1,5.61434
38136,1,5.6142
38137,1,5.61405
38138,1,5.6139
38139,1,5.61375
38140,1,5.61361
38141,1,5.61346
38142,1,5.61331
38143,1,5.61317
38144,1,5.61302
38145,1,5.61287
38146,1,5.61272
38147,1,5.61258
38148,1,5.61243
38149,1,5.61228
38150,1,5.61214
38151,1,5.61199
38152,1,5.61184
38153,1,5.6117
38154,1,5.61155
38155,1,5.6114
38156,1,5.61125
38157,1,5.61111
38158,1,5.61096
38159,1,5.61081
38160,1,5.61067
38161,1,5.61052
38162,1,5.61037
38163,1,5.61022
38164,1,5.61008
38165,1,5.60993
38166,1,5.60978
38167,1,5.60964
38168,1,5.60949
38169,1,5.60934
38170,1,5.6092
38171,1,5.60905
38172,1,5.6089
38173,1,5.60875
38174,1,5.60861
38175,1,5.60846
38176,1,5.60831
38177,1,5.60817
38178,1,5.60802
38179,1,5.60787
38180,1,5.60773
38181,1,5.60758
38182,1,5.60743
38183,1,5.60729
38184,1,5.60714
38185,1,5.60699
38186,1,5.60685
38187,1,5.6067
38188,1,5.60655
38189,1,5.6064
38190,1,5.60626
38191,1,5.60611
38192,1,5.60596
38193,1,5.60582
38194,1,5.60567
38195,1,5.60552
38196,1,5.60538
38197,1,5.60523
38198,1,5.60508
38199,1,5.60494
38200,1,5.60479
38201,1,5.60464
38202,1,5.6045
38203,1,5.60435
38204,1,5.6042
38205,1,5.60406
38206,1,5.60391
38207,1,5.60376
38208,1,5.60362
38209,1,5.60347
38210,1,5.60332
38211,1,5.60318
38212,1,5.60303
38213,1,5.60288
38214,1,5.60274
38215,1,5.60259
38216,1,5.60244
38217,1,5.6023
38218,1,5.60215
38219,1,5.602
38220,1,5.60186
38221,1,5.60171
38222,1,5.60156
38223,1,5.60142
38224,1,5.60127
38225,1,5.60112
38226,1,5.60098
38227,1,5.60083
38228,1,5.60069
38229,1,5.60054
38230,1,5.60039
38231,1,5.60025
38232,1,5.6001
38233,1,5.59995
38234,1,5.59981
38235,1,5.59966
38236,1,5.59951
38237,1,5.59937
38238,1,5.59922
38239,1,5.59907
38240,1,5.59893
38241,1,5.59878
38242,1,5.59864
38243,1,5.59849
38244,1,5.59834
38245,1,5.5982
38246,1,5.59805
38247,1,5.5979
38248,1,5.59776
38249,1,5.59761
38250,1,5.59746
38251,1,5.59732
38252,1,5.59717
38253,1,5.59703
38254,1,5.59688
38255,1,5.59673
38256,1,5.59659
38257,1,5.59644
38258,1,5.59629
38259,1,5.59615
38260,1,5.596
38261,1,5.59585
38262,1,5.59571
38263,1,5.59556
38264,1,5.59542
38265,1,5.59527
38266,1,5.59512
38267,1,5.59498
38268,1,5.59483
38269,1,5.59468
38270,1,5.59454
38271,1,5.59439
38272,1,5.59425
38273,1,5.5941
38274,1,5.59395
38275,1,5.59381
38276,1,5.59366
38277,1,5.59352
38278,1,5.59337
38279,1,5.59322
38280,1,5.59308
38281,1,5.59293
38282,1,5.59279
38283,1,5.59264
38284,1,5.59249
38285,1,5.59235
38286,1,5.5922
38287,1,5.59205
38288,1,5.59191
38289,1,5.59176
38290,1,5.59162
38291,1,5.59147
38292,1,5.59132
38293,1,5.59118
38294,1,5.59103
38295,1,5.59089
38296,1,5.59074
38297,1,5.59059
38298,1,5.59045
38299,1,5.5903
38300,1,5.59016
38301,1,5.59001
38302,1,5.58986
38303,1,5.58972
38304,1,5.58957
38305,1,5.58943
38306,1,5.58928
38307,1,5.58914
38308,1,5.58899
38309,1,5.58884
38310,1,5.5887
38311,1,5.58855
38312,1,5.58841
38313,1,5.58826
38314,1,5.58811
38315,1,5.58797
38316,1,5.58782
38317,1,5.58768
38318,1,5.58753
38319,1,5.58738
38320,1,5.58724
38321,1,5.58709
38322,1,5.58695
38323,1,5.5868
38324,1,5.58666
38325,1,5.58651
38326,1,5.58636
38327,1,5.58622
38328,1,5.58607
38329,1,5.58593
38330,1,5.58578
38331,1,5.58564
38332,1,5.58549
38333,1,5.58534
38334,1,5.5852
38335,1,5.58505
38336,1,5.58491
38337,1,5.58476
38338,1,5.58462
38339,1,5.58447
38340,1,5.58432
38341,1,5.58418
38342,1,5.58403
38343,1,5.58389
38344,1,5.58374
38345,1,5.5836
38346,1,5.58345
38347,1,5.58331
38348,1,5.58316
38349,1,5.58301
38350,1,5.58287
38351,1,5.58272
38352,1,5.58258
38353,1,5.58243
38354,1,5.58229
38355,1,5.58214
38356,1,5.58199
38357,1,5.58185
38358,1,5.5817
38359,1,5.58156
38360,1,5.58141
38361,1,5.58127
38362,1,5.58112
38363,1,5.58098
38364,1,5.58083
38365,1,5.58069
38366,1,5.58054
38367,1,5.58039
38368,1,5.58025
38369,1,5.5801
38370,1,5.57996
38371,1,5.57981
38372,1,5.57967
38373,1,5.57952
38374,1,5.57938
38375,1,5.57923
38376,1,5.57909
38377,1,5.57894
38378,1,5.5788
38379,1,5.57865
38380,1,5.5785
38381,1,5.57836
38382,1,5.57821
38383,1,5.57807
38384,1,5.57792
38385,1,5.57778
38386,1,5.57763
38387,1,5.57749
38388,1,5.57734
38389,1,5.5772
38390,1,5.57705
38391,1,5.57691
38392,1,5.57676
38393,1,5.57662
38394,1,5.57647
38395,1,5.57633
38396,1,5.57618
38397,1,5.57603
38398,1,5.57589
38399,1,5.57574
38400,1,5.5756
38401,1,5.57545
38402,1,5.57531
38403,1,5.57516
38404,1,5.57502
38405,1,5.57487
38406,1,5.57473
38407,1,5.57458
38408,1,5.57444
38409,1,5.57429
38410,1,5.57415
38411,1,5.574
38412,1,5.57386
38413,1,5.57371
38414,1,5.57357
38415,1,5.57342
38416,1,5.57328
38417,1,5.57313
38418,1,5.57299
38419,1,5.57284
38420,1,5.5727
38421,1,5.57255
38422,1,5.57241
38423,1,5.57226
38424,1,5.57212
38425,1,5.57197
38426,1,5.57183
38427,1,5.57168
38428,1,5.57154
38429,1,5.57139
38430,1,5.57125
38431,1,5.5711
38432,1,5.57096
38433,1,5.57081
38434,1,5.57067
38435,1,5.57052
38436,1,5.57038
38437,1,5.57023
38438,1,5.57009
38439,1,5.56994
38440,1,5.5698
38441,1,5.56965
38442,1,5.56951
38443,1,5.56936
38444,1,5.56922
38445,1,5.56907
38446,1,5.56893
38447,1,5.56878
38448,1,5.56864
38449,1,5.56849
38450,1,5.56835
38451,1,5.5682
38452,1,5.56806
38453,1,5.56791
38454,1,5.56777
38455,1,5.56762
38456,1,5.56748
38457,1,5.56733
38458,1,5.56719
38459,1,5.56705
38460,1,5.5669
38461,1,5.56676
38462,1,5.56661
38463,1,5.56647
38464,1,5.56632
38465,1,5.56618
38466,1,5.56603
38467,1,5.56589
38468,1,5.56574
38469,1,5.5656
38470,1,5.56545
38471,1,5.56531
38472,1,5.56516
38473,1,5.56502
38474,1,5.56487
38475,1,5.56473
38476,1,5.56459
38477,1,5.56444
38478,1,5.5643
38479,1,5.56415
38480,1,5.56401
38481,1,5.56386
38482,1,5.56372
38483,1,5.56357
38484,1,5.56343
38485,1,5.56328
38486,1,5.56314
38487,1,5.563
38488,1,5.56285
38489,1,5.56271
38490,1,5.56256
38491,1,5.56242
38492,1,5.56227
38493,1,5.56213
38494,1,5.56198
38495,1,5.56184
38496,1,5.56169
38497,1,5.56155
38498,1,5.56141
38499,1,5.56126
38500,1,5.56112
38501,1,5.56097
38502,1,5.56083
38503,1,5.56068
38504,1,5.56054
38505,1,5.56039
38506,1,5.56025
38507,1,5.56011
38508,1,5.55996
38509,1,5.55982
38510,1,5.55967
38511,1,5.55953
38512,1,5.55938
38513,1,5.55924
38514,1,5.5591
38515,1,5.55895
38516,1,5.55881
38517,1,5.55866
38518,1,5.55852
38519,1,5.55837
38520,1,5.55823
38521,1,5.55809
38522,1,5.55794
38523,1,5.5578
38524,1,5.55765
38525,1,5.55751
38526,1,5.55736
38527,1,5.55722
38528,1,5.55708
38529,1,5.55693
38530,1,5.55679
38531,1,5.55664
38532,1,5.5565
38533,1,5.55635
38534,1,5.55621
38535,1,5.55607
38536,1,5.55592
38537,1,5.55578
38538,1,5.55563
38539,1,5.55549
38540,1,5.55535
38541,1,5.5552
38542,1,5.55506
38543,1,5.55491
38544,1,5.55477
38545,1,5.55462
38546,1,5.55448
38547,1,5.55434
38548,1,5.55419
38549,1,5.55405
38550,1,5.5539
38551,1,5.55376
38552,1,5.55362
38553,1,5.55347
38554,1,5.55333
38555,1,5.55318
38556,1,5.55304
38557,1,5.5529
38558,1,5.55275
38559,1,5.55261
38560,1,5.55246
38561,1,5.55232
38562,1,5.55218
38563,1,5.55203
38564,1,5.55189
38565,1,5.55174
38566,1,5.5516
38567,1,5.55146
38568,1,5.55131
38569,1,5.55117
38570,1,5.55102
38571,1,5.55088
38572,1,5.55074
38573,1,5.55059
38574,1,5.55045
38575,1,5.5503
38576,1,5.55016
38577,1,5.55002
38578,1,5.54987
38579,1,5.54973
38580,1,5.54959
38581,1,5.54944
38582,1,5.5493
38583,1,5.54915
38584,1,5.54901
38585,1,5.54887
38586,1,5.54872
38587,1,5.54858
38588,1,5.54843
38589,1,5.54829
38590,1,5.54815
38591,1,5.548
38592,1,5.54786
38593,1,5.54772
38594,1,5.54757
38595,1,5.54743
38596,1,5.54728
38597,1,5.54714
38598,1,5.547
38599,1,5.54685
38600,1,5.54671
38601,1,5.54657
38602,1,5.54642
38603,1,5.54628
38604,1,5.54614
38605,1,5.54599
38606,1,5.54585
38607,1,5.5457
38608,1,5.54556
38609,1,5.54542
38610,1,5.54527
38611,1,5.54513
38612,1,5.54499
38613,1,5.54484
38614,1,5.5447
38615,1,5.54456
38616,1,5.54441
38617,1,5.54427
38618,1,5.54412
38619,1,5.54398
38620,1,5.54384
38621,1,5.54369
38622,1,5.54355
38623,1,5.54341
38624,1,5.54326
38625,1,5.54312
38626,1,5.54298
38627,1,5.54283
38628,1,5.54269
38629,1,5.54255
38630,1,5.5424
38631,1,5.54226
38632,1,5.54212
38633,1,5.54197
38634,1,5.54183
38635,1,5.54169
38636,1,5.54154
38637,1,5.5414
38638,1,5.54125
38639,1,5.54111
38640,1,5.54097
38641,1,5.54082
38642,1,5.54068
38643,1,5.54054
38644,1,5.54039
38645,1,5.54025
38646,1,5.54011
38647,1,5.53996
38648,1,5.53982
38649,1,5.53968
38650,1,5.53953
38651,1,5.53939
38652,1,5.53925
38653,1,5.5391
38654,1,5.53896
38655,1,5.53882
38656,1,5.53867
38657,1,5.53853
38658,1,5.53839
38659,1,5.53824
38660,1,5.5381
38661,1,5.53796
38662,1,5.53781
38663,1,5.53767
38664,1,5.53753
38665,1,5.53739
38666,1,5.53724
38667,1,5.5371
38668,1,5.53696
38669,1,5.53681
38670,1,5.53667
38671,1,5.53653
38672,1,5.53638
38673,1,5.53624
38674,1,5.5361
38675,1,5.53595
38676,1,5.53581
38677,1,5.53567
38678,1,5.53552
38679,1,5.53538
38680,1,5.53524
38681,1,5.53509
38682,1,5.53495
38683,1,5.53481
38684,1,5.53467
38685,1,5.53452
38686,1,5.53438
38687,1,5.53424
38688,1,5.53409
38689,1,5.53395
38690,1,5.53381
38691,1,5.53366
38692,1,5.53352
38693,1,5.53338
38694,1,5.53324
38695,1,5.53309
38696,1,5.53295
38697,1,5.53281
38698,1,5.53266
38699,1,5.53252
38700,1,5.53238
38701,1,5.53223
38702,1,5.53209
38703,1,5.53195
38704,1,5.53181
38705,1,5.53166
38706,1,5.53152
38707,1,5.53138
38708,1,5.53123
38709,1,5.53109
38710,1,5.53095
38711,1,5.53081
38712,1,5.53066
38713,1,5.53052
38714,1,5.53038
38715,1,5.53023
38716,1,5.53009
38717,1,5.52995
38718,1,5.52981
38719,1,5.52966
38720,1,5.52952
38721,1,5.52938
38722,1,5.52923
38723,1,5.52909
38724,1,5.52895
38725,1,5.52881
38726,1,5.52866
38727,1,5.52852
38728,1,5.52838
38729,1,5.52823
38730,1,5.52809
38731,1,5.52795
38732,1,5.52781
38733,1,5.52766
38734,1,5.52752
38735,1,5.52738
38736,1,5.52724
38737,1,5.52709
38738,1,5.52695
38739,1,5.52681
38740,1,5.52666
38741,1,5.52652
38742,1,5.52638
38743,1,5.52624
38744,1,5.52609
38745,1,5.52595
38746,1,5.52581
38747,1,5.52567
38748,1,5.52552
38749,1,5.52538
38750,1,5.52524
38751,1,5.5251
38752,1,5.52495
38753,1,5.52481
38754,1,5.52467
38755,1,5.52453
38756,1,5.52438
38757,1,5.52424
38758,1,5.5241
38759,1,5.52396
38760,1,5.52381
38761,1,5.52367
38762,1,5.52353
38763,1,5.52339
38764,1,5.52324
38765,1,5.5231
38766,1,5.52296
38767,1,5.52282
38768,1,5.52267
38769,1,5.52253
38770,1,5.52239
38771,1,5.52225
38772,1,5.5221
38773,1,5.52196
38774,1,5.52182
38775,1,5.52168
38776,1,5.52153
38777,1,5.52139
38778,1,5.52125
38779,1,5.52111
38780,1,5.52096
38781,1,5.52082
38782,1,5.52068
38783,1,5.52054
38784,1,5.5204
38785,1,5.52025
38786,1,5.52011
38787,1,5.51997
38788,1,5.51983
38789,1,5.51968
38790,1,5.51954
38791,1,5.5194
38792,1,5.51926
38793,1,5.51911
38794,1,5.51897
38795,1,5.51883
38796,1,5.51869
38797,1,5.51855
38798,1,5.5184
38799,1,5.51826
38800,1,5.51812
38801,1,5.51798
38802,1,5.51783
38803,1,5.51769
38804,1,5.51755
38805,1,5.51741
38806,1,5.51727
38807,1,5.51712
38808,1,5.51698
38809,1,5.51684
38810,1,5.5167
38811,1,5.51655
38812,1,5.51641
38813,1,5.51627
38814,1,5.51613
38815,1,5.51599
38816,1,5.51584
38817,1,5.5157
38818,1,5.51556
38819,1,5.51542
38820,1,5.51528
38821,1,5.51513
38822,1,5.51499
38823,1,5.51485
38824,1,5.51471
38825,1,5.51457
38826,1,5.51442
38827,1,5.51428
38828,1,5.51414
38829,1,5.514
38830,1,5.51386
38831,1,5.51371
38832,1,5.51357
38833,1,5.51343
38834,1,5.51329
38835,1,5.51315
38836,1,5.513
38837,1,5.51286
38838,1,5.51272
38839,1,5.51258
38840,1,5.51244
38841,1,5.51229
38842,1,5.51215
38843,1,5.51201
38844,1,5.51187
38845,1,5.51173
38846,1,5.51158
38847,1,5.51144
38848,1,5.5113
38849,1,5.51116
38850,1,5.51102
38851,1,5.51087
38852,1,5.51073
38853,1,5.51059
38854,1,5.51045
38855,1,5.51031
38856,1,5.51017
38857,1,5.51002
38858,1,5.50988
38859,1,5.50974
38860,1,5.5096
38861,1,5.50946
38862,1,5.50932
38863,1,5.50917
38864,1,5.50903
38865,1,5.50889
38866,1,5.50875
38867,1,5.50861
38868,1,5.50846
38869,1,5.50832
38870,1,5.50818
38871,1,5.50804
38872,1,5.5079
38873,1,5.50776
38874,1,5.50761
38875,1,5.50747
38876,1,5.50733
38877,1,5.50719
38878,1,5.50705
38879,1,5.50691
38880,1,5.50676
38881,1,5.50662
38882,1,5.50648
38883,1,5.50634
38884,1,5.5062
38885,1,5.50606
38886,1,5.50591
38887,1,5.50577
38888,1,5.50563
38889,1,5.50549
38890,1,5.50535
38891,1,5.50521
38892,1,5.50507
38893,1,5.50492
38894,1,5.50478
38895,1,5.50464
38896,1,5.5045
38897,1,5.50436
38898,1,5.50422
38899,1,5.50407
38900,1,5.50393
38901,1,5.50379
38902,1,5.50365
38903,1,5.50351
38904,1,5.50337
38905,1,5.50323
38906,1,5.50308
38907,1,5.50294
38908,1,5.5028
38909,1,5.50266
38910,1,5.50252
38911,1,5.50238
38912,1,5.50224
38913,1,5.50209
38914,1,5.50195
38915,1,5.50181
38916,1,5.50167
38917,1,5.50153
38918,1,5.50139
38919,1,5.50125
38920,1,5.5011
38921,1,5.50096
38922,1,5.50082
38923,1,5.50068
38924,1,5.50054
38925,1,5.5004
38926,1,5.50026
38927,1,5.50012
38928,1,5.49997
38929,1,5.49983
38930,1,5.49969
38931,1,5.49955
38932,1,5.49941
38933,1,5.49927
38934,1,5.49913
38935,1,5.49899
38936,1,5.49884
38937,1,5.4987
38938,1,5.49856
38939,1,5.49842
38940,1,5.49828
38941,1,5.49814
38942,1,5.498
38943,1,5.49786
38944,1,5.49771
38945,1,5.49757
38946,1,5.49743
38947,1,5.49729
38948,1,5.49715
38949,1,5.49701
38950,1,5.49687
38951,1,5.49673
38952,1,5.49659
38953,1,5.49644
38954,1,5.4963
38955,1,5.49616
38956,1,5.49602
38957,1,5.49588
38958,1,5.49574
38959,1,5.4956
38960,1,5.49546
38961,1,5.49532
38962,1,5.49517
38963,1,5.49503
38964,1,5.49489
38965,1,5.49475
38966,1,5.49461
38967,1,5.49447
38968,1,5.49433
38969,1,5.49419
38970,1,5.49405
38971,1,5.49391
38972,1,5.49376
38973,1,5.49362
38974,1,5.49348
38975,1,5.49334
38976,1,5.4932
38977,1,5.49306
38978,1,5.49292
38979,1,5.49278
38980,1,5.49264
38981,1,5.4925
38982,1,5.49236
38983,1,5.49221
38984,1,5.49207
38985,1,5.49193
38986,1,5.49179
38987,1,5.49165
38988,1,5.49151
38989,1,5.49137
38990,1,5.49123
38991,1,5.49109
38992,1,5.49095
38993,1,5.49081
38994,1,5.49067
38995,1,5.49052
38996,1,5.49038
38997,1,5.49024
38998,1,5.4901
38999,1,5.48996
39000,1,5.48982
39001,1,5.48968
39002,1,5.48954
39003,1,5.4894
39004,1,5.48926
39005,1,5.48912
39006,1,5.48898
39007,1,5.48884
39008,1,5.48869
39009,1,5.48855
39010,1,5.48841
39011,1,5.48827
39012,1,5.48813
39013,1,5.48799
39014,1,5.48785
39015,1,5.48771
39016,1,5.48757
39017,1,5.48743
39018,1,5.48729
39019,1,5.48715
39020,1,5.48701
39021,1,5.48687
39022,1,5.48673
39023,1,5.48658
39024,1,5.48644
39025,1,5.4863
39026,1,5.48616
39027,1,5.48602
39028,1,5.48588
39029,1,5.48574
39030,1,5.4856
39031,1,5.48546
39032,1,5.48532
39033,1,5.48518
39034,1,5.48504
39035,1,5.4849
39036,1,5.48476
39037,1,5.48462
39038,1,5.48448
39039,1,5.48434
39040,1,5.4842
39041,1,5.48406
39042,1,5.48391
39043,1,5.48377
39044,1,5.48363
39045,1,5.48349
39046,1,5.48335
39047,1,5.48321
39048,1,5.48307
39049,1,5.48293
39050,1,5.48279
39051,1,5.48265
39052,1,5.48251
39053,1,5.48237
39054,1,5.48223
39055,1,5.48209
39056,1,5.48195
39057,1,5.48181
39058,1,5.48167
39059,1,5.48153
39060,1,5.48139
39061,1,5.48125
39062,1,5.48111
39063,1,5.48097
39064,1,5.48083
39065,1,5.48069
39066,1,5.48055
39067,1,5.48041
39068,1,5.48027
39069,1,5.48012
39070,1,5.47998
39071,1,5.47984
39072,1,5.4797
39073,1,5.47956
39074,1,5.47942
39075,1,5.47928
39076,1,5.47914
39077,1,5.479
39078,1,5.47886
39079,1,5.47872
39080,1,5.47858
39081,1,5.47844
39082,1,5.4783
39083,1,5.47816
39084,1,5.47802
39085,1,5.47788
39086,1,5.47774
39087,1,5.4776
39088,1,5.47746
39089,1,5.47732
39090,1,5.47718
39091,1,5.47704
39092,1,5.4769
39093,1,5.47676
39094,1,5.47662
39095,1,5.47648
39096,1,5.47634
39097,1,5.4762
39098,1,5.47606
39099,1,5.47592
39100,1,5.47578
39101,1,5.47564
39102,1,5.4755
39103,1,5.47536
39104,1,5.47522
39105,1,5.47508
39106,1,5.47494
39107,1,5.4748
39108,1,5.47466
39109,1,5.47452
39110,1,5.47438
39111,1,5.47424
39112,1,5.4741
39113,1,5.47396
39114,1,5.47382
39115,1,5.47368
39116,1,5.47354
39117,1,5.4734
39118,1,5.47326
39119,1,5.47312
39120,1,5.47298
39121,1,5.47284
39122,1,5.4727
39123,1,5.47256
39124,1,5.47242
39125,1,5.47228
39126,1,5.47214
39127,1,5.472
39128,1,5.47186
39129,1,5.47172
39130,1,5.47158
39131,1,5.47144
39132,1,5.4713
39133,1,5.47116
39134,1,5.47102
39135,1,5.47088
39136,1,5.47074
39137,1,5.4706
39138,1,5.47046
39139,1,5.47032
39140,1,5.47018
39141,1,5.47004
39142,1,5.4699
39143,1,5.46976
39144,1,5.46962
39145,1,5.46949
39146,1,5.46935
39147,1,5.46921
39148,1,5.46907
39149,1,5.46893
39150,1,5.46879
39151,1,5.46865
39152,1,5.46851
39153,1,5.46837
39154,1,5.46823
39155,1,5.46809
39156,1,5.46795
39157,1,5.46781
39158,1,5.46767
39159,1,5.46753
39160,1,5.46739
39161,1,5.46725
39162,1,5.46711
39163,1,5.46697
39164,1,5.46683
39165,1,5.46669
39166,1,5.46655
39167,1,5.46641
39168,1,5.46627
39169,1,5.46613
39170,1,5.46599
39171,1,5.46585
39172,1,5.46572
39173,1,5.46558
39174,1,5.46544
39175,1,5.4653
39176,1,5.46516
39177,1,5.46502
39178,1,5.46488
39179,1,5.46474
39180,1,5.4646
39181,1,5.46446
39182,1,5.46432
39183,1,5.46418
39184,1,5.46404
39185,1,5.4639
39186,1,5.46376
39187,1,5.46362
39188,1,5.46348
39189,1,5.46334
39190,1,5.4632
39191,1,5.46307
39192,1,5.46293
39193,1,5.46279
39194,1,5.46265
39195,1,5.46251
39196,1,5.46237
39197,1,5.46223
39198,1,5.46209
39199,1,5.46195
39200,1,5.46181
39201,1,5.46167
39202,1,5.46153
39203,1,5.46139
39204,1,5.46125
39205,1,5.46111
39206,1,5.46098
39207,1,5.46084
39208,1,5.4607
39209,1,5.46056
39210,1,5.46042
39211,1,5.46028
39212,1,5.46014
39213,1,5.46
39214,1,5.45986
39215,1,5.45972
39216,1,5.45958
39217,1,5.45944
39218,1,5.4593
39219,1,5.45917
39220,1,5.45903
39221,1,5.45889
39222,1,5.45875
39223,1,5.45861
39224,1,5.45847
39225,1,5.45833
39226,1,5.45819
39227,1,5.45805
39228,1,5.45791
39229,1,5.45777
39230,1,5.45763
39231,1,5.4575
39232,1,5.45736
39233,1,5.45722
39234,1,5.45708
39235,1,5.45694
39236,1,5.4568
39237,1,5.45666
39238,1,5.45652
39239,1,5.45638
39240,1,5.45624
39241,1,5.4561
39242,1,5.45597
39243,1,5.45583
39244,1,5.45569
39245,1,5.45555
39246,1,5.45541
39247,1,5.45527
39248,1,5.45513
39249,1,5.45499
39250,1,5.45485
39251,1,5.45471
39252,1,5.45458
39253,1,5.45444
39254,1,5.4543
39255,1,5.45416
39256,1,5.45402
39257,1,5.45388
39258,1,5.45374
39259,1,5.4536
39260,1,5.45346
39261,1,5.45333
39262,1,5.45319
39263,1,5.45305
39264,1,5.45291
39265,1,5.45277
39266,1,5.45263
39267,1,5.45249
39268,1,5.45235
39269,1,5.45221
39270,1,5.45208
39271,1,5.45194
39272,1,5.4518
39273,1,5.45166
39274,1,5.45152
39275,1,5.45138
39276,1,5.45124
39277,1,5.4511
39278,1,5.45096
39279,1,5.45083
39280,1,5.45069
39281,1,5.45055
39282,1,5.45041
39283,1,5.45027
39284,1,5.45013
39285,1,5.44999
39286,1,5.44985
39287,1,5.44972
39288,1,5.44958
39289,1,5.44944
39290,1,5.4493
39291,1,5.44916
39292,1,5.44902
39293,1,5.44888
39294,1,5.44875
39295,1,5.44861
39296,1,5.44847
39297,1,5.44833
39298,1,5.44819
39299,1,5.44805
39300,1,5.44791
39301,1,5.44777
39302,1,5.44764
39303,1,5.4475
39304,1,5.44736
39305,1,5.44722
39306,1,5.44708
39307,1,5.44694
39308,1,5.4468
39309,1,5.44667
39310,1,5.44653
39311,1,5.44639
39312,1,5.44625
39313,1,5.44611
39314,1,5.44597
39315,1,5.44583
39316,1,5.4457
39317,1,5.44556
39318,1,5.44542
39319,1,5.44528
39320,1,5.44514
39321,1,5.445
39322,1,5.44487
39323,1,5.44473
39324,1,5.44459
39325,1,5.44445
39326,1,5.44431
39327,1,5.44417
39328,1,5.44403
39329,1,5.4439
39330,1,5.44376
39331,1,5.44362
39332,1,5.44348
39333,1,5.44334
39334,1,5.4432
39335,1,5.44307
39336,1,5.44293
39337,1,5.44279
39338,1,5.44265
39339,1,5.44251
39340,1,5.44237
39341,1,5.44224
39342,1,5.4421
39343,1,5.44196
39344,1,5.44182
39345,1,5.44168
39346,1,5.44154
39347,1,5.44141
39348,1,5.44127
39349,1,5.44113
39350,1,5.44099
39351,1,5.44085
39352,1,5.44071
39353,1,5.44058
39354,1,5.44044
39355,1,5.4403
39356,1,5.44016
39357,1,5.44002
39358,1,5.43989
39359,1,5.43975
39360,1,5.43961
39361,1,5.43947
39362,1,5.43933
39363,1,5.43919
39364,1,5.43906
39365,1,5.43892
39366,1,5.43878
39367,1,5.43864
39368,1,5.4385
39369,1,5.43837
39370,1,5.43823
39371,1,5.43809
39372,1,5.43795
39373,1,5.43781
39374,1,5.43767
39375,1,5.43754
39376,1,5.4374
39377,1,5.43726
39378,1,5.43712
39379,1,5.43698
39380,1,5.43685
39381,1,5.43671
39382,1,5.43657
39383,1,5.43643
39384,1,5.43629
39385,1,5.43616
39386,1,5.43602
39387,1,5.43588
39388,1,5.43574
39389,1,5.4356
39390,1,5.43547
39391,1,5.43533
39392,1,5.43519
39393,1,5.43505
39394,1,5.43491
39395,1,5.43478
39396,1,5.43464
39397,1,5.4345
39398,1,5.43436
39399,1,5.43422
39400,1,5.43409
39401,1,5.43395
39402,1,5.43381
39403,1,5.43367
39404,1,5.43353
39405,1,5.4334
39406,1,5.43326
39407,1,5.43312
39408,1,5.43298
39409,1,5.43285
39410,1,5.43271
39411,1,5.43257
39412,1,5.43243
39413,1,5.43229
39414,1,5.43216
39415,1,5.43202
39416,1,5.43188
39417,1,5.43174
39418,1,5.4316
39419,1,5.43147
39420,1,5.43133
39421,1,5.43119
39422,1,5.43105
39423,1,5.43092
39424,1,5.43078
39425,1,5.43064
39426,1,5.4305
39427,1,5.43036
39428,1,5.43023
39429,1,5.43009
39430,1,5.42995
39431,1,5.42981
39432,1,5.42968
39433,1,5.42954
39434,1,5.4294
39435,1,5.42926
39436,1,5.42913
39437,1,5.42899
39438,1,5.42885
39439,1,5.42871
39440,1,5.42858
39441,1,5.42844
39442,1,5.4283
39443,1,5.42816
39444,1,5.42802
39445,1,5.42789
39446,1,5.42775
39447,1,5.42761
39448,1,5.42747
39449,1,5.42734
39450,1,5.4272
39451,1,5.42706
39452,1,5.42692
39453,1,5.42679
39454,1,5.42665
39455,1,5.42651
39456,1,5.42637
39457,1,5.42624
39458,1,5.4261
39459,1,5.42596
39460,1,5.42582
39461,1,5.42569
39462,1,5.42555
39463,1,5.42541
39464,1,5.42527
39465,1,5.42514
39466,1,5.425
39467,1,5.42486
39468,1,5.42472
39469,1,5.42459
39470,1,5.42445
39471,1,5.42431
39472,1,5.42417
39473,1,5.42404
39474,1,5.4239
39475,1,5.42376
39476,1,5.42362
39477,1,5.42349
39478,1,5.42335
39479,1,5.42321
39480,1,5.42307
39481,1,5.42294
39482,1,5.4228
39483,1,5.42266
39484,1,5.42253
39485,1,5.42239
39486,1,5.42225
39487,1,5.42211
39488,1,5.42198
39489,1,5.42184
39490,1,5.4217
39491,1,5.42156
39492,1,5.42143
39493,1,5.42129
39494,1,5.42115
39495,1,5.42102
39496,1,5.42088
39497,1,5.42074
39498,1,5.4206
39499,1,5.42047
39500,1,5.42033
39501,1,5.42019
39502,1,5.42005
39503,1,5.41992
39504,1,5.41978
39505,1,5.41964
39506,1,5.41951
39507,1,5.41937
39508,1,5.41923
39509,1,5.41909
39510,1,5.41896
39511,1,5.41882
39512,1,5.41868
39513,1,5.41855
39514,1,5.41841
39515,1,5.41827
39516,1,5.41813
39517,1,5.418
39518,1,5.41786
39519,1,5.41772
39520,1,5.41759
39521,1,5.41745
39522,1,5.41731
39523,1,5.41717
39524,1,5.41704
39525,1,5.4169
39526,1,5.41676
39527,1,5.41663
39528,1,5.41649
39529,1,5.41635
39530,1,5.41622
39531,1,5.41608
39532,1,5.41594
39533,1,5.4158
39534,1,5.41567
39535,1,5.41553
39536,1,5.41539
39537,1,5.41526
39538,1,5.41512
39539,1,5.41498
39540,1,5.41485
39541,1,5.41471
39542,1,5.41457
39543,1,5.41443
39544,1,5.4143
39545,1,5.41416
39546,1,5.41402
39547,1,5.41389
39548,1,5.41375
39549,1,5.41361
39550,1,5.41348
39551,1,5.41334
39552,1,5.4132
39553,1,5.41307
39554,1,5.41293
39555,1,5.41279
39556,1,5.41266
39557,1,5.41252
39558,1,5.41238
39559,1,5.41225
39560,1,5.41211
39561,1,5.41197
39562,1,5.41183
39563,1,5.4117
39564,1,5.41156
39565,1,5.41142
39566,1,5.41129
39567,1,5.41115
39568,1,5.41101
39569,1,5.41088
39570,1,5.41074
39571,1,5.4106
39572,1,5.41047
39573,1,5.41033
39574,1,5.41019
39575,1,5.41006
39576,1,5.40992
39577,1,5.40978
39578,1,5.40965
39579,1,5.40951
39580,1,5.40937
39581,1,5.40924
39582,1,5.4091
39583,1,5.40896
39584,1,5.40883
39585,1,5.40869
39586,1,5.40855
39587,1,5.40842
39588,1,5.40828
39589,1,5.40814
39590,1,5.40801
39591,1,5.40787
39592,1,5.40773
39593,1,5.4076
39594,1,5.40746
39595,1,5.40732
39596,1,5.40719
39597,1,5.40705
39598,1,5.40691
39599,1,5.40678
39600,1,5.40664
39601,1,5.4065
39602,1,5.40637
39603,1,5.40623
39604,1,5.4061
39605,1,5.40596
39606,1,5.40582
39607,1,5.40569
39608,1,5.40555
39609,1,5.40541
39610,1,5.40528
39611,1,5.40514
39612,1,5.405
39613,1,5.40487
39614,1,5.40473
39615,1,5.40459
39616,1,5.40446
39617,1,5.40432
39618,1,5.40418
39619,1,5.40405
39620,1,5.40391
39621,1,5.40378
39622,1,5.40364
39623,1,5.4035
39624,1,5.40337
39625,1,5.40323
39626,1,5.40309
39627,1,5.40296
39628,1,5.40282
39629,1,5.40268
39630,1,5.40255
39631,1,5.40241
39632,1,5.40228
39633,1,5.40214
39634,1,5.402
39635,1,5.40187
39636,1,5.40173
39637,1,5.40159
39638,1,5.40146
39639,1,5.40132
39640,1,5.40119
39641,1,5.40105
39642,1,5.40091
39643,1,5.40078
39644,1,5.40064
39645,1,5.4005
39646,1,5.40037
39647,1,5.40023
39648,1,5.4001
39649,1,5.39996
39650,1,5.39982
39651,1,5.39969
39652,1,5.39955
39653,1,5.39941
39654,1,5.39928
39655,1,5.39914
39656,1,5.39901
39657,1,5.39887
39658,1,5.39873
39659,1,5.3986
39660,1,5.39846
39661,1,5.39833
39662,1,5.39819
39663,1,5.39805
39664,1,5.39792
39665,1,5.39778
39666,1,5.39765
39667,1,5.39751
39668,1,5.39737
39669,1,5.39724
39670,1,5.3971
39671,1,5.39697
39672,1,5.39683
39673,1,5.39669
39674,1,5.39656
39675,1,5.39642
39676,1,5.39628
39677,1,5.39615
39678,1,5.39601
39679,1,5.39588
39680,1,5.39574
39681,1,5.3956
39682,1,5.39547
39683,1,5.39533
39684,1,5.3952
39685,1,5.39506
39686,1,5.39493
39687,1,5.39479
39688,1,5.39465
39689,1,5.39452
39690,1,5.39438
39691,1,5.39425
39692,1,5.39411
39693,1,5.39397
39694,1,5.39384
39695,1,5.3937
39696,1,5.39357
39697,1,5.39343
39698,1,5.39329
39699,1,5.39316
39700,1,5.39302
39701,1,5.39289
39702,1,5.39275
39703,1,5.39262
39704,1,5.39248
39705,1,5.39234
39706,1,5.39221
39707,1,5.39207
39708,1,5.39194
39709,1,5.3918
39710,1,5.39166
39711,1,5.39153
39712,1,5.39139
39713,1,5.39126
39714,1,5.39112
39715,1,5.39099
39716,1,5.39085
39717,1,5.39071
39718,1,5.39058
39719,1,5.39044
39720,1,5.39031
39721,1,5.39017
39722,1,5.39004
39723,1,5.3899
39724,1,5.38976
39725,1,5.38963
39726,1,5.38949
39727,1,5.38936
39728,1,5.38922
39729,1,5.38909
39730,1,5.38895
39731,1,5.38881
39732,1,5.38868
39733,1,5.38854
39734,1,5.38841
39735,1,5.38827
39736,1,5.38814
39737,1,5.388
39738,1,5.38787
39739,1,5.38773
39740,1,5.38759
39741,1,5.38746
39742,1,5.38732
39743,1,5.38719
39744,1,5.38705
39745,1,5.38692
39746,1,5.38678
39747,1,5.38665
39748,1,5.38651
39749,1,5.38637
39750,1,5.38624
39751,1,5.3861
39752,1,5.38597
39753,1,5.38583
39754,1,5.3857
39755,1,5.38556
39756,1,5.38543
39757,1,5.38529
39758,1,5.38516
39759,1,5.38502
39760,1,5.38488
39761,1,5.38475
39762,1,5.38461
39763,1,5.38448
39764,1,5.38434
39765,1,5.38421
39766,1,5.38407
39767,1,5.38394
39768,1,5.3838
39769,1,5.38367
39770,1,5.38353
39771,1,5.38339
39772,1,5.38326
39773,1,5.38312
39774,1,5.38299
39775,1,5.38285
39776,1,5.38272
39777,1,5.38258
39778,1,5.38245
39779,1,5.38231
39780,1,5.38218
39781,1,5.38204
39782,1,5.38191
39783,1,5.38177
39784,1,5.38164
39785,1,5.3815
39786,1,5.38137
39787,1,5.38123
39788,1,5.38109
39789,1,5.38096
39790,1,5.38082
39791,1,5.38069
39792,1,5.38055
39793,1,5.38042
39794,1,5.38028
39795,1,5.38015
39796,1,5.38001
39797,1,5.37988
39798,1,5.37974
39799,1,5.37961
39800,1,5.37947
39801,1,5.37934
39802,1,5.3792
39803,1,5.37907
39804,1,5.37893
39805,1,5.3788
39806,1,5.37866
39807,1,5.37853
39808,1,5.37839
39809,1,5.37826
39810,1,5.37812
39811,1,5.37799
39812,1,5.37785
39813,1,5.37772
39814,1,5.37758
39815,1,5.37745
39816,1,5.37731
39817,1,5.37718
39818,1,5.37704
39819,1,5.37691
39820,1,5.37677
39821,1,5.37664
39822,1,5.3765
39823,1,5.37637
39824,1,5.37623
39825,1,5.3761
39826,1,5.37596
39827,1,5.37583
39828,1,5.37569
39829,1,5.37556
39830,1,5.37542
39831,1,5.37529
39832,1,5.37515
39833,1,5.37502
39834,1,5.37488
39835,1,5.37475
39836,1,5.37461
39837,1,5.37448
39838,1,5.37434
39839,1,5.37421
39840,1,5.37407
39841,1,5.37394
39842,1,5.3738
39843,1,5.37367
39844,1,5.37353
39845,1,5.3734
39846,1,5.37326
39847,1,5.37313
39848,1,5.37299
39849,1,5.37286
39850,1,5.37272
39851,1,5.37259
39852,1,5.37245
39853,1,5.37232
39854,1,5.37218
39855,1,5.37205
39856,1,5.37191
39857,1,5.37178
39858,1,5.37164
39859,1,5.37151
39860,1,5.37137
39861,1,5.37124
39862,1,5.37111
39863,1,5.37097
39864,1,5.37084
39865,1,5.3707
39866,1,5.37057
39867,1,5.37043
39868,1,5.3703
39869,1,5.37016
39870,1,5.37003
39871,1,5.36989
39872,1,5.36976
39873,1,5.36962
39874,1,5.36949
39875,1,5.36935
39876,1,5.36922
39877,1,5.36908
39878,1,5.36895
39879,1,5.36882
39880,1,5.36868
39881,1,5.36855
39882,1,5.36841
39883,1,5.36828
39884,1,5.36814
39885,1,5.36801
39886,1,5.36787
39887,1,5.36774
39888,1,5.3676
39889,1,5.36747
39890,1,5.36734
39891,1,5.3672
39892,1,5.36707
39893,1,5.36693
39894,1,5.3668
39895,1,5.36666
39896,1,5.36653
39897,1,5.36639
39898,1,5.36626
39899,1,5.36612
39900,1,5.36599
39901,1,5.36586
39902,1,5.36572
39903,1,5.36559
39904,1,5.36545
39905,1,5.36532
39906,1,5.36518
39907,1,5.36505
39908,1,5.36491
39909,1,5.36478
39910,1,5.36465
39911,1,5.36451
39912,1,5.36438
39913,1,5.36424
39914,1,5.36411
39915,1,5.36397
39916,1,5.36384
39917,1,5.3637
39918,1,5.36357
39919,1,5.36344
39920,1,5.3633
39921,1,5.36317
39922,1,5.36303
39923,1,5.3629
39924,1,5.36276
39925,1,5.36263
39926,1,5.3625
39927,1,5.36236
39928,1,5.36223
39929,1,5.36209
39930,1,5.36196
39931,1,5.36182
39932,1,5.36169
39933,1,5.36156
39934,1,5.36142
39935,1,5.36129
39936,1,5.36115
39937,1,5.36102
39938,1,5.36088
39939,1,5.36075
39940,1,5.36062
39941,1,5.36048
39942,1,5.36035
39943,1,5.36021
39944,1,5.36008
39945,1,5.35994
39946,1,5.35981
39947,1,5.35968
39948,1,5.35954
39949,1,5.35941
39950,1,5.35927
39951,1,5.35914
39952,1,5.35901
39953,1,5.35887
39954,1,5.35874
39955,1,5.3586
39956,1,5.35847
39957,1,5.35834
39958,1,5.3582
39959,1,5.35807
39960,1,5.35793
39961,1,5.3578
39962,1,5.35766
39963,1,5.35753
39964,1,5.3574
39965,1,5.35726
39966,1,5.35713
39967,1,5.35699
39968,1,5.35686
39969,1,5.35673
39970,1,5.35659
39971,1,5.35646
39972,1,5.35632
39973,1,5.35619
39974,1,5.35606
39975,1,5.35592
39976,1,5.35579
39977,1,5.35565
39978,1,5.35552
39979,1,5.35539
39980,1,5.35525
39981,1,5.35512
39982,1,5.35498
39983,1,5.35485
39984,1,5.35472
39985,1,5.35458
39986,1,5.35445
39987,1,5.35432
39988,1,5.35418
39989,1,5.35405
39990,1,5.35391
39991,1,5.35378
39992,1,5.35365
39993,1,5.35351
39994,1,5.35338
39995,1,5.35324
39996,1,5.35311
39997,1,5.35298
39998,1,5.35284
39999,1,5.35271
40000,1,5.35257
40001,1,5.35244
40002,1,5.35231
40003,1,5.35217
40004,1,5.35204
40005,1,5.35191
40006,1,5.35177
40007,1,5.35164
40008,1,5.3515
40009,1,5.35137
40010,1,5.35124
40011,1,5.3511
40012,1,5.35097
40013,1,5.35084
40014,1,5.3507
40015,1,5.35057
40016,1,5.35043
40017,1,5.3503
40018,1,5.35017
40019,1,5.35003
40020,1,5.3499
40021,1,5.34977
40022,1,5.34963
40023,1,5.3495
40024,1,5.34937
40025,1,5.34923
40026,1,5.3491
40027,1,5.34896
40028,1,5.34883
40029,1,5.3487
40030,1,5.34856
40031,1,5.34843
40032,1,5.3483
40033,1,5.34816
40034,1,5.34803
40035,1,5.3479
40036,1,5.34776
40037,1,5.34763
40038,1,5.34749
40039,1,5.34736
40040,1,5.34723
40041,1,5.34709
40042,1,5.34696
40043,1,5.34683
40044,1,5.34669
40045,1,5.34656
40046,1,5.34643
40047,1,5.34629
40048,1,5.34616
40049,1,5.34603
40050,1,5.34589
40051,1,5.34576
40052,1,5.34563
40053,1,5.34549
40054,1,5.34536
40055,1,5.34523
40056,1,5.34509
40057,1,5.34496
40058,1,5.34483
40059,1,5.34469
40060,1,5.34456
40061,1,5.34442
40062,1,5.34429
40063,1,5.34416
40064,1,5.34402
40065,1,5.34389
40066,1,5.34376
40067,1,5.34362
40068,1,5.34349
40069,1,5.34336
40070,1,5.34322
40071,1,5.34309
40072,1,5.34296
40073,1,5.34282
40074,1,5.34269
40075,1,5.34256
40076,1,5.34242
40077,1,5.34229
40078,1,5.34216
40079,1,5.34202
40080,1,5.34189
40081,1,5.34176
40082,1,5.34162
40083,1,5.34149
40084,1,5.34136
40085,1,5.34122
40086,1,5.34109
40087,1,5.34096
40088,1,5.34083
40089,1,5.34069
40090,1,5.34056
40091,1,5.34043
40092,1,5.34029
40093,1,5.34016
40094,1,5.34003
40095,1,5.33989
40096,1,5.33976
40097,1,5.33963
40098,1,5.33949
40099,1,5.33936
40100,1,5.33923
40101,1,5.33909
40102,1,5.33896
40103,1,5.33883
40104,1,5.33869
40105,1,5.33856
40106,1,5.33843
40107,1,5.3383
40108,1,5.33816
40109,1,5.33803
40110,1,5.3379
40111,1,5.33776
40112,1,5.33763
40113,1,5.3375
40114,1,5.33736
40115,1,5.33723
40116,1,5.3371
40117,1,5.33696
40118,1,5.33683
40119,1,5.3367
40120,1,5.33657
40121,1,5.33643
40122,1,5.3363
40123,1,5.33617
40124,1,5.33603
40125,1,5.3359
40126,1,5.33577
40127,1,5.33563
40128,1,5.3355
40129,1,5.33537
40130,1,5.33524
40131,1,5.3351
40132,1,5.33497
40133,1,5.33484
40134,1,5.3347
40135,1,5.33457
40136,1,5.33444
40137,1,5.33431
40138,1,5.33417
40139,1,5.33404
40140,1,5.33391
40141,1,5.33377
40142,1,5.33364
40143,1,5.33351
40144,1,5.33337
40145,1,5.33324
40146,1,5.33311
40147,1,5.33298
40148,1,5.33284
40149,1,5.33271
40150,1,5.33258
40151,1,5.33245
40152,1,5.33231
40153,1,5.33218
40154,1,5.33205
40155,1,5.33191
40156,1,5.33178
40157,1,5.33165
40158,1,5.33152
40159,1,5.33138
40160,1,5.33125
40161,1,5.33112
40162,1,5.33098
40163,1,5.33085
40164,1,5.33072
40165,1,5.33059
40166,1,5.33045
40167,1,5.33032
40168,1,5.33019
40169,1,5.33006
40170,1,5.32992
40171,1,5.32979
40172,1,5.32966
40173,1,5.32952
40174,1,5.32939
40175,1,5.32926
40176,1,5.32913
40177,1,5.32899
40178,1,5.32886
40179,1,5.32873
40180,1,5.3286
40181,1,5.32846
40182,1,5.32833
40183,1,5.3282
40184,1,5.32807
40185,1,5.32793
40186,1,5.3278
40187,1,5.32767
40188,1,5.32754
40189,1,5.3274
40190,1,5.32727
40191,1,5.32714
40192,1,5.32701
40193,1,5.32687
40194,1,5.32674
40195,1,5.32661
40196,1,5.32648
40197,1,5.32634
40198,1,5.32621
40199,1,5.32608
40200,1,5.32595
40201,1,5.32581
40202,1,5.32568
40203,1,5.32555
40204,1,5.32542
40205,1,5.32528
40206,1,5.32515
40207,1,5.32502
40208,1,5.32489
40209,1,5.32475
40210,1,5.32462
40211,1,5.32449
40212,1,5.32436
40213,1,5.32422
40214,1,5.32409
40215,1,5.32396
40216,1,5.32383
40217,1,5.32369
40218,1,5.32356
40219,1,5.32343
40220,1,5.3233
40221,1,5.32316
40222,1,5.32303
40223,1,5.3229
40224,1,5.32277
40225,1,5.32264
40226,1,5.3225
40227,1,5.32237
40228,1,5.32224
40229,1,5.32211
40230,1,5.32197
40231,1,5.32184
40232,1,5.32171
40233,1,5.32158
40234,1,5.32144
40235,1,5.32131
40236,1,5.32118
40237,1,5.32105
40238,1,5.32092
40239,1,5.32078
40240,1,5.32065
40241,1,5.32052
40242,1,5.32039
40243,1,5.32025
40244,1,5.32012
40245,1,5.31999
40246,1,5.31986
40247,1,5.31973
40248,1,5.31959
40249,1,5.31946
40250,1,5.31933
40251,1,5.3192
40252,1,5.31906
40253,1,5.31893
40254,1,5.3188
40255,1,5.31867
40256,1,5.31854
40257,1,5.3184
40258,1,5.31827
40259,1,5.31814
40260,1,5.31801
40261,1,5.31788
40262,1,5.31774
40263,1,5.31761
40264,1,5.31748
40265,1,5.31735
40266,1,5.31722
40267,1,5.31708
40268,1,5.31695
40269,1,5.31682
40270,1,5.31669
40271,1,5.31656
40272,1,5.31642
40273,1,5.31629
40274,1,5.31616
40275,1,5.31603
40276,1,5.3159
40277,1,5.31576
40278,1,5.31563
40279,1,5.3155
40280,1,5.31537
40281,1,5.31524
40282,1,5.3151
40283,1,5.31497
40284,1,5.31484
40285,1,5.31471
40286,1,5.31458
40287,1,5.31444
40288,1,5.31431
40289,1,5.31418
40290,1,5.31405
40291,1,5.31392
40292,1,5.31378
40293,1,5.31365
40294,1,5.31352
40295,1,5.31339
40296,1,5.31326
40297,1,5.31313
40298,1,5.31299
40299,1,5.31286
40300,1,5.31273
40301,1,5.3126
40302,1,5.31247
40303,1,5.31233
40304,1,5.3122
40305,1,5.31207
40306,1,5.31194
40307,1,5.31181
40308,1,5.31168
40309,1,5.31154
40310,1,5.31141
40311,1,5.31128
40312,1,5.31115
40313,1,5.31102
40314,1,5.31088
40315,1,5.31075
40316,1,5.31062
40317,1,5.31049
40318,1,5.31036
40319,1,5.31023
40320,1,5.31009
40321,1,5.30996
40322,1,5.30983
40323,1,5.3097
40324,1,5.30957
40325,1,5.30944
40326,1,5.3093
40327,1,5.30917
40328,1,5.30904
40329,1,5.30891
40330,1,5.30878
40331,1,5.30865
40332,1,5.30851
40333,1,5.30838
40334,1,5.30825
40335,1,5.30812
40336,1,5.30799
40337,1,5.30786
40338,1,5.30772
40339,1,5.30759
40340,1,5.30746
40341,1,5.30733
40342,1,5.3072
40343,1,5.30707
40344,1,5.30694
40345,1,5.3068
40346,1,5.30667
40347,1,5.30654
40348,1,5.30641
40349,1,5.30628
40350,1,5.30615
40351,1,5.30601
40352,1,5.30588
40353,1,5.30575
40354,1,5.30562
40355,1,5.30549
40356,1,5.30536
40357,1,5.30523
40358,1,5.30509
40359,1,5.30496
40360,1,5.30483
40361,1,5.3047
40362,1,5.30457
40363,1,5.30444
40364,1,5.30431
40365,1,5.30417
40366,1,5.30404
40367,1,5.30391
40368,1,5.30378
40369,1,5.30365
40370,1,5.30352
40371,1,5.30339
40372,1,5.30325
40373,1,5.30312
40374,1,5.30299
40375,1,5.30286
40376,1,5.30273
40377,1,5.3026
40378,1,5.30247
40379,1,5.30234
40380,1,5.3022
40381,1,5.30207
40382,1,5.30194
40383,1,5.30181
40384,1,5.30168
40385,1,5.30155
40386,1,5.30142
40387,1,5.30129
40388,1,5.30115
40389,1,5.30102
40390,1,5.30089
40391,1,5.30076
40392,1,5.30063
40393,1,5.3005
40394,1,5.30037
40395,1,5.30024
40396,1,5.3001
40397,1,5.29997
40398,1,5.29984
40399,1,5.29971
40400,1,5.29958
40401,1,5.29945
40402,1,5.29932
40403,1,5.29919
40404,1,5.29905
40405,1,5.29892
40406,1,5.29879
40407,1,5.29866
40408,1,5.29853
40409,1,5.2984
40410,1,5.29827
40411,1,5.29814
40412,1,5.29801
40413,1,5.29787
40414,1,5.29774
40415,1,5.29761
40416,1,5.29748
40417,1,5.29735
40418,1,5.29722
40419,1,5.29709
40420,1,5.29696
40421,1,5.29683
40422,1,5.29669
40423,1,5.29656
40424,1,5.29643
40425,1,5.2963
40426,1,5.29617
40427,1,5.29604
40428,1,5.29591
40429,1,5.29578
40430,1,5.29565
40431,1,5.29552
40432,1,5.29538
40433,1,5.29525
40434,1,5.29512
40435,1,5.29499
40436,1,5.29486
40437,1,5.29473
40438,1,5.2946
40439,1,5.29447
40440,1,5.29434
40441,1,5.29421
40442,1,5.29408
40443,1,5.29394
40444,1,5.29381
40445,1,5.29368
40446,1,5.29355
40447,1,5.29342
40448,1,5.29329
40449,1,5.29316
40450,1,5.29303
40451,1,5.2929
40452,1,5.29277
40453,1,5.29264
40454,1,5.29251
40455,1,5.29237
40456,1,5.29224
40457,1,5.29211
40458,1,5.29198
40459,1,5.29185
40460,1,5.29172
40461,1,5.29159
40462,1,5.29146
40463,1,5.29133
40464,1,5.2912
40465,1,5.29107
40466,1,5.29094
40467,1,5.2908
40468,1,5.29067
40469,1,5.29054
40470,1,5.29041
40471,1,5.29028
40472,1,5.29015
40473,1,5.29002
40474,1,5.28989
40475,1,5.28976
40476,1,5.28963
40477,1,5.2895
40478,1,5.28937
40479,1,5.28924
40480,1,5.28911
40481,1,5.28898
40482,1,5.28884
40483,1,5.28871
40484,1,5.28858
40485,1,5.28845
40486,1,5.28832
40487,1,5.28819
40488,1,5.28806
40489,1,5.28793
40490,1,5.2878
40491,1,5.28767
40492,1,5.28754
40493,1,5.28741
40494,1,5.28728
40495,1,5.28715
40496,1,5.28702
40497,1,5.28689
40498,1,5.28675
40499,1,5.28662
40500,1,5.28649
40501,1,5.28636
40502,1,5.28623
40503,1,5.2861
40504,1,5.28597
40505,1,5.28584
40506,1,5.28571
40507,1,5.28558
40508,1,5.28545
40509,1,5.28532
40510,1,5.28519
40511,1,5.28506
40512,1,5.28493
40513,1,5.2848
40514,1,5.28467
40515,1,5.28454
40516,1,5.28441
40517,1,5.28428
40518,1,5.28415
40519,1,5.28401
40520,1,5.28388
40521,1,5.28375
40522,1,5.28362
40523,1,5.28349
40524,1,5.28336
40525,1,5.28323
40526,1,5.2831
40527,1,5.28297
40528,1,5.28284
40529,1,5.28271
40530,1,5.28258
40531,1,5.28245
40532,1,5.28232
40533,1,5.28219
40534,1,5.28206
40535,1,5.28193
40536,1,5.2818
40537,1,5.28167
40538,1,5.28154
40539,1,5.28141
40540,1,5.28128
40541,1,5.28115
40542,1,5.28102
40543,1,5.28089
40544,1,5.28076
40545,1,5.28063
40546,1,5.2805
40547,1,5.28037
40548,1,5.28024
40549,1,5.28011
40550,1,5.27998
40551,1,5.27985
40552,1,5.27971
40553,1,5.27958
40554,1,5.27945
40555,1,5.27932
40556,1,5.27919
40557,1,5.27906
40558,1,5.27893
40559,1,5.2788
40560,1,5.27867
40561,1,5.27854
40562,1,5.27841
40563,1,5.27828
40564,1,5.27815
40565,1,5.27802
40566,1,5.27789
40567,1,5.27776
40568,1,5.27763
40569,1,5.2775
40570,1,5.27737
40571,1,5.27724
40572,1,5.27711
40573,1,5.27698
40574,1,5.27685
40575,1,5.27672
40576,1,5.27659
40577,1,5.27646
40578,1,5.27633
40579,1,5.2762
40580,1,5.27607
40581,1,5.27594
40582,1,5.27581
40583,1,5.27568
40584,1,5.27555
40585,1,5.27542
40586,1,5.27529
40587,1,5.27516
40588,1,5.27503
40589,1,5.2749
40590,1,5.27477
40591,1,5.27464
40592,1,5.27451
40593,1,5.27438
40594,1,5.27425
40595,1,5.27412
40596,1,5.27399
40597,1,5.27386
40598,1,5.27373
40599,1,5.2736
40600,1,5.27347
40601,1,5.27334
40602,1,5.27321
40603,1,5.27308
40604,1,5.27295
40605,1,5.27282
40606,1,5.27269
40607,1,5.27256
40608,1,5.27243
40609,1,5.2723
40610,1,5.27217
40611,1,5.27204
40612,1,5.27191
40613,1,5.27178
40614,1,5.27166
40615,1,5.27153
40616,1,5.2714
40617,1,5.27127
40618,1,5.27114
40619,1,5.27101
40620,1,5.27088
40621,1,5.27075
40622,1,5.27062
40623,1,5.27049
40624,1,5.27036
40625,1,5.27023
40626,1,5.2701
40627,1,5.26997
40628,1,5.26984
40629,1,5.26971
40630,1,5.26958
40631,1,5.26945
40632,1,5.26932
40633,1,5.26919
40634,1,5.26906
40635,1,5.26893
40636,1,5.2688
40637,1,5.26867
40638,1,5.26854
40639,1,5.26841
40640,1,5.26828
40641,1,5.26815
40642,1,5.26802
40643,1,5.26789
40644,1,5.26776
40645,1,5.26763
40646,1,5.2675
40647,1,5.26738
40648,1,5.26725
40649,1,5.26712
40650,1,5.26699
40651,1,5.26686
40652,1,5.26673
40653,1,5.2666
40654,1,5.26647
40655,1,5.26634
40656,1,5.26621
40657,1,5.26608
40658,1,5.26595
40659,1,5.26582
40660,1,5.26569
40661,1,5.26556
40662,1,5.26543
40663,1,5.2653
40664,1,5.26517
40665,1,5.26504
40666,1,5.26491
40667,1,5.26478
40668,1,5.26466
40669,1,5.26453
40670,1,5.2644
40671,1,5.26427
40672,1,5.26414
40673,1,5.26401
40674,1,5.26388
40675,1,5.26375
40676,1,5.26362
40677,1,5.26349
40678,1,5.26336
40679,1,5.26323
40680,1,5.2631
40681,1,5.26297
40682,1,5.26284
40683,1,5.26271
40684,1,5.26258
40685,1,5.26246
40686,1,5.26233
40687,1,5.2622
40688,1,5.26207
40689,1,5.26194
40690,1,5.26181
40691,1,5.26168
40692,1,5.26155
40693,1,5.26142
40694,1,5.26129
40695,1,5.26116
40696,1,5.26103
40697,1,5.2609
40698,1,5.26077
40699,1,5.26065
40700,1,5.26052
40701,1,5.26039
40702,1,5.26026
40703,1,5.26013
40704,1,5.26
40705,1,5.25987
40706,1,5.25974
40707,1,5.25961
40708,1,5.25948
40709,1,5.25935
40710,1,5.25922
40711,1,5.25909
40712,1,5.25897
40713,1,5.25884
40714,1,5.25871
40715,1,5.25858
40716,1,5.25845
40717,1,5.25832
40718,1,5.25819
40719,1,5.25806
40720,1,5.25793
40721,1,5.2578
40722,1,5.25767
40723,1,5.25754
40724,1,5.25742
40725,1,5.25729
40726,1,5.25716
40727,1,5.25703
40728,1,5.2569
40729,1,5.25677
40730,1,5.25664
40731,1,5.25651
40732,1,5.25638
40733,1,5.25625
40734,1,5.25613
40735,1,5.256
40736,1,5.25587
40737,1,5.25574
40738,1,5.25561
40739,1,5.25548
40740,1,5.25535
40741,1,5.25522
40742,1,5.25509
40743,1,5.25496
40744,1,5.25484
40745,1,5.25471
40746,1,5.25458
40747,1,5.25445
40748,1,5.25432
40749,1,5.25419
40750,1,5.25406
40751,1,5.25393
40752,1,5.2538
40753,1,5.25367
40754,1,5.25355
40755,1,5.25342
40756,1,5.25329
40757,1,5.25316
40758,1,5.25303
40759,1,5.2529
40760,1,5.25277
40761,1,5.25264
40762,1,5.25251
40763,1,5.25239
40764,1,5.25226
40765,1,5.25213
40766,1,5.252
40767,1,5.25187
40768,1,5.25174
40769,1,5.25161
40770,1,5.25148
40771,1,5.25136
40772,1,5.25123
40773,1,5.2511
40774,1,5.25097
40775,1,5.25084
40776,1,5.25071
40777,1,5.25058
40778,1,5.25045
40779,1,5.25032
40780,1,5.2502
40781,1,5.25007
40782,1,5.24994
40783,1,5.24981
40784,1,5.24968
40785,1,5.24955
40786,1,5.24942
40787,1,5.2493
40788,1,5.24917
40789,1,5.24904
40790,1,5.24891
40791,1,5.24878
40792,1,5.24865
40793,1,5.24852
40794,1,5.24839
40795,1,5.24827
40796,1,5.24814
40797,1,5.24801
40798,1,5.24788
40799,1,5.24775
40800,1,5.24762
40801,1,5.24749
40802,1,5.24737
40803,1,5.24724
40804,1,5.24711
40805,1,5.24698
40806,1,5.24685
40807,1,5.24672
40808,1,5.24659
40809,1,5.24647
40810,1,5.24634
40811,1,5.24621
40812,1,5.24608
40813,1,5.24595
40814,1,5.24582
40815,1,5.24569
40816,1,5.24557
40817,1,5.24544
40818,1,5.24531
40819,1,5.24518
40820,1,5.24505
40821,1,5.24492
40822,1,5.24479
40823,1,5.24467
40824,1,5.24454
40825,1,5.24441
40826,1,5.24428
40827,1,5.24415
40828,1,5.24402
40829,1,5.2439
40830,1,5.24377
40831,1,5.24364
40832,1,5.24351
40833,1,5.24338
40834,1,5.24325
40835,1,5.24312
40836,1,5.243
40837,1,5.24287
40838,1,5.24274
40839,1,5.24261
40840,1,5.24248
40841,1,5.24235
40842,1,5.24223
40843,1,5.2421
40844,1,5.24197
40845,1,5.24184
40846,1,5.24171
40847,1,5.24158
40848,1,5.24146
40849,1,5.24133
40850,1,5.2412
40851,1,5.24107
40852,1,5.24094
40853,1,5.24081
40854,1,5.24069
40855,1,5.24056
40856,1,5.24043
40857,1,5.2403
40858,1,5.24017
40859,1,5.24005
40860,1,5.23992
40861,1,5.23979
40862,1,5.23966
40863,1,5.23953
40864,1,5.2394
40865,1,5.23928
40866,1,5.23915
40867,1,5.23902
40868,1,5.23889
40869,1,5.23876
40870,1,5.23863
40871,1,5.23851
40872,1,5.23838
40873,1,5.23825
40874,1,5.23812
40875,1,5.23799
40876,1,5.23787
40877,1,5.23774
40878,1,5.23761
40879,1,5.23748
40880,1,5.23735
40881,1,5.23723
40882,1,5.2371
40883,1,5.23697
40884,1,5.23684
40885,1,5.23671
40886,1,5.23658
40887,1,5.23646
40888,1,5.23633
40889,1,5.2362
40890,1,5.23607
40891,1,5.23594
40892,1,5.23582
40893,1,5.23569
40894,1,5.23556
40895,1,5.23543
40896,1,5.2353
40897,1,5.23518
40898,1,5.23505
40899,1,5.23492
40900,1,5.23479
40901,1,5.23466
40902,1,5.23454
40903,1,5.23441
40904,1,5.23428
40905,1,5.23415
40906,1,5.23402
40907,1,5.2339
40908,1,5.23377
40909,1,5.23364
40910,1,5.23351
40911,1,5.23338
40912,1,5.23326
40913,1,5.23313
40914,1,5.233
40915,1,5.23287
40916,1,5.23275
40917,1,5.23262
40918,1,5.23249
40919,1,5.23236
40920,1,5.23223
40921,1,5.23211
40922,1,5.23198
40923,1,5.23185
40924,1,5.23172
40925,1,5.23159
40926,1,5.23147
40927,1,5.23134
40928,1,5.23121
40929,1,5.23108
40930,1,5.23096
40931,1,5.23083
40932,1,5.2307
40933,1,5.23057
40934,1,5.23044
40935,1,5.23032
40936,1,5.23019
40937,1,5.23006
40938,1,5.22993
40939,1,5.22981
40940,1,5.22968
40941,1,5.22955
40942,1,5.22942
40943,1,5.22929
40944,1,5.22917
40945,1,5.22904
40946,1,5.22891
40947,1,5.22878
40948,1,5.22866
40949,1,5.22853
40950,1,5.2284
40951,1,5.22827
40952,1,5.22815
40953,1,5.22802
40954,1,5.22789
40955,1,5.22776
40956,1,5.22763
40957,1,5.22751
40958,1,5.22738
40959,1,5.22725
40960,1,5.22712
40961,1,5.227
40962,1,5.22687
40963,1,5.22674
40964,1,5.22661
40965,1,5.22649
40966,1,5.22636
40967,1,5.22623
40968,1,5.2261
40969,1,5.22598
40970,1,5.22585
40971,1,5.22572
40972,1,5.22559
40973,1,5.22547
40974,1,5.22534
40975,1,5.22521
40976,1,5.22508
40977,1,5.22496
40978,1,5.22483
40979,1,5.2247
40980,1,5.22457
40981,1,5.22445
40982,1,5.22432
40983,1,5.22419
40984,1,5.22406
40985,1,5.22394
40986,1,5.22381
40987,1,5.22368
40988,1,5.22355
40989,1,5.22343
40990,1,5.2233
40991,1,5.22317
40992,1,5.22304
40993,1,5.22292
40994,1,5.22279
40995,1,5.22266
40996,1,5.22253
40997,1,5.22241
40998,1,5.22228
40999,1,5.22215
41000,1,5.22202
41001,1,5.2219
41002,1,5.22177
41003,1,5.22164
41004,1,5.22151
41005,1,5.22139
41006,1,5.22126
41007,1,5.22113
41008,1,5.22101
41009,1,5.22088
41010,1,5.22075
41011,1,5.22062
41012,1,5.2205
41013,1,5.22037
41014,1,5.22024
41015,1,5.22011
41016,1,5.21999
41017,1,5.21986
41018,1,5.21973
41019,1,5.21961
41020,1,5.21948
41021,1,5.21935
41022,1,5.21922
41023,1,5.2191
41024,1,5.21897
41025,1,5.21884
41026,1,5.21871
41027,1,5.21859
41028,1,5.21846
41029,1,5.21833
41030,1,5.21821
41031,1,5.21808
41032,1,5.21795
41033,1,5.21782
41034,1,5.2177
41035,1,5.21757
41036,1,5.21744
41037,1,5.21732
41038,1,5.21719
41039,1,5.21706
41040,1,5.21693
41041,1,5.21681
41042,1,5.21668
41043,1,5.21655
41044,1,5.21643
41045,1,5.2163
41046,1,5.21617
41047,1,5.21605
41048,1,5.21592
41049,1,5.21579
41050,1,5.21566
41051,1,5.21554
41052,1,5.21541
41053,1,5.21528
41054,1,5.21516
41055,1,5.21503
41056,1,5.2149
41057,1,5.21477
41058,1,5.21465
41059,1,5.21452
41060,1,5.21439
41061,1,5.21427
41062,1,5.21414
41063,1,5.21401
41064,1,5.21389
41065,1,5.21376
41066,1,5.21363
41067,1,5.2135
41068,1,5.21338
41069,1,5.21325
41070,1,5.21312
41071,1,5.213
41072,1,5.21287
41073,1,5.21274
41074,1,5.21262
41075,1,5.21249
41076,1,5.21236
41077,1,5.21224
41078,1,5.21211
41079,1,5.21198
41080,1,5.21185
41081,1,5.21173
41082,1,5.2116
41083,1,5.21147
41084,1,5.21135
41085,1,5.21122
41086,1,5.21109
41087,1,5.21097
41088,1,5.21084
41089,1,5.21071
41090,1,5.21059
41091,1,5.21046
41092,1,5.21033
41093,1,5.21021
41094,1,5.21008
41095,1,5.20995
41096,1,5.20983
41097,1,5.2097
41098,1,5.20957
41099,1,5.20945
41100,1,5.20932
41101,1,5.20919
41102,1,5.20907
41103,1,5.20894
41104,1,5.20881
41105,1,5.20869
41106,1,5.20856
41107,1,5.20843
41108,1,5.2083
41109,1,5.20818
41110,1,5.20805
41111,1,5.20792
41112,1,5.2078
41113,1,5.20767
41114,1,5.20754
41115,1,5.20742
41116,1,5.20729
41117,1,5.20716
41118,1,5.20704
41119,1,5.20691
41120,1,5.20679
41121,1,5.20666
41122,1,5.20653
41123,1,5.20641
41124,1,5.20628
41125,1,5.20615
41126,1,5.20603
41127,1,5.2059
41128,1,5.20577
41129,1,5.20565
41130,1,5.20552
41131,1,5.20539
41132,1,5.20527
41133,1,5.20514
41134,1,5.20501
41135,1,5.20489
41136,1,5.20476
41137,1,5.20463
41138,1,5.20451
41139,1,5.20438
41140,1,5.20425
41141,1,5.20413
41142,1,5.204
41143,1,5.20387
41144,1,5.20375
41145,1,5.20362
41146,1,5.20349
41147,1,5.20337
41148,1,5.20324
41149,1,5.20312
41150,1,5.20299
41151,1,5.20286
41152,1,5.20274
41153,1,5.20261
41154,1,5.20248
41155,1,5.20236
41156,1,5.20223
41157,1,5.2021
41158,1,5.20198
41159,1,5.20185
41160,1,5.20172
41161,1,5.2016
41162,1,5.20147
41163,1,5.20135
41164,1,5.20122
41165,1,5.20109
41166,1,5.20097
41167,1,5.20084
41168,1,5.20071
41169,1,5.20059
41170,1,5.20046
41171,1,5.20034
41172,1,5.20021
41173,1,5.20008
41174,1,5.19996
41175,1,5.19983
41176,1,5.1997
41177,1,5.19958
41178,1,5.19945
41179,1,5.19932
41180,1,5.1992
41181,1,5.19907
41182,1,5.19895
41183,1,5.19882
41184,1,5.19869
41185,1,5.19857
41186,1,5.19844
41187,1,5.19832
41188,1,5.19819
41189,1,5.19806
41190,1,5.19794
41191,1,5.19781
41192,1,5.19768
41193,1,5.19756
41194,1,5.19743
41195,1,5.19731
41196,1,5.19718
41197,1,5.19705
41198,1,5.19693
41199,1,5.1968
41200,1,5.19667
41201,1,5.19655
41202,1,5.19642
41203,1,5.1963
41204,1,5.19617
41205,1,5.19604
41206,1,5.19592
41207,1,5.19579
41208,1,5.19567
41209,1,5.19554
41210,1,5.19541
41211,1,5.19529
41212,1,5.19516
41213,1,5.19504
41214,1,5.19491
41215,1,5.19478
41216,1,5.19466
41217,1,5.19453
41218,1,5.19441
41219,1,5.19428
41220,1,5.19415
41221,1,5.19403
41222,1,5.1939
41223,1,5.19378
41224,1,5.19365
41225,1,5.19352
41226,1,5.1934
41227,1,5.19327
41228,1,5.19315
41229,1,5.19302
41230,1,5.19289
41231,1,5.19277
41232,1,5.19264
41233,1,5.19252
41234,1,5.19239
41235,1,5.19226
41236,1,5.19214
41237,1,5.19201
41238,1,5.19189
41239,1,5.19176
41240,1,5.19163
41241,1,5.19151
41242,1,5.19138
41243,1,5.19126
41244,1,5.19113
41245,1,5.191
41246,1,5.19088
41247,1,5.19075
41248,1,5.19063
41249,1,5.1905
41250,1,5.19038
41251,1,5.19025
41252,1,5.19012
41253,1,5.19
41254,1,5.18987
41255,1,5.18975
41256,1,5.18962
41257,1,5.1895
41258,1,5.18937
41259,1,5.18924
41260,1,5.18912
41261,1,5.18899
41262,1,5.18887
41263,1,5.18874
41264,1,5.18861
41265,1,5.18849
41266,1,5.18836
41267,1,5.18824
41268,1,5.18811
41269,1,5.18799
41270,1,5.18786
41271,1,5.18773
41272,1,5.18761
41273,1,5.18748
41274,1,5.18736
41275,1,5.18723
41276,1,5.18711
41277,1,5.18698
41278,1,5.18685
41279,1,5.18673
41280,1,5.1866
41281,1,5.18648
41282,1,5.18635
41283,1,5.18623
41284,1,5.1861
41285,1,5.18598
41286,1,5.18585
41287,1,5.18572
41288,1,5.1856
41289,1,5.18547
41290,1,5.18535
41291,1,5.18522
41292,1,5.1851
41293,1,5.18497
41294,1,5.18485
41295,1,5.18472
41296,1,5.18459
41297,1,5.18447
41298,1,5.18434
41299,1,5.18422
41300,1,5.18409
41301,1,5.18397
41302,1,5.18384
41303,1,5.18372
41304,1,5.18359
41305,1,5.18346
41306,1,5.18334
41307,1,5.18321
41308,1,5.18309
41309,1,5.18296
41310,1,5.18284
41311,1,5.18271
41312,1,5.18259
41313,1,5.18246
41314,1,5.18234
41315,1,5.18221
41316,1,5.18208
41317,1,5.18196
41318,1,5.18183
41319,1,5.18171
41320,1,5.18158
41321,1,5.18146
41322,1,5.18133
41323,1,5.18121
41324,1,5.18108
41325,1,5.18096
41326,1,5.18083
41327,1,5.18071
41328,1,5.18058
41329,1,5.18045
41330,1,5.18033
41331,1,5.1802
41332,1,5.18008
41333,1,5.17995
41334,1,5.17983
41335,1,5.1797
41336,1,5.17958
41337,1,5.17945
41338,1,5.17933
41339,1,5.1792
41340,1,5.17908
41341,1,5.17895
41342,1,5.17883
41343,1,5.1787
41344,1,5.17857
41345,1,5.17845
41346,1,5.17832
41347,1,5.1782
41348,1,5.17807
41349,1,5.17795
41350,1,5.17782
41351,1,5.1777
41352,1,5.17757
41353,1,5.17745
41354,1,5.17732
41355,1,5.1772
41356,1,5.17707
41357,1,5.17695
41358,1,5.17682
41359,1,5.1767
41360,1,5.17657
41361,1,5.17645
41362,1,5.17632
41363,1,5.1762
41364,1,5.17607
41365,1,5.17595
41366,1,5.17582
41367,1,5.1757
41368,1,5.17557
41369,1,5.17545
41370,1,5.17532
41371,1,5.1752
41372,1,5.17507
41373,1,5.17495
41374,1,5.17482
41375,1,5.17469
41376,1,5.17457
41377,1,5.17444
41378,1,5.17432
41379,1,5.17419
41380,1,5.17407
41381,1,5.17394
41382,1,5.17382
41383,1,5.17369
41384,1,5.17357
41385,1,5.17344
41386,1,5.17332
41387,1,5.17319
41388,1,5.17307
41389,1,5.17294
41390,1,5.17282
41391,1,5.17269
41392,1,5.17257
41393,1,5.17244
41394,1,5.17232
41395,1,5.17219
41396,1,5.17207
41397,1,5.17194
41398,1,5.17182
41399,1,5.17169
41400,1,5.17157
41401,1,5.17145
41402,1,5.17132
41403,1,5.1712
41404,1,5.17107
41405,1,5.17095
41406,1,5.17082
41407,1,5.1707
41408,1,5.17057
41409,1,5.17045
41410,1,5.17032
41411,1,5.1702
41412,1,5.17007
41413,1,5.16995
41414,1,5.16982
41415,1,5.1697
41416,1,5.16957
41417,1,5.16945
41418,1,5.16932
41419,1,5.1692
41420,1,5.16907
41421,1,5.16895
41422,1,5.16882
41423,1,5.1687
41424,1,5.16857
41425,1,5.16845
41426,1,5.16832
41427,1,5.1682
41428,1,5.16807
41429,1,5.16795
41430,1,5.16783
41431,1,5.1677
41432,1,5.16758
41433,1,5.16745
41434,1,5.16733
41435,1,5.1672
41436,1,5.16708
41437,1,5.16695
41438,1,5.16683
41439,1,5.1667
41440,1,5.16658
41441,1,5.16645
41442,1,5.16633
41443,1,5.1662
41444,1,5.16608
41445,1,5.16595
41446,1,5.16583
41447,1,5.16571
41448,1,5.16558
41449,1,5.16546
41450,1,5.16533
41451,1,5.16521
41452,1,5.16508
41453,1,5.16496
41454,1,5.16483
41455,1,5.16471
41456,1,5.16458
41457,1,5.16446
41458,1,5.16433
41459,1,5.16421
41460,1,5.16409
41461,1,5.16396
41462,1,5.16384
41463,1,5.16371
41464,1,5.16359
41465,1,5.16346
41466,1,5.16334
41467,1,5.16321
41468,1,5.16309
41469,1,5.16297
41470,1,5.16284
41471,1,5.16272
41472,1,5.16259
41473,1,5.16247
41474,1,5.16234
41475,1,5.16222
41476,1,5.16209
41477,1,5.16197
41478,1,5.16184
41479,1,5.16172
41480,1,5.1616
41481,1,5.16147
41482,1,5.16135
41483,1,5.16122
41484,1,5.1611
41485,1,5.16097
41486,1,5.16085
41487,1,5.16073
41488,1,5.1606
41489,1,5.16048
41490,1,5.16035
41491,1,5.16023
41492,1,5.1601
41493,1,5.15998
41494,1,5.15985
41495,1,5.15973
41496,1,5.15961
41497,1,5.15948
41498,1,5.15936
41499,1,5.15923
41500,1,5.15911
41501,1,5.15898
41502,1,5.15886
41503,1,5.15874
41504,1,5.15861
41505,1,5.15849
41506,1,5.15836
41507,1,5.15824
41508,1,5.15811
41509,1,5.15799
41510,1,5.15787
41511,1,5.15774
41512,1,5.15762
41513,1,5.15749
41514,1,5.15737
41515,1,5.15724
41516,1,5.15712
41517,1,5.157
41518,1,5.15687
41519,1,5.15675
41520,1,5.15662
41521,1,5.1565
41522,1,5.15637
41523,1,5.15625
41524,1,5.15613
41525,1,5.156
41526,1,5.15588
41527,1,5.15575
41528,1,5.15563
41529,1,5.15551
41530,1,5.15538
41531,1,5.15526
41532,1,5.15513
41533,1,5.15501
41534,1,5.15489
41535,1,5.15476
41536,1,5.15464
41537,1,5.15451
41538,1,5.15439
41539,1,5.15426
41540,1,5.15414
41541,1,5.15402
41542,1,5.15389
41543,1,5.15377
41544,1,5.15364
41545,1,5.15352
41546,1,5.1534
41547,1,5.15327
41548,1,5.15315
41549,1,5.15302
41550,1,5.1529
41551,1,5.15278
41552,1,5.15265
41553,1,5.15253
41554,1,5.1524
41555,1,5.15228
41556,1,5.15216
41557,1,5.15203
41558,1,5.15191
41559,1,5.15178
41560,1,5.15166
41561,1,5.15154
41562,1,5.15141
41563,1,5.15129
41564,1,5.15116
41565,1,5.15104
41566,1,5.15092
41567,1,5.15079
41568,1,5.15067
41569,1,5.15054
41570,1,5.15042
41571,1,5.1503
41572,1,5.15017
41573,1,5.15005
41574,1,5.14993
41575,1,5.1498
41576,1,5.14968
41577,1,5.14955
41578,1,5.14943
41579,1,5.14931
41580,1,5.14918
41581,1,5.14906
41582,1,5.14893
41583,1,5.14881
41584,1,5.14869
41585,1,5.14856
41586,1,5.14844
41587,1,5.14832
41588,1,5.14819
41589,1,5.14807
41590,1,5.14794
41591,1,5.14782
41592,1,5.1477
41593,1,5.14757
41594,1,5.14745
41595,1,5.14733
41596,1,5.1472
41597,1,5.14708
41598,1,5.14695
41599,1,5.14683
41600,1,5.14671
41601,1,5.14658
41602,1,5.14646
41603,1,5.14634
41604,1,5.14621
41605,1,5.14609
41606,1,5.14596
41607,1,5.14584
41608,1,5.14572
41609,1,5.14559
41610,1,5.14547
41611,1,5.14535
41612,1,5.14522
41613,1,5.1451
41614,1,5.14498
41615,1,5.14485
41616,1,5.14473
41617,1,5.1446
41618,1,5.14448
41619,1,5.14436
41620,1,5.14423
41621,1,5.14411
41622,1,5.14399
41623,1,5.14386
41624,1,5.14374
41625,1,5.14362
41626,1,5.14349
41627,1,5.14337
41628,1,5.14324
41629,1,5.14312
41630,1,5.143
41631,1,5.14287
41632,1,5.14275
41633,1,5.14263
41634,1,5.1425
41635,1,5.14238
41636,1,5.14226
41637,1,5.14213
41638,1,5.14201
41639,1,5.14189
41640,1,5.14176
41641,1,5.14164
41642,1,5.14152
41643,1,5.14139
41644,1,5.14127
41645,1,5.14115
41646,1,5.14102
41647,1,5.1409
41648,1,5.14078
41649,1,5.14065
41650,1,5.14053
41651,1,5.1404
41652,1,5.14028
41653,1,5.14016
41654,1,5.14003
41655,1,5.13991
41656,1,5.13979
41657,1,5.13966
41658,1,5.13954
41659,1,5.13942
41660,1,5.13929
41661,1,5.13917
41662,1,5.13905
41663,1,5.13892
41664,1,5.1388
41665,1,5.13868
41666,1,5.13855
41667,1,5.13843
41668,1,5.13831
41669,1,5.13818
41670,1,5.13806
41671,1,5.13794
41672,1,5.13781
41673,1,5.13769
41674,1,5.13757
41675,1,5.13744
41676,1,5.13732
41677,1,5.1372
41678,1,5.13707
41679,1,5.13695
41680,1,5.13683
41681,1,5.1367
41682,1,5.13658
41683,1,5.13646
41684,1,5.13634
41685,1,5.13621
41686,1,5.13609
41687,1,5.13597
41688,1,5.13584
41689,1,5.13572
41690,1,5.1356
41691,1,5.13547
41692,1,5.13535
41693,1,5.13523
41694,1,5.1351
41695,1,5.13498
41696,1,5.13486
41697,1,5.13473
41698,1,5.13461
41699,1,5.13449
41700,1,5.13436
41701,1,5.13424
41702,1,5.13412
41703,1,5.134
41704,1,5.13387
41705,1,5.13375
41706,1,5.13363
41707,1,5.1335
41708,1,5.13338
41709,1,5.13326
41710,1,5.13313
41711,1,5.13301
41712,1,5.13289
41713,1,5.13276
41714,1,5.13264
41715,1,5.13252
41716,1,5.1324
41717,1,5.13227
41718,1,5.13215
41719,1,5.13203
41720,1,5.1319
41721,1,5.13178
41722,1,5.13166
41723,1,5.13153
41724,1,5.13141
41725,1,5.13129
41726,1,5.13117
41727,1,5.13104
41728,1,5.13092
41729,1,5.1308
41730,1,5.13067
41731,1,5.13055
41732,1,5.13043
41733,1,5.1303
41734,1,5.13018
41735,1,5.13006
41736,1,5.12994
41737,1,5.12981
41738,1,5.12969
41739,1,5.12957
41740,1,5.12944
41741,1,5.12932
41742,1,5.1292
41743,1,5.12908
41744,1,5.12895
41745,1,5.12883
41746,1,5.12871
41747,1,5.12858
41748,1,5.12846
41749,1,5.12834
41750,1,5.12822
41751,1,5.12809
41752,1,5.12797
41753,1,5.12785
41754,1,5.12772
41755,1,5.1276
41756,1,5.12748
41757,1,5.12736
41758,1,5.12723
41759,1,5.12711
41760,1,5.12699
41761,1,5.12686
41762,1,5.12674
41763,1,5.12662
41764,1,5.1265
41765,1,5.12637
41766,1,5.12625
41767,1,5.12613
41768,1,5.12601
41769,1,5.12588
41770,1,5.12576
41771,1,5.12564
41772,1,5.12551
41773,1,5.12539
41774,1,5.12527
41775,1,5.12515
41776,1,5.12502
41777,1,5.1249
41778,1,5.12478
41779,1,5.12466
41780,1,5.12453
41781,1,5.12441
41782,1,5.12429
41783,1,5.12417
41784,1,5.12404
41785,1,5.12392
41786,1,5.1238
41787,1,5.12367
41788,1,5.12355
41789,1,5.12343
41790,1,5.12331
41791,1,5.12318
41792,1,5.12306
41793,1,5.12294
41794,1,5.12282
41795,1,5.12269
41796,1,5.12257
41797,1,5.12245
41798,1,5.12233
41799,1,5.1222
41800,1,5.12208
41801,1,5.12196
41802,1,5.12184
41803,1,5.12171
41804,1,5.12159
41805,1,5.12147
41806,1,5.12135
41807,1,5.12122
41808,1,5.1211
41809,1,5.12098
41810,1,5.12086
41811,1,5.12073
41812,1,5.12061
41813,1,5.12049
41814,1,5.12037
41815,1,5.12024
41816,1,5.12012
41817,1,5.12
41818,1,5.11988
41819,1,5.11975
41820,1,5.11963
41821,1,5.11951
41822,1,5.11939
41823,1,5.11926
41824,1,5.11914
41825,1,5.11902
41826,1,5.1189
41827,1,5.11877
41828,1,5.11865
41829,1,5.11853
41830,1,5.11841
41831,1,5.11829
41832,1,5.11816
41833,1,5.11804
41834,1,5.11792
41835,1,5.1178
41836,1,5.11767
41837,1,5.11755
41838,1,5.11743
41839,1,5.11731
41840,1,5.11718
41841,1,5.11706
41842,1,5.11694
41843,1,5.11682
41844,1,5.1167
41845,1,5.11657
41846,1,5.11645
41847,1,5.11633
41848,1,5.11621
41849,1,5.11608
41850,1,5.11596
41851,1,5.11584
41852,1,5.11572
41853,1,5.1156
41854,1,5.11547
41855,1,5.11535
41856,1,5.11523
41857,1,5.11511
41858,1,5.11498
41859,1,5.11486
41860,1,5.11474
41861,1,5.11462
41862,1,5.1145
41863,1,5.11437
41864,1,5.11425
41865,1,5.11413
41866,1,5.11401
41867,1,5.11388
41868,1,5.11376
41869,1,5.11364
41870,1,5.11352
41871,1,5.1134
41872,1,5.11327
41873,1,5.11315
41874,1,5.11303
41875,1,5.11291
41876,1,5.11279
41877,1,5.11266
41878,1,5.11254
41879,1,5.11242
41880,1,5.1123
41881,1,5.11217
41882,1,5.11205
41883,1,5.11193
41884,1,5.11181
41885,1,5.11169
41886,1,5.11156
41887,1,5.11144
41888,1,5.11132
41889,1,5.1112
41890,1,5.11108
41891,1,5.11095
41892,1,5.11083
41893,1,5.11071
41894,1,5.11059
41895,1,5.11047
41896,1,5.11034
41897,1,5.11022
41898,1,5.1101
41899,1,5.10998
41900,1,5.10986
41901,1,5.10973
41902,1,5.10961
41903,1,5.10949
41904,1,5.10937
41905,1,5.10925
41906,1,5.10913
41907,1,5.109
41908,1,5.10888
41909,1,5.10876
41910,1,5.10864
41911,1,5.10852
41912,1,5.10839
41913,1,5.10827
41914,1,5.10815
41915,1,5.10803
41916,1,5.10791
41917,1,5.10778
41918,1,5.10766
41919,1,5.10754
41920,1,5.10742
41921,1,5.1073
41922,1,5.10718
41923,1,5.10705
41924,1,5.10693
41925,1,5.10681
41926,1,5.10669
41927,1,5.10657
41928,1,5.10644
41929,1,5.10632
41930,1,5.1062
41931,1,5.10608
41932,1,5.10596
41933,1,5.10584
41934,1,5.10571
41935,1,5.10559
41936,1,5.10547
41937,1,5.10535
41938,1,5.10523
41939,1,5.10511
41940,1,5.10498
41941,1,5.10486
41942,1,5.10474
41943,1,5.10462
41944,1,5.1045
41945,1,5.10437
41946,1,5.10425
41947,1,5.10413
41948,1,5.10401
41949,1,5.10389
41950,1,5.10377
41951,1,5.10364
41952,1,5.10352
41953,1,5.1034
41954,1,5.10328
41955,1,5.10316
41956,1,5.10304
41957,1,5.10291
41958,1,5.10279
41959,1,5.10267
41960,1,5.10255
41961,1,5.10243
41962,1,5.10231
41963,1,5.10219
41964,1,5.10206
41965,1,5.10194
41966,1,5.10182
41967,1,5.1017
41968,1,5.10158
41969,1,5.10146
41970,1,5.10133
41971,1,5.10121
41972,1,5.10109
41973,1,5.10097
41974,1,5.10085
41975,1,5.10073
41976,1,5.10061
41977,1,5.10048
41978,1,5.10036
41979,1,5.10024
41980,1,5.10012
41981,1,5.1
41982,1,5.09988
41983,1,5.09975
41984,1,5.09963
41985,1,5.09951
41986,1,5.09939
41987,1,5.09927
41988,1,5.09915
41989,1,5.09903
41990,1,5.0989
41991,1,5.09878
41992,1,5.09866
41993,1,5.09854
41994,1,5.09842
41995,1,5.0983
41996,1,5.09818
41997,1,5.09805
41998,1,5.09793
41999,1,5.09781
42000,1,5.09769
42001,1,5.09757
42002,1,5.09745
42003,1,5.09733
42004,1,5.09721
42005,1,5.09708
42006,1,5.09696
42007,1,5.09684
42008,1,5.09672
42009,1,5.0966
42010,1,5.09648
42011,1,5.09636
42012,1,5.09623
42013,1,5.09611
42014,1,5.09599
42015,1,5.09587
42016,1,5.09575
42017,1,5.09563
42018,1,5.09551
42019,1,5.09539
42020,1,5.09526
42021,1,5.09514
42022,1,5.09502
42023,1,5.0949
42024,1,5.09478
42025,1,5.09466
42026,1,5.09454
42027,1,5.09442
42028,1,5.09429
42029,1,5.09417
42030,1,5.09405
42031,1,5.09393
42032,1,5.09381
42033,1,5.09369
42034,1,5.09357
42035,1,5.09345
42036,1,5.09332
42037,1,5.0932
42038,1,5.09308
42039,1,5.09296
42040,1,5.09284
42041,1,5.09272
42042,1,5.0926
42043,1,5.09248
42044,1,5.09236
42045,1,5.09223
42046,1,5.09211
42047,1,5.09199
42048,1,5.09187
42049,1,5.09175
42050,1,5.09163
42051,1,5.09151
42052,1,5.09139
42053,1,5.09127
42054,1,5.09114
42055,1,5.09102
42056,1,5.0909
42057,1,5.09078
42058,1,5.09066
42059,1,5.09054
42060,1,5.09042
42061,1,5.0903
42062,1,5.09018
42063,1,5.09006
42064,1,5.08993
42065,1,5.08981
42066,1,5.08969
42067,1,5.08957
42068,1,5.08945
42069,1,5.08933
42070,1,5.08921
42071,1,5.08909
42072,1,5.08897
42073,1,5.08885
42074,1,5.08872
42075,1,5.0886
42076,1,5.08848
42077,1,5.08836
42078,1,5.08824
42079,1,5.08812
42080,1,5.088
42081,1,5.08788
42082,1,5.08776
42083,1,5.08764
42084,1,5.08752
42085,1,5.08739
42086,1,5.08727
42087,1,5.08715
42088,1,5.08703
42089,1,5.08691
42090,1,5.08679
42091,1,5.08667
42092,1,5.08655
42093,1,5.08643
42094,1,5.08631
42095,1,5.08619
42096,1,5.08607
42097,1,5.08594
42098,1,5.08582
42099,1,5.0857
42100,1,5.08558
42101,1,5.08546
42102,1,5.08534
42103,1,5.08522
42104,1,5.0851
42105,1,5.08498
42106,1,5.08486
42107,1,5.08474
42108,1,5.08462
42109,1,5.0845
42110,1,5.08437
42111,1,5.08425
42112,1,5.08413
42113,1,5.08401
42114,1,5.08389
42115,1,5.08377
42116,1,5.08365
42117,1,5.08353
42118,1,5.08341
42119,1,5.08329
42120,1,5.08317
42121,1,5.08305
42122,1,5.08293
42123,1,5.08281
42124,1,5.08268
42125,1,5.08256
42126,1,5.08244
42127,1,5.08232
42128,1,5.0822
42129,1,5.08208
42130,1,5.08196
42131,1,5.08184
42132,1,5.08172
42133,1,5.0816
42134,1,5.08148
42135,1,5.08136
42136,1,5.08124
42137,1,5.08112
42138,1,5.081
42139,1,5.08088
42140,1,5.08075
42141,1,5.08063
42142,1,5.08051
42143,1,5.08039
42144,1,5.08027
42145,1,5.08015
42146,1,5.08003
42147,1,5.07991
42148,1,5.07979
42149,1,5.07967
42150,1,5.07955
42151,1,5.07943
42152,1,5.07931
42153,1,5.07919
42154,1,5.07907
42155,1,5.07895
42156,1,5.07883
42157,1,5.07871
42158,1,5.07859
42159,1,5.07846
42160,1,5.07834
42161,1,5.07822
42162,1,5.0781
42163,1,5.07798
42164,1,5.07786
42165,1,5.07774
42166,1,5.07762
42167,1,5.0775
42168,1,5.07738
42169,1,5.07726
42170,1,5.07714
42171,1,5.07702
42172,1,5.0769
42173,1,5.07678
42174,1,5.07666
42175,1,5.07654
42176,1,5.07642
42177,1,5.0763
42178,1,5.07618
42179,1,5.07606
42180,1,5.07594
42181,1,5.07582
42182,1,5.0757
42183,1,5.07558
42184,1,5.07546
42185,1,5.07533
42186,1,5.07521
42187,1,5.07509
42188,1,5.07497
42189,1,5.07485
42190,1,5.07473
42191,1,5.07461
42192,1,5.07449
42193,1,5.07437
42194,1,5.07425
42195,1,5.07413
42196,1,5.07401
42197,1,5.07389
42198,1,5.07377
42199,1,5.07365
42200,1,5.07353
42201,1,5.07341
42202,1,5.07329
42203,1,5.07317
42204,1,5.07305
42205,1,5.07293
42206,1,5.07281
42207,1,5.07269
42208,1,5.07257
42209,1,5.07245
42210,1,5.07233
42211,1,5.07221
42212,1,5.07209
42213,1,5.07197
42214,1,5.07185
42215,1,5.07173
42216,1,5.07161
42217,1,5.07149
42218,1,5.07137
42219,1,5.07125
42220,1,5.07113
42221,1,5.07101
42222,1,5.07089
42223,1,5.07077
42224,1,5.07065
42225,1,5.07053
42226,1,5.07041
42227,1,5.07029
42228,1,5.07017
42229,1,5.07005
42230,1,5.06993
42231,1,5.06981
42232,1,5.06969
42233,1,5.06957
42234,1,5.06945
42235,1,5.06933
42236,1,5.06921
42237,1,5.06909
42238,1,5.06897
42239,1,5.06885
42240,1,5.06873
42241,1,5.06861
42242,1,5.06849
42243,1,5.06837
42244,1,5.06825
42245,1,5.06813
42246,1,5.06801
42247,1,5.06789
42248,1,5.06777
42249,1,5.06765
42250,1,5.06753
42251,1,5.06741
42252,1,5.06729
42253,1,5.06717
42254,1,5.06705
42255,1,5.06693
42256,1,5.06681
42257,1,5.06669
42258,1,5.06657
42259,1,5.06645
42260,1,5.06633
42261,1,5.06621
42262,1,5.06609
42263,1,5.06597
42264,1,5.06585
42265,1,5.06573
42266,1,5.06561
42267,1,5.06549
42268,1,5.06537
42269,1,5.06525
42270,1,5.06513
42271,1,5.06501
42272,1,5.06489
42273,1,5.06477
42274,1,5.06465
42275,1,5.06453
42276,1,5.06441
42277,1,5.06429
42278,1,5.06417
42279,1,5.06405
42280,1,5.06393
42281,1,5.06381
42282,1,5.06369
42283,1,5.06357
42284,1,5.06345
42285,1,5.06333
42286,1,5.06321
42287,1,5.06309
42288,1,5.06297
42289,1,5.06285
42290,1,5.06273
42291,1,5.06261
42292,1,5.06249
42293,1,5.06237
42294,1,5.06225
42295,1,5.06214
42296,1,5.06202
42297,1,5.0619
42298,1,5.06178
42299,1,5.06166
42300,1,5.06154
42301,1,5.06142
42302,1,5.0613
42303,1,5.06118
42304,1,5.06106
42305,1,5.06094
42306,1,5.06082
42307,1,5.0607
42308,1,5.06058
42309,1,5.06046
42310,1,5.06034
42311,1,5.06022
42312,1,5.0601
42313,1,5.05998
42314,1,5.05986
42315,1,5.05974
42316,1,5.05962
42317,1,5.0595
42318,1,5.05938
42319,1,5.05926
42320,1,5.05914
42321,1,5.05903
42322,1,5.05891
42323,1,5.05879
42324,1,5.05867
42325,1,5.05855
42326,1,5.05843
42327,1,5.05831
42328,1,5.05819
42329,1,5.05807
42330,1,5.05795
42331,1,5.05783
42332,1,5.05771
42333,1,5.05759
42334,1,5.05747
42335,1,5.05735
42336,1,5.05723
42337,1,5.05711
42338,1,5.05699
42339,1,5.05687
42340,1,5.05675
42341,1,5.05664
42342,1,5.05652
42343,1,5.0564
42344,1,5.05628
42345,1,5.05616
42346,1,5.05604
42347,1,5.05592
42348,1,5.0558
42349,1,5.05568
42350,1,5.05556
42351,1,5.05544
42352,1,5.05532
42353,1,5.0552
42354,1,5.05508
42355,1,5.05496
42356,1,5.05484
42357,1,5.05473
42358,1,5.05461
42359,1,5.05449
42360,1,5.05437
42361,1,5.05425
42362,1,5.05413
42363,1,5.05401
42364,1,5.05389
42365,1,5.05377
42366,1,5.05365
42367,1,5.05353
42368,1,5.05341
42369,1,5.05329
42370,1,5.05317
42371,1,5.05306
42372,1,5.05294
42373,1,5.05282
42374,1,5.0527
42375,1,5.05258
42376,1,5.05246
42377,1,5.05234
42378,1,5.05222
42379,1,5.0521
42380,1,5.05198
42381,1,5.05186
42382,1,5.05174
42383,1,5.05162
42384,1,5.05151
42385,1,5.05139
42386,1,5.05127
42387,1,5.05115
42388,1,5.05103
42389,1,5.05091
42390,1,5.05079
42391,1,5.05067
42392,1,5.05055
42393,1,5.05043
42394,1,5.05031
42395,1,5.05019
42396,1,5.05008
42397,1,5.04996
42398,1,5.04984
42399,1,5.04972
42400,1,5.0496
42401,1,5.04948
42402,1,5.04936
42403,1,5.04924
42404,1,5.04912
42405,1,5.049
42406,1,5.04888
42407,1,5.04877
42408,1,5.04865
42409,1,5.04853
42410,1,5.04841
42411,1,5.04829
42412,1,5.04817
42413,1,5.04805
42414,1,5.04793
42415,1,5.04781
42416,1,5.04769
42417,1,5.04758
42418,1,5.04746
42419,1,5.04734
42420,1,5.04722
42421,1,5.0471
42422,1,5.04698
42423,1,5.04686
42424,1,5.04674
42425,1,5.04662
42426,1,5.0465
42427,1,5.04639
42428,1,5.04627
42429,1,5.04615
42430,1,5.04603
42431,1,5.04591
42432,1,5.04579
42433,1,5.04567
42434,1,5.04555
42435,1,5.04543
42436,1,5.04532
42437,1,5.0452
42438,1,5.04508
42439,1,5.04496
42440,1,5.04484
42441,1,5.04472
42442,1,5.0446
42443,1,5.04448
42444,1,5.04436
42445,1,5.04425
42446,1,5.04413
42447,1,5.04401
42448,1,5.04389
42449,1,5.04377
42450,1,5.04365
42451,1,5.04353
42452,1,5.04341
42453,1,5.04329
42454,1,5.04318
42455,1,5.04306
42456,1,5.04294
42457,1,5.04282
42458,1,5.0427
42459,1,5.04258
42460,1,5.04246
42461,1,5.04234
42462,1,5.04223
42463,1,5.04211
42464,1,5.04199
42465,1,5.04187
42466,1,5.04175
42467,1,5.04163
42468,1,5.04151
42469,1,5.04139
42470,1,5.04128
42471,1,5.04116
42472,1,5.04104
42473,1,5.04092
42474,1,5.0408
42475,1,5.04068
42476,1,5.04056
42477,1,5.04045
42478,1,5.04033
42479,1,5.04021
42480,1,5.04009
42481,1,5.03997
42482,1,5.03985
42483,1,5.03973
42484,1,5.03961
42485,1,5.0395
42486,1,5.03938
42487,1,5.03926
42488,1,5.03914
42489,1,5.03902
42490,1,5.0389
42491,1,5.03878
42492,1,5.03867
42493,1,5.03855
42494,1,5.03843
42495,1,5.03831
42496,1,5.03819
42497,1,5.03807
42498,1,5.03795
42499,1,5.03784
42500,1,5.03772
42501,1,5.0376
42502,1,5.03748
42503,1,5.03736
42504,1,5.03724
42505,1,5.03713
42506,1,5.03701
42507,1,5.03689
42508,1,5.03677
42509,1,5.03665
42510,1,5.03653
42511,1,5.03641
42512,1,5.0363
42513,1,5.03618
42514,1,5.03606
42515,1,5.03594
42516,1,5.03582
42517,1,5.0357
42518,1,5.03558
42519,1,5.03547
42520,1,5.03535
42521,1,5.03523
42522,1,5.03511
42523,1,5.03499
42524,1,5.03487
42525,1,5.03476
42526,1,5.03464
42527,1,5.03452
42528,1,5.0344
42529,1,5.03428
42530,1,5.03416
42531,1,5.03405
42532,1,5.03393
42533,1,5.03381
42534,1,5.03369
42535,1,5.03357
42536,1,5.03345
42537,1,5.03334
42538,1,5.03322
42539,1,5.0331
42540,1,5.03298
42541,1,5.03286
42542,1,5.03274
42543,1,5.03263
42544,1,5.03251
42545,1,5.03239
42546,1,5.03227
42547,1,5.03215
42548,1,5.03203
42549,1,5.03192
42550,1,5.0318
42551,1,5.03168
42552,1,5.03156
42553,1,5.03144
42554,1,5.03132
42555,1,5.03121
42556,1,5.03109
42557,1,5.03097
42558,1,5.03085
42559,1,5.03073
42560,1,5.03062
42561,1,5.0305
42562,1,5.03038
42563,1,5.03026
42564,1,5.03014
42565,1,5.03002
42566,1,5.02991
42567,1,5.02979
42568,1,5.02967
42569,1,5.02955
42570,1,5.02943
42571,1,5.02932
42572,1,5.0292
42573,1,5.02908
42574,1,5.02896
42575,1,5.02884
42576,1,5.02873
42577,1,5.02861
42578,1,5.02849
42579,1,5.02837
42580,1,5.02825
42581,1,5.02813
42582,1,5.02802
42583,1,5.0279
42584,1,5.02778
42585,1,5.02766
42586,1,5.02754
42587,1,5.02743
42588,1,5.02731
42589,1,5.02719
42590,1,5.02707
42591,1,5.02695
42592,1,5.02684
42593,1,5.02672
42594,1,5.0266
42595,1,5.02648
42596,1,5.02636
42597,1,5.02625
42598,1,5.02613
42599,1,5.02601
42600,1,5.02589
42601,1,5.02577
42602,1,5.02566
42603,1,5.02554
42604,1,5.02542
42605,1,5.0253
42606,1,5.02518
42607,1,5.02507
42608,1,5.02495
42609,1,5.02483
42610,1,5.02471
42611,1,5.02459
42612,1,5.02448
42613,1,5.02436
42614,1,5.02424
42615,1,5.02412
42616,1,5.02401
42617,1,5.02389
42618,1,5.02377
42619,1,5.02365
42620,1,5.02353
42621,1,5.02342
42622,1,5.0233
42623,1,5.02318
42624,1,5.02306
42625,1,5.02294
42626,1,5.02283
42627,1,5.02271
42628,1,5.02259
42629,1,5.02247
42630,1,5.02236
42631,1,5.02224
42632,1,5.02212
42633,1,5.022
42634,1,5.02188
42635,1,5.02177
42636,1,5.02165
42637,1,5.02153
42638,1,5.02141
42639,1,5.0213
42640,1,5.02118
42641,1,5.02106
42642,1,5.02094
42643,1,5.02082
42644,1,5.02071
42645,1,5.02059
42646,1,5.02047
42647,1,5.02035
42648,1,5.02024
42649,1,5.02012
42650,1,5.02
42651,1,5.01988
42652,1,5.01976
42653,1,5.01965
42654,1,5.01953
42655,1,5.01941
42656,1,5.01929
42657,1,5.01918
42658,1,5.01906
42659,1,5.01894
42660,1,5.01882
42661,1,5.01871
42662,1,5.01859
42663,1,5.01847
42664,1,5.01835
42665,1,5.01824
42666,1,5.01812
42667,1,5.018
42668,1,5.01788
42669,1,5.01776
42670,1,5.01765
42671,1,5.01753
42672,1,5.01741
42673,1,5.01729
42674,1,5.01718
42675,1,5.01706
42676,1,5.01694
42677,1,5.01682
42678,1,5.01671
42679,1,5.01659
42680,1,5.01647
42681,1,5.01635
42682,1,5.01624
42683,1,5.01612
42684,1,5.016
42685,1,5.01588
42686,1,5.01577
42687,1,5.01565
42688,1,5.01553
42689,1,5.01541
42690,1,5.0153
42691,1,5.01518
42692,1,5.01506
42693,1,5.01494
42694,1,5.01483
42695,1,5.01471
42696,1,5.01459
42697,1,5.01447
42698,1,5.01436
42699,1,5.01424
42700,1,5.01412
42701,1,5.014
42702,1,5.01389
42703,1,5.01377
42704,1,5.01365
42705,1,5.01353
42706,1,5.01342
42707,1,5.0133
42708,1,5.01318
42709,1,5.01307
42710,1,5.01295
42711,1,5.01283
42712,1,5.01271
42713,1,5.0126
42714,1,5.01248
42715,1,5.01236
42716,1,5.01224
42717,1,5.01213
42718,1,5.01201
42719,1,5.01189
42720,1,5.01177
42721,1,5.01166
42722,1,5.01154
42723,1,5.01142
42724,1,5.01131
42725,1,5.01119
42726,1,5.01107
42727,1,5.01095
42728,1,5.01084
42729,1,5.01072
42730,1,5.0106
42731,1,5.01048
42732,1,5.01037
42733,1,5.01025
42734,1,5.01013
42735,1,5.01002
42736,1,5.0099
42737,1,5.00978
42738,1,5.00966
42739,1,5.00955
42740,1,5.00943
42741,1,5.00931
42742,1,5.00919
42743,1,5.00908
42744,1,5.00896
42745,1,5.00884
42746,1,5.00873
42747,1,5.00861
42748,1,5.00849
42749,1,5.00837
42750,1,5.00826
42751,1,5.00814
42752,1,5.00802
42753,1,5.00791
42754,1,5.00779
42755,1,5.00767
42756,1,5.00755
42757,1,5.00744
42758,1,5.00732
42759,1,5.0072
42760,1,5.00709
42761,1,5.00697
42762,1,5.00685
42763,1,5.00673
42764,1,5.00662
42765,1,5.0065
42766,1,5.00638
42767,1,5.00627
42768,1,5.00615
42769,1,5.00603
42770,1,5.00592
42771,1,5.0058
42772,1,5.00568
42773,1,5.00556
42774,1,5.00545
42775,1,5.00533
42776,1,5.00521
42777,1,5.0051
42778,1,5.00498
42779,1,5.00486
42780,1,5.00475
42781,1,5.00463
42782,1,5.00451
42783,1,5.00439
42784,1,5.00428
42785,1,5.00416
42786,1,5.00404
42787,1,5.00393
42788,1,5.00381
42789,1,5.00369
42790,1,5.00358
42791,1,5.00346
42792,1,5.00334
42793,1,5.00322
42794,1,5.00311
42795,1,5.00299
42796,1,5.00287
42797,1,5.00276
42798,1,5.00264
42799,1,5.00252
42800,1,5.00241
42801,1,5.00229
42802,1,5.00217
42803,1,5.00206
42804,1,5.00194
42805,1,5.00182
42806,1,5.00171
42807,1,5.00159
42808,1,5.00147
42809,1,5.00135
42810,1,5.00124
42811,1,5.00112
42812,1,5.001
42813,1,5.00089
42814,1,5.00077
42815,1,5.00065
42816,1,5.00054
42817,1,5.00042
42818,1,5.0003
42819,1,5.00019
42820,1,5.00007
42821,1,4.99995
42822,1,4.99984
42823,1,4.99972
42824,1,4.9996
42825,1,4.99949
42826,1,4.99937
42827,1,4.99925
42828,1,4.99914
42829,1,4.99902
42830,1,4.9989
42831,1,4.99879
42832,1,4.99867
42833,1,4.99855
42834,1,4.99844
42835,1,4.99832
42836,1,4.9982
42837,1,4.99809
42838,1,4.99797
42839,1,4.99785
42840,1,4.99774
42841,1,4.99762
42842,1,4.9975
42843,1,4.99739
42844,1,4.99727
42845,1,4.99715
42846,1,4.99704
42847,1,4.99692
42848,1,4.9968
42849,1,4.99669
42850,1,4.99657
42851,1,4.99645
42852,1,4.99634
42853,1,4.99622
42854,1,4.9961
42855,1,4.99599
42856,1,4.99587
42857,1,4.99575
42858,1,4.99564
42859,1,4.99552
42860,1,4.9954
42861,1,4.99529
42862,1,4.99517
42863,1,4.99505
42864,1,4.99494
42865,1,4.99482
42866,1,4.9947
42867,1,4.99459
42868,1,4.99447
42869,1,4.99435
42870,1,4.99424
42871,1,4.99412
42872,1,4.99401
42873,1,4.99389
42874,1,4.99377
42875,1,4.99366
42876,1,4.99354
42877,1,4.99342
42878,1,4.99331
42879,1,4.99319
42880,1,4.99307
42881,1,4.99296
42882,1,4.99284
42883,1,4.99272
42884,1,4.99261
42885,1,4.99249
42886,1,4.99238
42887,1,4.99226
42888,1,4.99214
42889,1,4.99203
42890,1,4.99191
42891,1,4.99179
42892,1,4.99168
42893,1,4.99156
42894,1,4.99144
42895,1,4.99133
42896,1,4.99121
42897,1,4.99109
42898,1,4.99098
42899,1,4.99086
42900,1,4.99075
42901,1,4.99063
42902,1,4.99051
42903,1,4.9904
42904,1,4.99028
42905,1,4.99016
42906,1,4.99005
42907,1,4.98993
42908,1,4.98982
42909,1,4.9897
42910,1,4.98958
42911,1,4.98947
42912,1,4.98935
42913,1,4.98923
42914,1,4.98912
42915,1,4.989
42916,1,4.98889
42917,1,4.98877
42918,1,4.98865
42919,1,4.98854
42920,1,4.98842
42921,1,4.9883
42922,1,4.98819
42923,1,4.98807
42924,1,4.98796
42925,1,4.98784
42926,1,4.98772
42927,1,4.98761
42928,1,4.98749
42929,1,4.98737
42930,1,4.98726
42931,1,4.98714
42932,1,4.98703
42933,1,4.98691
42934,1,4.98679
42935,1,4.98668
42936,1,4.98656
42937,1,4.98645
42938,1,4.98633
42939,1,4.98621
42940,1,4.9861
42941,1,4.98598
42942,1,4.98586
42943,1,4.98575
42944,1,4.98563
42945,1,4.98552
42946,1,4.9854
42947,1,4.98528
42948,1,4.98517
42949,1,4.98505
42950,1,4.98494
42951,1,4.98482
42952,1,4.9847
42953,1,4.98459
42954,1,4.98447
42955,1,4.98436
42956,1,4.98424
42957,1,4.98412
42958,1,4.98401
42959,1,4.98389
42960,1,4.98378
42961,1,4.98366
42962,1,4.98354
42963,1,4.98343
42964,1,4.98331
42965,1,4.9832
42966,1,4.98308
42967,1,4.98296
42968,1,4.98285
42969,1,4.98273
42970,1,4.98262
42971,1,4.9825
42972,1,4.98238
42973,1,4.98227
42974,1,4.98215
42975,1,4.98204
42976,1,4.98192
42977,1,4.9818
42978,1,4.98169
42979,1,4.98157
42980,1,4.98146
42981,1,4.98134
42982,1,4.98122
42983,1,4.98111
42984,1,4.98099
42985,1,4.98088
42986,1,4.98076
42987,1,4.98065
42988,1,4.98053
42989,1,4.98041
42990,1,4.9803
42991,1,4.98018
42992,1,4.98007
42993,1,4.97995
42994,1,4.97983
42995,1,4.97972
42996,1,4.9796
42997,1,4.97949
42998,1,4.97937
42999,1,4.97926
43000,1,4.97914
43001,1,4.97902
43002,1,4.97891
43003,1,4.97879
43004,1,4.97868
43005,1,4.97856
43006,1,4.97844
43007,1,4.97833
43008,1,4.97821
43009,1,4.9781
43010,1,4.97798
43011,1,4.97787
43012,1,4.97775
43013,1,4.97763
43014,1,4.97752
43015,1,4.9774
43016,1,4.97729
43017,1,4.97717
43018,1,4.97706
43019,1,4.97694
43020,1,4.97682
43021,1,4.97671
43022,1,4.97659
43023,1,4.97648
43024,1,4.97636
43025,1,4.97625
43026,1,4.97613
43027,1,4.97602
43028,1,4.9759
43029,1,4.97578
43030,1,4.97567
43031,1,4.97555
43032,1,4.97544
43033,1,4.97532
43034,1,4.97521
43035,1,4.97509
43036,1,4.97497
43037,1,4.97486
43038,1,4.97474
43039,1,4.97463
43040,1,4.97451
43041,1,4.9744
43042,1,4.97428
43043,1,4.97417
43044,1,4.97405
43045,1,4.97393
43046,1,4.97382
43047,1,4.9737
43048,1,4.97359
43049,1,4.97347
43050,1,4.97336
43051,1,4.97324
43052,1,4.97313
43053,1,4.97301
43054,1,4.97289
43055,1,4.97278
43056,1,4.97266
43057,1,4.97255
43058,1,4.97243
43059,1,4.97232
43060,1,4.9722
43061,1,4.97209
43062,1,4.97197
43063,1,4.97186
43064,1,4.97174
43065,1,4.97162
43066,1,4.97151
43067,1,4.97139
43068,1,4.97128
43069,1,4.97116
43070,1,4.97105
43071,1,4.97093
43072,1,4.97082
43073,1,4.9707
43074,1,4.97059
43075,1,4.97047
43076,1,4.97035
43077,1,4.97024
43078,1,4.97012
43079,1,4.97001
43080,1,4.96989
43081,1,4.96978
43082,1,4.96966
43083,1,4.96955
43084,1,4.96943
43085,1,4.96932
43086,1,4.9692
43087,1,4.96909
43088,1,4.96897
43089,1,4.96886
43090,1,4.96874
43091,1,4.96862
43092,1,4.96851
43093,1,4.96839
43094,1,4.96828
43095,1,4.96816
43096,1,4.96805
43097,1,4.96793
43098,1,4.96782
43099,1,4.9677
43100,1,4.96759
43101,1,4.96747
43102,1,4.96736
43103,1,4.96724
43104,1,4.96713
43105,1,4.96701
43106,1,4.9669
43107,1,4.96678
43108,1,4.96667
43109,1,4.96655
43110,1,4.96643
43111,1,4.96632
43112,1,4.9662
43113,1,4.96609
43114,1,4.96597
43115,1,4.96586
43116,1,4.96574
43117,1,4.96563
43118,1,4.96551
43119,1,4.9654
43120,1,4.96528
43121,1,4.96517
43122,1,4.96505
43123,1,4.96494
43124,1,4.96482
43125,1,4.96471
43126,1,4.96459
43127,1,4.96448
43128,1,4.96436
43129,1,4.96425
43130,1,4.96413
43131,1,4.96402
43132,1,4.9639
43133,1,4.96379
43134,1,4.96367
43135,1,4.96356
43136,1,4.96344
43137,1,4.96333
43138,1,4.96321
43139,1,4.9631
43140,1,4.96298
43141,1,4.96287
43142,1,4.96275
43143,1,4.96264
43144,1,4.96252
43145,1,4.96241
43146,1,4.96229
43147,1,4.96218
43148,1,4.96206
43149,1,4.96195
43150,1,4.96183
43151,1,4.96172
43152,1,4.9616
43153,1,4.96149
43154,1,4.96137
43155,1,4.96126
43156,1,4.96114
43157,1,4.96103
43158,1,4.96091
43159,1,4.9608
43160,1,4.96068
43161,1,4.96057
43162,1,4.96045
43163,1,4.96034
43164,1,4.96022
43165,1,4.96011
43166,1,4.95999
43167,1,4.95988
43168,1,4.95976
43169,1,4.95965
43170,1,4.95953
43171,1,4.95942
43172,1,4.9593
43173,1,4.95919
43174,1,4.95907
43175,1,4.95896
43176,1,4.95884
43177,1,4.95873
43178,1,4.95861
43179,1,4.9585
43180,1,4.95838
43181,1,4.95827
43182,1,4.95815
43183,1,4.95804
43184,1,4.95792
43185,1,4.95781
43186,1,4.95769
43187,1,4.95758
43188,1,4.95747
43189,1,4.95735
43190,1,4.95724
43191,1,4.95712
43192,1,4.95701
43193,1,4.95689
43194,1,4.95678
43195,1,4.95666
43196,1,4.95655
43197,1,4.95643
43198,1,4.95632
43199,1,4.9562
43200,1,4.95609
43201,1,4.95597
43202,1,4.95586
43203,1,4.95574
43204,1,4.95563
43205,1,4.95551
43206,1,4.9554
43207,1,4.95529
43208,1,4.95517
43209,1,4.95506
43210,1,4.95494
43211,1,4.95483
43212,1,4.95471
43213,1,4.9546
43214,1,4.95448
43215,1,4.95437
43216,1,4.95425
43217,1,4.95414
43218,1,4.95402
43219,1,4.95391
43220,1,4.95379
43221,1,4.95368
43222,1,4.95357
43223,1,4.95345
43224,1,4.95334
43225,1,4.95322
43226,1,4.95311
43227,1,4.95299
43228,1,4.95288
43229,1,4.95276
43230,1,4.95265
43231,1,4.95253
43232,1,4.95242
43233,1,4.9523
43234,1,4.95219
43235,1,4.95208
43236,1,4.95196
43237,1,4.95185
43238,1,4.95173
43239,1,4.95162
43240,1,4.9515
43241,1,4.95139
43242,1,4.95127
43243,1,4.95116
43244,1,4.95105
43245,1,4.95093
43246,1,4.95082
43247,1,4.9507
43248,1,4.95059
43249,1,4.95047
43250,1,4.95036
43251,1,4.95024
43252,1,4.95013
43253,1,4.95002
43254,1,4.9499
43255,1,4.94979
43256,1,4.94967
43257,1,4.94956
43258,1,4.94944
43259,1,4.94933
43260,1,4.94921
43261,1,4.9491
43262,1,4.94899
43263,1,4.94887
43264,1,4.94876
43265,1,4.94864
43266,1,4.94853
43267,1,4.94841
43268,1,4.9483
43269,1,4.94818
43270,1,4.94807
43271,1,4.94796
43272,1,4.94784
43273,1,4.94773
43274,1,4.94761
43275,1,4.9475
43276,1,4.94738
43277,1,4.94727
43278,1,4.94716
43279,1,4.94704
43280,1,4.94693
43281,1,4.94681
43282,1,4.9467
43283,1,4.94658
43284,1,4.94647
43285,1,4.94636
43286,1,4.94624
43287,1,4.94613
43288,1,4.94601
43289,1,4.9459
43290,1,4.94578
43291,1,4.94567
43292,1,4.94556
43293,1,4.94544
43294,1,4.94533
43295,1,4.94521
43296,1,4.9451
43297,1,4.94498
43298,1,4.94487
43299,1,4.94476
43300,1,4.94464
43301,1,4.94453
43302,1,4.94441
43303,1,4.9443
43304,1,4.94419
43305,1,4.94407
43306,1,4.94396
43307,1,4.94384
43308,1,4.94373
43309,1,4.94361
43310,1,4.9435
43311,1,4.94339
43312,1,4.94327
43313,1,4.94316
43314,1,4.94304
43315,1,4.94293
43316,1,4.94282
43317,1,4.9427
43318,1,4.94259
43319,1,4.94247
43320,1,4.94236
43321,1,4.94225
43322,1,4.94213
43323,1,4.94202
43324,1,4.9419
43325,1,4.94179
43326,1,4.94167
43327,1,4.94156
43328,1,4.94145
43329,1,4.94133
43330,1,4.94122
43331,1,4.9411
43332,1,4.94099
43333,1,4.94088
43334,1,4.94076
43335,1,4.94065
43336,1,4.94053
43337,1,4.94042
43338,1,4.94031
43339,1,4.94019
43340,1,4.94008
43341,1,4.93996
43342,1,4.93985
43343,1,4.93974
43344,1,4.93962
43345,1,4.93951
43346,1,4.93939
43347,1,4.93928
43348,1,4.93917
43349,1,4.93905
43350,1,4.93894
43351,1,4.93882
43352,1,4.93871
43353,1,4.9386
43354,1,4.93848
43355,1,4.93837
43356,1,4.93826
43357,1,4.93814
43358,1,4.93803
43359,1,4.93791
43360,1,4.9378
43361,1,4.93769
43362,1,4.93757
43363,1,4.93746
43364,1,4.93734
43365,1,4.93723
43366,1,4.93712
43367,1,4.937
43368,1,4.93689
43369,1,4.93678
43370,1,4.93666
43371,1,4.93655
43372,1,4.93643
43373,1,4.93632
43374,1,4.93621
43375,1,4.93609
43376,1,4.93598
43377,1,4.93586
43378,1,4.93575
43379,1,4.93564
43380,1,4.93552
43381,1,4.93541
43382,1,4.9353
43383,1,4.93518
43384,1,4.93507
43385,1,4.93495
43386,1,4.93484
43387,1,4.93473
43388,1,4.93461
43389,1,4.9345
43390,1,4.93439
43391,1,4.93427
43392,1,4.93416
43393,1,4.93404
43394,1,4.93393
43395,1,4.93382
43396,1,4.9337
43397,1,4.93359
43398,1,4.93348
43399,1,4.93336
43400,1,4.93325
43401,1,4.93314
43402,1,4.93302
43403,1,4.93291
43404,1,4.93279
43405,1,4.93268
43406,1,4.93257
43407,1,4.93245
43408,1,4.93234
43409,1,4.93223
43410,1,4.93211
43411,1,4.932
43412,1,4.93189
43413,1,4.93177
43414,1,4.93166
43415,1,4.93154
43416,1,4.93143
43417,1,4.93132
43418,1,4.9312
43419,1,4.93109
43420,1,4.93098
43421,1,4.93086
43422,1,4.93075
43423,1,4.93064
43424,1,4.93052
43425,1,4.93041
43426,1,4.9303
43427,1,4.93018
43428,1,4.93007
43429,1,4.92995
43430,1,4.92984
43431,1,4.92973
43432,1,4.92961
43433,1,4.9295
43434,1,4.92939
43435,1,4.92927
43436,1,4.92916
43437,1,4.92905
43438,1,4.92893
43439,1,4.92882
43440,1,4.92871
43441,1,4.92859
43442,1,4.92848
43443,1,4.92837
43444,1,4.92825
43445,1,4.92814
43446,1,4.92803
43447,1,4.92791
43448,1,4.9278
43449,1,4.92769
43450,1,4.92757
43451,1,4.92746
43452,1,4.92735
43453,1,4.92723
43454,1,4.92712
43455,1,4.927
43456,1,4.92689
43457,1,4.92678
43458,1,4.92666
43459,1,4.92655
43460,1,4.92644
43461,1,4.92632
43462,1,4.92621
43463,1,4.9261
43464,1,4.92598
43465,1,4.92587
43466,1,4.92576
43467,1,4.92564
43468,1,4.92553
43469,1,4.92542
43470,1,4.9253
43471,1,4.92519
43472,1,4.92508
43473,1,4.92496
43474,1,4.92485
43475,1,4.92474
43476,1,4.92463
43477,1,4.92451
43478,1,4.9244
43479,1,4.92429
43480,1,4.92417
43481,1,4.92406
43482,1,4.92395
43483,1,4.92383
43484,1,4.92372
43485,1,4.92361
43486,1,4.92349
43487,1,4.92338
43488,1,4.92327
43489,1,4.92315
43490,1,4.92304
43491,1,4.92293
43492,1,4.92281
43493,1,4.9227
43494,1,4.92259
43495,1,4.92247
43496,1,4.92236
43497,1,4.92225
43498,1,4.92213
43499,1,4.92202
43500,1,4.92191
43501,1,4.92179
43502,1,4.92168
43503,1,4.92157
43504,1,4.92146
43505,1,4.92134
43506,1,4.92123
43507,1,4.92112
43508,1,4.921
43509,1,4.92089
43510,1,4.92078
43511,1,4.92066
43512,1,4.92055
43513,1,4.92044
43514,1,4.92032
43515,1,4.92021
43516,1,4.9201
43517,1,4.91999
43518,1,4.91987
43519,1,4.91976
43520,1,4.91965
43521,1,4.91953
43522,1,4.91942
43523,1,4.91931
43524,1,4.91919
43525,1,4.91908
43526,1,4.91897
43527,1,4.91885
43528,1,4.91874
43529,1,4.91863
43530,1,4.91852
43531,1,4.9184
43532,1,4.91829
43533,1,4.91818
43534,1,4.91806
43535,1,4.91795
43536,1,4.91784
43537,1,4.91773
43538,1,4.91761
43539,1,4.9175
43540,1,4.91739
43541,1,4.91727
43542,1,4.91716
43543,1,4.91705
43544,1,4.91693
43545,1,4.91682
43546,1,4.91671
43547,1,4.9166
43548,1,4.91648
43549,1,4.91637
43550,1,4.91626
43551,1,4.91614
43552,1,4.91603
43553,1,4.91592
43554,1,4.91581
43555,1,4.91569
43556,1,4.91558
43557,1,4.91547
43558,1,4.91535
43559,1,4.91524
43560,1,4.91513
43561,1,4.91502
43562,1,4.9149
43563,1,4.91479
43564,1,4.91468
43565,1,4.91456
43566,1,4.91445
43567,1,4.91434
43568,1,4.91423
43569,1,4.91411
43570,1,4.914
43571,1,4.91389
43572,1,4.91377
43573,1,4.91366
43574,1,4.91355
43575,1,4.91344
43576,1,4.91332
43577,1,4.91321
43578,1,4.9131
43579,1,4.91299
43580,1,4.91287
43581,1,4.91276
43582,1,4.91265
43583,1,4.91253
43584,1,4.91242
43585,1,4.91231
43586,1,4.9122
43587,1,4.91208
43588,1,4.91197
43589,1,4.91186
43590,1,4.91175
43591,1,4.91163
43592,1,4.91152
43593,1,4.91141
43594,1,4.9113
43595,1,4.91118
43596,1,4.91107
43597,1,4.91096
43598,1,4.91084
43599,1,4.91073
43600,1,4.91062
43601,1,4.91051
43602,1,4.91039
43603,1,4.91028
43604,1,4.91017
43605,1,4.91006
43606,1,4.90994
43607,1,4.90983
43608,1,4.90972
43609,1,4.90961
43610,1,4.90949
43611,1,4.90938
43612,1,4.90927
43613,1,4.90916
43614,1,4.90904
43615,1,4.90893
43616,1,4.90882
43617,1,4.90871
43618,1,4.90859
43619,1,4.90848
43620,1,4.90837
43621,1,4.90826
43622,1,4.90814
43623,1,4.90803
43624,1,4.90792
43625,1,4.90781
43626,1,4.90769
43627,1,4.90758
43628,1,4.90747
43629,1,4.90736
43630,1,4.90724
43631,1,4.90713
43632,1,4.90702
43633,1,4.90691
43634,1,4.90679
43635,1,4.90668
43636,1,4.90657
43637,1,4.90646
43638,1,4.90634
43639,1,4.90623
43640,1,4.90612
43641,1,4.90601
43642,1,4.90589
43643,1,4.90578
43644,1,4.90567
43645,1,4.90556
43646,1,4.90544
43647,1,4.90533
43648,1,4.90522
43649,1,4.90511
43650,1,4.90499
43651,1,4.90488
43652,1,4.90477
43653,1,4.90466
43654,1,4.90454
43655,1,4.90443
43656,1,4.90432
43657,1,4.90421
43658,1,4.9041
43659,1,4.90398
43660,1,4.90387
43661,1,4.90376
43662,1,4.90365
43663,1,4.90353
43664,1,4.90342
43665,1,4.90331
43666,1,4.9032
43667,1,4.90308
43668,1,4.90297
43669,1,4.90286
43670,1,4.90275
43671,1,4.90264
43672,1,4.90252
43673,1,4.90241
43674,1,4.9023
43675,1,4.90219
43676,1,4.90207
43677,1,4.90196
43678,1,4.90185
43679,1,4.90174
43680,1,4.90163
43681,1,4.90151
43682,1,4.9014
43683,1,4.90129
43684,1,4.90118
43685,1,4.90106
43686,1,4.90095
43687,1,4.90084
43688,1,4.90073
43689,1,4.90062
43690,1,4.9005
43691,1,4.90039
43692,1,4.90028
43693,1,4.90017
43694,1,4.90005
43695,1,4.89994
43696,1,4.89983
43697,1,4.89972
43698,1,4.89961
43699,1,4.89949
43700,1,4.89938
43701,1,4.89927
43702,1,4.89916
43703,1,4.89905
43704,1,4.89893
43705,1,4.89882
43706,1,4.89871
43707,1,4.8986
43708,1,4.89849
43709,1,4.89837
43710,1,4.89826
43711,1,4.89815
43712,1,4.89804
43713,1,4.89793
43714,1,4.89781
43715,1,4.8977
43716,1,4.89759
43717,1,4.89748
43718,1,4.89736
43719,1,4.89725
43720,1,4.89714
43721,1,4.89703
43722,1,4.89692
43723,1,4.8968
43724,1,4.89669
43725,1,4.89658
43726,1,4.89647
43727,1,4.89636
43728,1,4.89624
43729,1,4.89613
43730,1,4.89602
43731,1,4.89591
43732,1,4.8958
43733,1,4.89569
43734,1,4.89557
43735,1,4.89546
43736,1,4.89535
43737,1,4.89524
43738,1,4.89513
43739,1,4.89501
43740,1,4.8949
43741,1,4.89479
43742,1,4.89468
43743,1,4.89457
43744,1,4.89445
43745,1,4.89434
43746,1,4.89423
43747,1,4.89412
43748,1,4.89401
43749,1,4.89389
43750,1,4.89378
43751,1,4.89367
43752,1,4.89356
43753,1,4.89345
43754,1,4.89334
43755,1,4.89322
43756,1,4.89311
43757,1,4.893
43758,1,4.89289
43759,1,4.89278
43760,1,4.89266
43761,1,4.89255
43762,1,4.89244
43763,1,4.89233
43764,1,4.89222
43765,1,4.89211
43766,1,4.89199
43767,1,4.89188
43768,1,4.89177
43769,1,4.89166
43770,1,4.89155
43771,1,4.89143
43772,1,4.89132
43773,1,4.89121
43774,1,4.8911
43775,1,4.89099
43776,1,4.89088
43777,1,4.89076
43778,1,4.89065
43779,1,4.89054
43780,1,4.89043
43781,1,4.89032
43782,1,4.89021
43783,1,4.89009
43784,1,4.88998
43785,1,4.88987
43786,1,4.88976
43787,1,4.88965
43788,1,4.88954
43789,1,4.88942
43790,1,4.88931
43791,1,4.8892
43792,1,4.88909
43793,1,4.88898
43794,1,4.88887
43795,1,4.88875
43796,1,4.88864
43797,1,4.88853
43798,1,4.88842
43799,1,4.88831
43800,1,4.8882
43801,1,4.88808
43802,1,4.88797
43803,1,4.88786
43804,1,4.88775
43805,1,4.88764
43806,1,4.88753
43807,1,4.88742
43808,1,4.8873
43809,1,4.88719
43810,1,4.88708
43811,1,4.88697
43812,1,4.88686
43813,1,4.88675
43814,1,4.88663
43815,1,4.88652
43816,1,4.88641
43817,1,4.8863
43818,1,4.88619
43819,1,4.88608
43820,1,4.88597
43821,1,4.88585
43822,1,4.88574
43823,1,4.88563
43824,1,4.88552
43825,1,4.88541
43826,1,4.8853
43827,1,4.88518
43828,1,4.88507
43829,1,4.88496
43830,1,4.88485
43831,1,4.88474
43832,1,4.88463
43833,1,4.88452
43834,1,4.8844
43835,1,4.88429
43836,1,4.88418
43837,1,4.88407
43838,1,4.88396
43839,1,4.88385
43840,1,4.88374
43841,1,4.88362
43842,1,4.88351
43843,1,4.8834
43844,1,4.88329
43845,1,4.88318
43846,1,4.88307
43847,1,4.88296
43848,1,4.88285
43849,1,4.88273
43850,1,4.88262
43851,1,4.88251
43852,1,4.8824
43853,1,4.88229
43854,1,4.88218
43855,1,4.88207
43856,1,4.88195
43857,1,4.88184
43858,1,4.88173
43859,1,4.88162
43860,1,4.88151
43861,1,4.8814
43862,1,4.88129
43863,1,4.88118
43864,1,4.88106
43865,1,4.88095
43866,1,4.88084
43867,1,4.88073
43868,1,4.88062
43869,1,4.88051
43870,1,4.8804
43871,1,4.88029
43872,1,4.88017
43873,1,4.88006
43874,1,4.87995
43875,1,4.87984
43876,1,4.87973
43877,1,4.87962
43878,1,4.87951
43879,1,4.8794
43880,1,4.87928
43881,1,4.87917
43882,1,4.87906
43883,1,4.87895
43884,1,4.87884
43885,1,4.87873
43886,1,4.87862
43887,1,4.87851
43888,1,4.8784
43889,1,4.87828
43890,1,4.87817
43891,1,4.87806
43892,1,4.87795
43893,1,4.87784
43894,1,4.87773
43895,1,4.87762
43896,1,4.87751
43897,1,4.87739
43898,1,4.87728
43899,1,4.87717
43900,1,4.87706
43901,1,4.87695
43902,1,4.87684
43903,1,4.87673
43904,1,4.87662
43905,1,4.87651
43906,1,4.8764
43907,1,4.87628
43908,1,4.87617
43909,1,4.87606
43910,1,4.87595
43911,1,4.87584
43912,1,4.87573
43913,1,4.87562
43914,1,4.87551
43915,1,4.8754
43916,1,4.87528
43917,1,4.87517
43918,1,4.87506
43919,1,4.87495
43920,1,4.87484
43921,1,4.87473
43922,1,4.87462
43923,1,4.87451
43924,1,4.8744
43925,1,4.87429
43926,1,4.87417
43927,1,4.87406
43928,1,4.87395
43929,1,4.87384
43930,1,4.87373
43931,1,4.87362
43932,1,4.87351
43933,1,4.8734
43934,1,4.87329
43935,1,4.87318
43936,1,4.87307
43937,1,4.87295
43938,1,4.87284
43939,1,4.87273
43940,1,4.87262
43941,1,4.87251
43942,1,4.8724
43943,1,4.87229
43944,1,4.87218
43945,1,4.87207
43946,1,4.87196
43947,1,4.87185
43948,1,4.87173
43949,1,4.87162
43950,1,4.87151
43951,1,4.8714
43952,1,4.87129
43953,1,4.87118
43954,1,4.87107
43955,1,4.87096
43956,1,4.87085
43957,1,4.87074
43958,1,4.87063
43959,1,4.87052
43960,1,4.8704
43961,1,4.87029
43962,1,4.87018
43963,1,4.87007
43964,1,4.86996
43965,1,4.86985
43966,1,4.86974
43967,1,4.86963
43968,1,4.86952
43969,1,4.86941
43970,1,4.8693
43971,1,4.86919
43972,1,4.86908
43973,1,4.86897
43974,1,4.86885
43975,1,4.86874
43976,1,4.86863
43977,1,4.86852
43978,1,4.86841
43979,1,4.8683
43980,1,4.86819
43981,1,4.86808
43982,1,4.86797
43983,1,4.86786
43984,1,4.86775
43985,1,4.86764
43986,1,4.86753
43987,1,4.86742
43988,1,4.8673
43989,1,4.86719
43990,1,4.86708
43991,1,4.86697
43992,1,4.86686
43993,1,4.86675
43994,1,4.86664
43995,1,4.86653
43996,1,4.86642
43997,1,4.86631
43998,1,4.8662
43999,1,4.86609
44000,1,4.86598
44001,1,4.86587
44002,1,4.86576
44003,1,4.86565
44004,1,4.86553
44005,1,4.86542
44006,1,4.86531
44007,1,4.8652
44008,1,4.86509
44009,1,4.86498
44010,1,4.86487
44011,1,4.86476
44012,1,4.86465
44013,1,4.86454
44014,1,4.86443
44015,1,4.86432
44016,1,4.86421
44017,1,4.8641
44018,1,4.86399
44019,1,4.86388
44020,1,4.86377
44021,1,4.86366
44022,1,4.86355
44023,1,4.86344
44024,1,4.86332
44025,1,4.86321
44026,1,4.8631
44027,1,4.86299
44028,1,4.86288
44029,1,4.86277
44030,1,4.86266
44031,1,4.86255
44032,1,4.86244
44033,1,4.86233
44034,1,4.86222
44035,1,4.86211
44036,1,4.862
44037,1,4.86189
44038,1,4.86178
44039,1,4.86167
44040,1,4.86156
44041,1,4.86145
44042,1,4.86134
44043,1,4.86123
44044,1,4.86112
44045,1,4.86101
44046,1,4.8609
44047,1,4.86079
44048,1,4.86067
44049,1,4.86056
44050,1,4.86045
44051,1,4.86034
44052,1,4.86023
44053,1,4.86012
44054,1,4.86001
44055,1,4.8599
44056,1,4.85979
44057,1,4.85968
44058,1,4.85957
44059,1,4.85946
44060,1,4.85935
44061,1,4.85924
44062,1,4.85913
44063,1,4.85902
44064,1,4.85891
44065,1,4.8588
44066,1,4.85869
44067,1,4.85858
44068,1,4.85847
44069,1,4.85836
44070,1,4.85825
44071,1,4.85814
44072,1,4.85803
44073,1,4.85792
44074,1,4.85781
44075,1,4.8577
44076,1,4.85759
44077,1,4.85748
44078,1,4.85737
44079,1,4.85726
44080,1,4.85715
44081,1,4.85704
44082,1,4.85693
44083,1,4.85682
44084,1,4.85671
44085,1,4.8566
44086,1,4.85649
44087,1,4.85637
44088,1,4.85626
44089,1,4.85615
44090,1,4.85604
44091,1,4.85593
44092,1,4.85582
44093,1,4.85571
44094,1,4.8556
44095,1,4.85549
44096,1,4.85538
44097,1,4.85527
44098,1,4.85516
44099,1,4.85505
44100,1,4.85494
44101,1,4.85483
44102,1,4.85472
44103,1,4.85461
44104,1,4.8545
44105,1,4.85439
44106,1,4.85428
44107,1,4.85417
44108,1,4.85406
44109,1,4.85395
44110,1,4.85384
44111,1,4.85373
44112,1,4.85362
44113,1,4.85351
44114,1,4.8534
44115,1,4.85329
44116,1,4.85318
44117,1,4.85307
44118,1,4.85296
44119,1,4.85285
44120,1,4.85274
44121,1,4.85263
44122,1,4.85252
44123,1,4.85241
44124,1,4.8523
44125,1,4.85219
44126,1,4.85208
44127,1,4.85197
44128,1,4.85186
44129,1,4.85175
44130,1,4.85164
44131,1,4.85153
44132,1,4.85142
44133,1,4.85131
44134,1,4.8512
44135,1,4.85109
44136,1,4.85098
44137,1,4.85087
44138,1,4.85076
44139,1,4.85065
44140,1,4.85054
44141,1,4.85043
44142,1,4.85032
44143,1,4.85021
44144,1,4.8501
44145,1,4.84999
44146,1,4.84988
44147,1,4.84977
44148,1,4.84966
44149,1,4.84955
44150,1,4.84945
44151,1,4.84934
44152,1,4.84923
44153,1,4.84912
44154,1,4.84901
44155,1,4.8489
44156,1,4.84879
44157,1,4.84868
44158,1,4.84857
44159,1,4.84846
44160,1,4.84835
44161,1,4.84824
44162,1,4.84813
44163,1,4.84802
44164,1,4.84791
44165,1,4.8478
44166,1,4.84769
44167,1,4.84758
44168,1,4.84747
44169,1,4.84736
44170,1,4.84725
44171,1,4.84714
44172,1,4.84703
44173,1,4.84692
44174,1,4.84681
44175,1,4.8467
44176,1,4.84659
44177,1,4.84648
44178,1,4.84637
44179,1,4.84626
44180,1,4.84615
44181,1,4.84604
44182,1,4.84593
44183,1,4.84582
44184,1,4.84571
44185,1,4.8456
44186,1,4.84549
44187,1,4.84538
44188,1,4.84527
44189,1,4.84517
44190,1,4.84506
44191,1,4.84495
44192,1,4.84484
44193,1,4.84473
44194,1,4.84462
44195,1,4.84451
44196,1,4.8444
44197,1,4.84429
44198,1,4.84418
44199,1,4.84407
44200,1,4.84396
44201,1,4.84385
44202,1,4.84374
44203,1,4.84363
44204,1,4.84352
44205,1,4.84341
44206,1,4.8433
44207,1,4.84319
44208,1,4.84308
44209,1,4.84297
44210,1,4.84286
44211,1,4.84275
44212,1,4.84264
44213,1,4.84254
44214,1,4.84243
44215,1,4.84232
44216,1,4.84221
44217,1,4.8421
44218,1,4.84199
44219,1,4.84188
44220,1,4.84177
44221,1,4.84166
44222,1,4.84155
44223,1,4.84144
44224,1,4.84133
44225,1,4.84122
44226,1,4.84111
44227,1,4.841
44228,1,4.84089
44229,1,4.84078
44230,1,4.84067
44231,1,4.84056
44232,1,4.84045
44233,1,4.84035
44234,1,4.84024
44235,1,4.84013
44236,1,4.84002
44237,1,4.83991
44238,1,4.8398
44239,1,4.83969
44240,1,4.83958
44241,1,4.83947
44242,1,4.83936
44243,1,4.83925
44244,1,4.83914
44245,1,4.83903
44246,1,4.83892
44247,1,4.83881
44248,1,4.8387
44249,1,4.8386
44250,1,4.83849
44251,1,4.83838
44252,1,4.83827
44253,1,4.83816
44254,1,4.83805
44255,1,4.83794
44256,1,4.83783
44257,1,4.83772
44258,1,4.83761
44259,1,4.8375
44260,1,4.83739
44261,1,4.83728
44262,1,4.83717
44263,1,4.83706
44264,1,4.83696
44265,1,4.83685
44266,1,4.83674
44267,1,4.83663
44268,1,4.83652
44269,1,4.83641
44270,1,4.8363
44271,1,4.83619
44272,1,4.83608
44273,1,4.83597
44274,1,4.83586
44275,1,4.83575
44276,1,4.83564
44277,1,4.83554
44278,1,4.83543
44279,1,4.83532
44280,1,4.83521
44281,1,4.8351
44282,1,4.83499
44283,1,4.83488
44284,1,4.83477
44285,1,4.83466
44286,1,4.83455
44287,1,4.83444
44288,1,4.83433
44289,1,4.83423
44290,1,4.83412
44291,1,4.83401
44292,1,4.8339
44293,1,4.83379
44294,1,4.83368
44295,1,4.83357
44296,1,4.83346
44297,1,4.83335
44298,1,4.83324
44299,1,4.83313
44300,1,4.83302
44301,1,4.83292
44302,1,4.83281
44303,1,4.8327
44304,1,4.83259
44305,1,4.83248
44306,1,4.83237
44307,1,4.83226
44308,1,4.83215
44309,1,4.83204
44310,1,4.83193
44311,1,4.83183
44312,1,4.83172
44313,1,4.83161
44314,1,4.8315
44315,1,4.83139
44316,1,4.83128
44317,1,4.83117
44318,1,4.83106
44319,1,4.83095
44320,1,4.83084
44321,1,4.83073
44322,1,4.83063
44323,1,4.83052
44324,1,4.83041
44325,1,4.8303
44326,1,4.83019
44327,1,4.83008
44328,1,4.82997
44329,1,4.82986
44330,1,4.82975
44331,1,4.82965
44332,1,4.82954
44333,1,4.82943
44334,1,4.82932
44335,1,4.82921
44336,1,4.8291
44337,1,4.82899
44338,1,4.82888
44339,1,4.82877
44340,1,4.82866
44341,1,4.82856
44342,1,4.82845
44343,1,4.82834
44344,1,4.82823
44345,1,4.82812
44346,1,4.82801
44347,1,4.8279
44348,1,4.82779
44349,1,4.82768
44350,1,4.82758
44351,1,4.82747
44352,1,4.82736
44353,1,4.82725
44354,1,4.82714
44355,1,4.82703
44356,1,4.82692
44357,1,4.82681
44358,1,4.82671
44359,1,4.8266
44360,1,4.82649
44361,1,4.82638
44362,1,4.82627
44363,1,4.82616
44364,1,4.82605
44365,1,4.82594
44366,1,4.82584
44367,1,4.82573
44368,1,4.82562
44369,1,4.82551
44370,1,4.8254
44371,1,4.82529
44372,1,4.82518
44373,1,4.82507
44374,1,4.82497
44375,1,4.82486
44376,1,4.82475
44377,1,4.82464
44378,1,4.82453
44379,1,4.82442
44380,1,4.82431
44381,1,4.8242
44382,1,4.8241
44383,1,4.82399
44384,1,4.82388
44385,1,4.82377
44386,1,4.82366
44387,1,4.82355
44388,1,4.82344
44389,1,4.82333
44390,1,4.82323
44391,1,4.82312
44392,1,4.82301
44393,1,4.8229
44394,1,4.82279
44395,1,4.82268
44396,1,4.82257
44397,1,4.82247
44398,1,4.82236
44399,1,4.82225
44400,1,4.82214
44401,1,4.82203
44402,1,4.82192
44403,1,4.82181
44404,1,4.82171
44405,1,4.8216
44406,1,4.82149
44407,1,4.82138
44408,1,4.82127
44409,1,4.82116
44410,1,4.82105
44411,1,4.82095
44412,1,4.82084
44413,1,4.82073
44414,1,4.82062
44415,1,4.82051
44416,1,4.8204
44417,1,4.82029
44418,1,4.82019
44419,1,4.82008
44420,1,4.81997
44421,1,4.81986
44422,1,4.81975
44423,1,4.81964
44424,1,4.81953
44425,1,4.81943
44426,1,4.81932
44427,1,4.81921
44428,1,4.8191
44429,1,4.81899
44430,1,4.81888
44431,1,4.81878
44432,1,4.81867
44433,1,4.81856
44434,1,4.81845
44435,1,4.81834
44436,1,4.81823
44437,1,4.81812
44438,1,4.81802
44439,1,4.81791
44440,1,4.8178
44441,1,4.81769
44442,1,4.81758
44443,1,4.81747
44444,1,4.81737
44445,1,4.81726
44446,1,4.81715
44447,1,4.81704
44448,1,4.81693
44449,1,4.81682
44450,1,4.81672
44451,1,4.81661
44452,1,4.8165
44453,1,4.81639
44454,1,4.81628
44455,1,4.81617
44456,1,4.81607
44457,1,4.81596
44458,1,4.81585
44459,1,4.81574
44460,1,4.81563
44461,1,4.81552
44462,1,4.81542
44463,1,4.81531
44464,1,4.8152
44465,1,4.81509
44466,1,4.81498
44467,1,4.81487
44468,1,4.81477
44469,1,4.81466
44470,1,4.81455
44471,1,4.81444
44472,1,4.81433
44473,1,4.81422
44474,1,4.81412
44475,1,4.81401
44476,1,4.8139
44477,1,4.81379
44478,1,4.81368
44479,1,4.81357
44480,1,4.81347
44481,1,4.81336
44482,1,4.81325
44483,1,4.81314
44484,1,4.81303
44485,1,4.81293
44486,1,4.81282
44487,1,4.81271
44488,1,4.8126
44489,1,4.81249
44490,1,4.81238
44491,1,4.81228
44492,1,4.81217
44493,1,4.81206
44494,1,4.81195
44495,1,4.81184
44496,1,4.81174
44497,1,4.81163
44498,1,4.81152
44499,1,4.81141
44500,1,4.8113
44501,1,4.8112
44502,1,4.81109
44503,1,4.81098
44504,1,4.81087
44505,1,4.81076
44506,1,4.81065
44507,1,4.81055
44508,1,4.81044
44509,1,4.81033
44510,1,4.81022
44511,1,4.81011
44512,1,4.81001
44513,1,4.8099
44514,1,4.80979
44515,1,4.80968
44516,1,4.80957
44517,1,4.80947
44518,1,4.80936
44519,1,4.80925
44520,1,4.80914
44521,1,4.80903
44522,1,4.80893
44523,1,4.80882
44524,1,4.80871
44525,1,4.8086
44526,1,4.80849
44527,1,4.80839
44528,1,4.80828
44529,1,4.80817
44530,1,4.80806
44531,1,4.80795
44532,1,4.80785
44533,1,4.80774
44534,1,4.80763
44535,1,4.80752
44536,1,4.80741
44537,1,4.80731
44538,1,4.8072
44539,1,4.80709
44540,1,4.80698
44541,1,4.80687
44542,1,4.80677
44543,1,4.80666
44544,1,4.80655
44545,1,4.80644
44546,1,4.80634
44547,1,4.80623
44548,1,4.80612
44549,1,4.80601
44550,1,4.8059
44551,1,4.8058
44552,1,4.80569
44553,1,4.80558
44554,1,4.80547
44555,1,4.80536
44556,1,4.80526
44557,1,4.80515
44558,1,4.80504
44559,1,4.80493
44560,1,4.80482
44561,1,4.80472
44562,1,4.80461
44563,1,4.8045
44564,1,4.80439
44565,1,4.80429
44566,1,4.80418
44567,1,4.80407
44568,1,4.80396
44569,1,4.80385
44570,1,4.80375
44571,1,4.80364
44572,1,4.80353
44573,1,4.80342
44574,1,4.80332
44575,1,4.80321
44576,1,4.8031
44577,1,4.80299
44578,1,4.80288
44579,1,4.80278
44580,1,4.80267
44581,1,4.80256
44582,1,4.80245
44583,1,4.80235
44584,1,4.80224
44585,1,4.80213
44586,1,4.80202
44587,1,4.80192
44588,1,4.80181
44589,1,4.8017
44590,1,4.80159
44591,1,4.80148
44592,1,4.80138
44593,1,4.80127
44594,1,4.80116
44595,1,4.80105
44596,1,4.80095
44597,1,4.80084
44598,1,4.80073
44599,1,4.80062
44600,1,4.80052
44601,1,4.80041
44602,1,4.8003
44603,1,4.80019
44604,1,4.80009
44605,1,4.79998
44606,1,4.79987
44607,1,4.79976
44608,1,4.79965
44609,1,4.79955
44610,1,4.79944
44611,1,4.79933
44612,1,4.79922
44613,1,4.79912
44614,1,4.79901
44615,1,4.7989
44616,1,4.79879
44617,1,4.79869
44618,1,4.79858
44619,1,4.79847
44620,1,4.79836
44621,1,4.79826
44622,1,4.79815
44623,1,4.79804
44624,1,4.79793
44625,1,4.79783
44626,1,4.79772
44627,1,4.79761
44628,1,4.7975
44629,1,4.7974
44630,1,4.79729
44631,1,4.79718
44632,1,4.79707
44633,1,4.79697
44634,1,4.79686
44635,1,4.79675
44636,1,4.79664
44637,1,4.79654
44638,1,4.79643
44639,1,4.79632
44640,1,4.79621
44641,1,4.79611
44642,1,4.796
44643,1,4.79589
44644,1,4.79578
44645,1,4.79568
44646,1,4.79557
44647,1,4.79546
44648,1,4.79535
44649,1,4.79525
44650,1,4.79514
44651,1,4.79503
44652,1,4.79493
44653,1,4.79482
44654,1,4.79471
44655,1,4.7946
44656,1,4.7945
44657,1,4.79439
44658,1,4.79428
44659,1,4.79417
44660,1,4.79407
44661,1,4.79396
44662,1,4.79385
44663,1,4.79374
44664,1,4.79364
44665,1,4.79353
44666,1,4.79342
44667,1,4.79331
44668,1,4.79321
44669,1,4.7931
44670,1,4.79299
44671,1,4.79289
44672,1,4.79278
44673,1,4.79267
44674,1,4.79256
44675,1,4.79246
44676,1,4.79235
44677,1,4.79224
44678,1,4.79213
44679,1,4.79203
44680,1,4.79192
44681,1,4.79181
44682,1,4.79171
44683,1,4.7916
44684,1,4.79149
44685,1,4.79138
44686,1,4.79128
44687,1,4.79117
44688,1,4.79106
44689,1,4.79096
44690,1,4.79085
44691,1,4.79074
44692,1,4.79063
44693,1,4.79053
44694,1,4.79042
44695,1,4.79031
44696,1,4.7902
44697,1,4.7901
44698,1,4.78999
44699,1,4.78988
44700,1,4.78978
44701,1,4.78967
44702,1,4.78956
44703,1,4.78945
44704,1,4.78935
44705,1,4.78924
44706,1,4.78913
44707,1,4.78903
44708,1,4.78892
44709,1,4.78881
44710,1,4.7887
44711,1,4.7886
44712,1,4.78849
44713,1,4.78838
44714,1,4.78828
44715,1,4.78817
44716,1,4.78806
44717,1,4.78796
44718,1,4.78785
44719,1,4.78774
44720,1,4.78763
44721,1,4.78753
44722,1,4.78742
44723,1,4.78731
44724,1,4.78721
44725,1,4.7871
44726,1,4.78699
44727,1,4.78688
44728,1,4.78678
44729,1,4.78667
44730,1,4.78656
44731,1,4.78646
44732,1,4.78635
44733,1,4.78624
44734,1,4.78614
44735,1,4.78603
44736,1,4.78592
44737,1,4.78581
44738,1,4.78571
44739,1,4.7856
44740,1,4.78549
44741,1,4.78539
44742,1,4.78528
44743,1,4.78517
44744,1,4.78507
44745,1,4.78496
44746,1,4.78485
44747,1,4.78475
44748,1,4.78464
44749,1,4.78453
44750,1,4.78442
44751,1,4.78432
44752,1,4.78421
44753,1,4.7841
44754,1,4.784
44755,1,4.78389
44756,1,4.78378
44757,1,4.78368
44758,1,4.78357
44759,1,4.78346
44760,1,4.78336
44761,1,4.78325
44762,1,4.78314
44763,1,4.78304
44764,1,4.78293
44765,1,4.78282
44766,1,4.78271
44767,1,4.78261
44768,1,4.7825
44769,1,4.78239
44770,1,4.78229
44771,1,4.78218
44772,1,4.78207
44773,1,4.78197
44774,1,4.78186
44775,1,4.78175
44776,1,4.78165
44777,1,4.78154
44778,1,4.78143
44779,1,4.78133
44780,1,4.78122
44781,1,4.78111
44782,1,4.78101
44783,1,4.7809
44784,1,4.78079
44785,1,4.78069
44786,1,4.78058
44787,1,4.78047
44788,1,4.78037
44789,1,4.78026
44790,1,4.78015
44791,1,4.78005
44792,1,4.77994
44793,1,4.77983
44794,1,4.77972
44795,1,4.77962
44796,1,4.77951
44797,1,4.7794
44798,1,4.7793
44799,1,4.77919
44800,1,4.77908
44801,1,4.77898
44802,1,4.77887
44803,1,4.77876
44804,1,4.77866
44805,1,4.77855
44806,1,4.77844
44807,1,4.77834
44808,1,4.77823
44809,1,4.77812
44810,1,4.77802
44811,1,4.77791
44812,1,4.77781
44813,1,4.7777
44814,1,4.77759
44815,1,4.77749
44816,1,4.77738
44817,1,4.77727
44818,1,4.77717
44819,1,4.77706
44820,1,4.77695
44821,1,4.77685
44822,1,4.77674
44823,1,4.77663
44824,1,4.77653
44825,1,4.77642
44826,1,4.77631
44827,1,4.77621
44828,1,4.7761
44829,1,4.77599
44830,1,4.77589
44831,1,4.77578
44832,1,4.77567
44833,1,4.77557
44834,1,4.77546
44835,1,4.77535
44836,1,4.77525
44837,1,4.77514
44838,1,4.77503
44839,1,4.77493
44840,1,4.77482
44841,1,4.77472
44842,1,4.77461
44843,1,4.7745
44844,1,4.7744
44845,1,4.77429
44846,1,4.77418
44847,1,4.77408
44848,1,4.77397
44849,1,4.77386
44850,1,4.77376
44851,1,4.77365
44852,1,4.77354
44853,1,4.77344
44854,1,4.77333
44855,1,4.77322
44856,1,4.77312
44857,1,4.77301
44858,1,4.77291
44859,1,4.7728
44860,1,4.77269
44861,1,4.77259
44862,1,4.77248
44863,1,4.77237
44864,1,4.77227
44865,1,4.77216
44866,1,4.77205
44867,1,4.77195
44868,1,4.77184
44869,1,4.77174
44870,1,4.77163
44871,1,4.77152
44872,1,4.77142
44873,1,4.77131
44874,1,4.7712
44875,1,4.7711
44876,1,4.77099
44877,1,4.77088
44878,1,4.77078
44879,1,4.77067
44880,1,4.77057
44881,1,4.77046
44882,1,4.77035
44883,1,4.77025
44884,1,4.77014
44885,1,4.77003
44886,1,4.76993
44887,1,4.76982
44888,1,4.76972
44889,1,4.76961
44890,1,4.7695
44891,1,4.7694
44892,1,4.76929
44893,1,4.76918
44894,1,4.76908
44895,1,4.76897
44896,1,4.76887
44897,1,4.76876
44898,1,4.76865
44899,1,4.76855
44900,1,4.76844
44901,1,4.76833
44902,1,4.76823
44903,1,4.76812
44904,1,4.76802
44905,1,4.76791
44906,1,4.7678
44907,1,4.7677
44908,1,4.76759
44909,1,4.76749
44910,1,4.76738
44911,1,4.76727
44912,1,4.76717
44913,1,4.76706
44914,1,4.76695
44915,1,4.76685
44916,1,4.76674
44917,1,4.76664
44918,1,4.76653
44919,1,4.76642
44920,1,4.76632
44921,1,4.76621
44922,1,4.76611
44923,1,4.766
44924,1,4.76589
44925,1,4.76579
44926,1,4.76568
44927,1,4.76558
44928,1,4.76547
44929,1,4.76536
44930,1,4.76526
44931,1,4.76515
44932,1,4.76504
44933,1,4.76494
44934,1,4.76483
44935,1,4.76473
44936,1,4.76462
44937,1,4.76451
44938,1,4.76441
44939,1,4.7643
44940,1,4.7642
44941,1,4.76409
44942,1,4.76398
44943,1,4.76388
44944,1,4.76377
44945,1,4.76367
44946,1,4.76356
44947,1,4.76345
44948,1,4.76335
44949,1,4.76324
44950,1,4.76314
44951,1,4.76303
44952,1,4.76292
44953,1,4.76282
44954,1,4.76271
44955,1,4.76261
44956,1,4.7625
44957,1,4.7624
44958,1,4.76229
44959,1,4.76218
44960,1,4.76208
44961,1,4.76197
44962,1,4.76187
44963,1,4.76176
44964,1,4.76165
44965,1,4.76155
44966,1,4.76144
44967,1,4.76134
44968,1,4.76123
44969,1,4.76112
44970,1,4.76102
44971,1,4.76091
44972,1,4.76081
44973,1,4.7607
44974,1,4.7606
44975,1,4.76049
44976,1,4.76038
44977,1,4.76028
44978,1,4.76017
44979,1,4.76007
44980,1,4.75996
44981,1,4.75985
44982,1,4.75975
44983,1,4.75964
44984,1,4.75954
44985,1,4.75943
44986,1,4.75933
44987,1,4.75922
44988,1,4.75911
44989,1,4.75901
44990,1,4.7589
44991,1,4.7588
44992,1,4.75869
44993,1,4.75858
44994,1,4.75848
44995,1,4.75837
44996,1,4.75827
44997,1,4.75816
44998,1,4.75806
44999,1,4.75795
45000,1,4.75784
45001,1,4.75774
45002,1,4.75763
45003,1,4.75753
45004,1,4.75742
45005,1,4.75732
45006,1,4.75721
45007,1,4.7571
45008,1,4.757
45009,1,4.75689
45010,1,4.75679
45011,1,4.75668
45012,1,4.75658
45013,1,4.75647
45014,1,4.75636
45015,1,4.75626
45016,1,4.75615
45017,1,4.75605
45018,1,4.75594
45019,1,4.75584
45020,1,4.75573
45021,1,4.75563
45022,1,4.75552
45023,1,4.75541
45024,1,4.75531
45025,1,4.7552
45026,1,4.7551
45027,1,4.75499
45028,1,4.75489
45029,1,4.75478
45030,1,4.75467
45031,1,4.75457
45032,1,4.75446
45033,1,4.75436
45034,1,4.75425
45035,1,4.75415
45036,1,4.75404
45037,1,4.75394
45038,1,4.75383
45039,1,4.75372
45040,1,4.75362
45041,1,4.75351
45042,1,4.75341
45043,1,4.7533
45044,1,4.7532
45045,1,4.75309
45046,1,4.75299
45047,1,4.75288
45048,1,4.75277
45049,1,4.75267
45050,1,4.75256
45051,1,4.75246
45052,1,4.75235
45053,1,4.75225
45054,1,4.75214
45055,1,4.75204
45056,1,4.75193
45057,1,4.75183
45058,1,4.75172
45059,1,4.75161
45060,1,4.75151
45061,1,4.7514
45062,1,4.7513
45063,1,4.75119
45064,1,4.75109
45065,1,4.75098
45066,1,4.75088
45067,1,4.75077
45068,1,4.75067
45069,1,4.75056
45070,1,4.75045
45071,1,4.75035
45072,1,4.75024
45073,1,4.75014
45074,1,4.75003
45075,1,4.74993
45076,1,4.74982
45077,1,4.74972
45078,1,4.74961
45079,1,4.74951
45080,1,4.7494
45081,1,4.7493
45082,1,4.74919
45083,1,4.74909
45084,1,4.74898
45085,1,4.74887
45086,1,4.74877
45087,1,4.74866
45088,1,4.74856
45089,1,4.74845
45090,1,4.74835
45091,1,4.74824
45092,1,4.74814
45093,1,4.74803
45094,1,4.74793
45095,1,4.74782
45096,1,4.74772
45097,1,4.74761
45098,1,4.74751
45099,1,4.7474
45100,1,4.74729
45101,1,4.74719
45102,1,4.74708
45103,1,4.74698
45104,1,4.74687
45105,1,4.74677
45106,1,4.74666
45107,1,4.74656
45108,1,4.74645
45109,1,4.74635
45110,1,4.74624
45111,1,4.74614
45112,1,4.74603
45113,1,4.74593
45114,1,4.74582
45115,1,4.74572
45116,1,4.74561
45117,1,4.74551
45118,1,4.7454
45119,1,4.7453
45120,1,4.74519
45121,1,4.74509
45122,1,4.74498
45123,1,4.74488
45124,1,4.74477
45125,1,4.74466
45126,1,4.74456
45127,1,4.74445
45128,1,4.74435
45129,1,4.74424
45130,1,4.74414
45131,1,4.74403
45132,1,4.74393
45133,1,4.74382
45134,1,4.74372
45135,1,4.74361
45136,1,4.74351
45137,1,4.7434
45138,1,4.7433
45139,1,4.74319
45140,1,4.74309
45141,1,4.74298
45142,1,4.74288
45143,1,4.74277
45144,1,4.74267
45145,1,4.74256
45146,1,4.74246
45147,1,4.74235
45148,1,4.74225
45149,1,4.74214
45150,1,4.74204
45151,1,4.74193
45152,1,4.74183
45153,1,4.74172
45154,1,4.74162
45155,1,4.74151
45156,1,4.74141
45157,1,4.7413
45158,1,4.7412
45159,1,4.74109
45160,1,4.74099
45161,1,4.74088
45162,1,4.74078
45163,1,4.74067
45164,1,4.74057
45165,1,4.74046
45166,1,4.74036
45167,1,4.74025
45168,1,4.74015
45169,1,4.74004
45170,1,4.73994
45171,1,4.73983
45172,1,4.73973
45173,1,4.73962
45174,1,4.73952
45175,1,4.73941
45176,1,4.73931
45177,1,4.7392
45178,1,4.7391
45179,1,4.73899
45180,1,4.73889
45181,1,4.73878
45182,1,4.73868
45183,1,4.73857
45184,1,4.73847
45185,1,4.73836
45186,1,4.73826
45187,1,4.73815
45188,1,4.73805
45189,1,4.73795
45190,1,4.73784
45191,1,4.73774
45192,1,4.73763
45193,1,4.73753
45194,1,4.73742
45195,1,4.73732
45196,1,4.73721
45197,1,4.73711
45198,1,4.737
45199,1,4.7369
45200,1,4.73679
45201,1,4.73669
45202,1,4.73658
45203,1,4.73648
45204,1,4.73637
45205,1,4.73627
45206,1,4.73616
45207,1,4.73606
45208,1,4.73595
45209,1,4.73585
45210,1,4.73574
45211,1,4.73564
45212,1,4.73553
45213,1,4.73543
45214,1,4.73533
45215,1,4.73522
45216,1,4.73512
45217,1,4.73501
45218,1,4.73491
45219,1,4.7348
45220,1,4.7347
45221,1,4.73459
45222,1,4.73449
45223,1,4.73438
45224,1,4.73428
45225,1,4.73417
45226,1,4.73407
45227,1,4.73396
45228,1,4.73386
45229,1,4.73375
45230,1,4.73365
45231,1,4.73355
45232,1,4.73344
45233,1,4.73334
45234,1,4.73323
45235,1,4.73313
45236,1,4.73302
45237,1,4.73292
45238,1,4.73281
45239,1,4.73271
45240,1,4.7326
45241,1,4.7325
45242,1,4.73239
45243,1,4.73229
45244,1,4.73219
45245,1,4.73208
45246,1,4.73198
45247,1,4.73187
45248,1,4.73177
45249,1,4.73166
45250,1,4.73156
45251,1,4.73145
45252,1,4.73135
45253,1,4.73124
45254,1,4.73114
45255,1,4.73104
45256,1,4.73093
45257,1,4.73083
45258,1,4.73072
45259,1,4.73062
45260,1,4.73051
45261,1,4.73041
45262,1,4.7303
45263,1,4.7302
45264,1,4.73009
45265,1,4.72999
45266,1,4.72989
45267,1,4.72978
45268,1,4.72968
45269,1,4.72957
45270,1,4.72947
45271,1,4.72936
45272,1,4.72926
45273,1,4.72915
45274,1,4.72905
45275,1,4.72895
45276,1,4.72884
45277,1,4.72874
45278,1,4.72863
45279,1,4.72853
45280,1,4.72842
45281,1,4.72832
45282,1,4.72821
45283,1,4.72811
45284,1,4.72801
45285,1,4.7279
45286,1,4.7278
45287,1,4.72769
45288,1,4.72759
45289,1,4.72748
45290,1,4.72738
45291,1,4.72727
45292,1,4.72717
45293,1,4.72707
45294,1,4.72696
45295,1,4.72686
45296,1,4.72675
45297,1,4.72665
45298,1,4.72654
45299,1,4.72644
45300,1,4.72634
45301,1,4.72623
45302,1,4.72613
45303,1,4.72602
45304,1,4.72592
45305,1,4.72581
45306,1,4.72571
45307,1,4.72561
45308,1,4.7255
45309,1,4.7254
45310,1,4.72529
45311,1,4.72519
45312,1,4.72508
45313,1,4.72498
45314,1,4.72488
45315,1,4.72477
45316,1,4.72467
45317,1,4.72456
45318,1,4.72446
45319,1,4.72435
45320,1,4.72425
45321,1,4.72415
45322,1,4.72404
45323,1,4.72394
45324,1,4.72383
45325,1,4.72373
45326,1,4.72362
45327,1,4.72352
45328,1,4.72342
45329,1,4.72331
45330,1,4.72321
45331,1,4.7231
45332,1,4.723
45333,1,4.7229
45334,1,4.72279
45335,1,4.72269
45336,1,4.72258
45337,1,4.72248
45338,1,4.72237
45339,1,4.72227
45340,1,4.72217
45341,1,4.72206
45342,1,4.72196
45343,1,4.72185
45344,1,4.72175
45345,1,4.72165
45346,1,4.72154
45347,1,4.72144
45348,1,4.72133
45349,1,4.72123
45350,1,4.72112
45351,1,4.72102
45352,1,4.72092
45353,1,4.72081
45354,1,4.72071
45355,1,4.7206
45356,1,4.7205
45357,1,4.7204
45358,1,4.72029
45359,1,4.72019
45360,1,4.72008
45361,1,4.71998
45362,1,4.71988
45363,1,4.71977
45364,1,4.71967
45365,1,4.71956
45366,1,4.71946
45367,1,4.71936
45368,1,4.71925
45369,1,4.71915
45370,1,4.71904
45371,1,4.71894
45372,1,4.71884
45373,1,4.71873
45374,1,4.71863
45375,1,4.71852
45376,1,4.71842
45377,1,4.71832
45378,1,4.71821
45379,1,4.71811
45380,1,4.718
45381,1,4.7179
45382,1,4.7178
45383,1,4.71769
45384,1,4.71759
45385,1,4.71748
45386,1,4.71738
45387,1,4.71728
45388,1,4.71717
45389,1,4.71707
45390,1,4.71696
45391,1,4.71686
45392,1,4.71676
45393,1,4.71665
45394,1,4.71655
45395,1,4.71644
45396,1,4.71634
45397,1,4.71624
45398,1,4.71613
45399,1,4.71603
45400,1,4.71593
45401,1,4.71582
45402,1,4.71572
45403,1,4.71561
45404,1,4.71551
45405,1,4.71541
45406,1,4.7153
45407,1,4.7152
45408,1,4.71509
45409,1,4.71499
45410,1,4.71489
45411,1,4.71478
45412,1,4.71468
45413,1,4.71458
45414,1,4.71447
45415,1,4.71437
45416,1,4.71426
45417,1,4.71416
45418,1,4.71406
45419,1,4.71395
45420,1,4.71385
45421,1,4.71374
45422,1,4.71364
45423,1,4.71354
45424,1,4.71343
45425,1,4.71333
45426,1,4.71323
45427,1,4.71312
45428,1,4.71302
45429,1,4.71291
45430,1,4.71281
45431,1,4.71271
45432,1,4.7126
45433,1,4.7125
45434,1,4.7124
45435,1,4.71229
45436,1,4.71219
45437,1,4.71208
45438,1,4.71198
45439,1,4.71188
45440,1,4.71177
45441,1,4.71167
45442,1,4.71157
45443,1,4.71146
45444,1,4.71136
45445,1,4.71126
45446,1,4.71115
45447,1,4.71105
45448,1,4.71094
45449,1,4.71084
45450,1,4.71074
45451,1,4.71063
45452,1,4.71053
45453,1,4.71043
45454,1,4.71032
45455,1,4.71022
45456,1,4.71012
45457,1,4.71001
45458,1,4.70991
45459,1,4.7098
45460,1,4.7097
45461,1,4.7096
45462,1,4.70949
45463,1,4.70939
45464,1,4.70929
45465,1,4.70918
45466,1,4.70908
45467,1,4.70898
45468,1,4.70887
45469,1,4.70877
45470,1,4.70867
45471,1,4.70856
45472,1,4.70846
45473,1,4.70835
45474,1,4.70825
45475,1,4.70815
45476,1,4.70804
45477,1,4.70794
45478,1,4.70784
45479,1,4.70773
45480,1,4.70763
45481,1,4.70753
45482,1,4.70742
45483,1,4.70732
45484,1,4.70722
45485,1,4.70711
45486,1,4.70701
45487,1,4.70691
45488,1,4.7068
45489,1,4.7067
45490,1,4.70659
45491,1,4.70649
45492,1,4.70639
45493,1,4.70628
45494,1,4.70618
45495,1,4.70608
45496,1,4.70597
45497,1,4.70587
45498,1,4.70577
45499,1,4.70566
45500,1,4.70556
45501,1,4.70546
45502,1,4.70535
45503,1,4.70525
45504,1,4.70515
45505,1,4.70504
45506,1,4.70494
45507,1,4.70484
45508,1,4.70473
45509,1,4.70463
45510,1,4.70453
45511,1,4.70442
45512,1,4.70432
45513,1,4.70422
45514,1,4.70411
45515,1,4.70401
45516,1,4.70391
45517,1,4.7038
45518,1,4.7037
45519,1,4.7036
45520,1,4.70349
45521,1,4.70339
45522,1,4.70329
45523,1,4.70318
45524,1,4.70308
45525,1,4.70298
45526,1,4.70287
45527,1,4.70277
45528,1,4.70267
45529,1,4.70256
45530,1,4.70246
45531,1,4.70236
45532,1,4.70225
45533,1,4.70215
45534,1,4.70205
45535,1,4.70194
45536,1,4.70184
45537,1,4.70174
45538,1,4.70163
45539,1,4.70153
45540,1,4.70143
45541,1,4.70132
45542,1,4.70122
45543,1,4.70112
45544,1,4.70101
45545,1,4.70091
45546,1,4.70081
45547,1,4.7007
45548,1,4.7006
45549,1,4.7005
45550,1,4.7004
45551,1,4.70029
45552,1,4.70019
45553,1,4.70009
45554,1,4.69998
45555,1,4.69988
45556,1,4.69978
45557,1,4.69967
45558,1,4.69957
45559,1,4.69947
45560,1,4.69936
45561,1,4.69926
45562,1,4.69916
45563,1,4.69905
45564,1,4.69895
45565,1,4.69885
45566,1,4.69874
45567,1,4.69864
45568,1,4.69854
45569,1,4.69844
45570,1,4.69833
45571,1,4.69823
45572,1,4.69813
45573,1,4.69802
45574,1,4.69792
45575,1,4.69782
45576,1,4.69771
45577,1,4.69761
45578,1,4.69751
45579,1,4.6974
45580,1,4.6973
45581,1,4.6972
45582,1,4.6971
45583,1,4.69699
45584,1,4.69689
45585,1,4.69679
45586,1,4.69668
45587,1,4.69658
45588,1,4.69648
45589,1,4.69637
45590,1,4.69627
45591,1,4.69617
45592,1,4.69607
45593,1,4.69596
45594,1,4.69586
45595,1,4.69576
45596,1,4.69565
45597,1,4.69555
45598,1,4.69545
45599,1,4.69534
45600,1,4.69524
45601,1,4.69514
45602,1,4.69504
45603,1,4.69493
45604,1,4.69483
45605,1,4.69473
45606,1,4.69462
45607,1,4.69452
45608,1,4.69442
45609,1,4.69431
45610,1,4.69421
45611,1,4.69411
45612,1,4.69401
45613,1,4.6939
45614,1,4.6938
45615,1,4.6937
45616,1,4.69359
45617,1,4.69349
45618,1,4.69339
45619,1,4.69329
45620,1,4.69318
45621,1,4.69308
45622,1,4.69298
45623,1,4.69287
45624,1,4.69277
45625,1,4.69267
45626,1,4.69257
45627,1,4.69246
45628,1,4.69236
45629,1,4.69226
45630,1,4.69215
45631,1,4.69205
45632,1,4.69195
45633,1,4.69185
45634,1,4.69174
45635,1,4.69164
45636,1,4.69154
45637,1,4.69143
45638,1,4.69133
45639,1,4.69123
45640,1,4.69113
45641,1,4.69102
45642,1,4.69092
45643,1,4.69082
45644,1,4.69072
45645,1,4.69061
45646,1,4.69051
45647,1,4.69041
45648,1,4.6903
45649,1,4.6902
45650,1,4.6901
45651,1,4.69
45652,1,4.68989
45653,1,4.68979
45654,1,4.68969
45655,1,4.68958
45656,1,4.68948
45657,1,4.68938
45658,1,4.68928
45659,1,4.68917
45660,1,4.68907
45661,1,4.68897
45662,1,4.68887
45663,1,4.68876
45664,1,4.68866
45665,1,4.68856
45666,1,4.68846
45667,1,4.68835
45668,1,4.68825
45669,1,4.68815
45670,1,4.68804
45671,1,4.68794
45672,1,4.68784
45673,1,4.68774
45674,1,4.68763
45675,1,4.68753
45676,1,4.68743
45677,1,4.68733
45678,1,4.68722
45679,1,4.68712
45680,1,4.68702
45681,1,4.68692
45682,1,4.68681
45683,1,4.68671
45684,1,4.68661
45685,1,4.68651
45686,1,4.6864
45687,1,4.6863
45688,1,4.6862
45689,1,4.6861
45690,1,4.68599
45691,1,4.68589
45692,1,4.68579
45693,1,4.68568
45694,1,4.68558
45695,1,4.68548
45696,1,4.68538
45697,1,4.68527
45698,1,4.68517
45699,1,4.68507
45700,1,4.68497
45701,1,4.68486
45702,1,4.68476
45703,1,4.68466
45704,1,4.68456
45705,1,4.68445
45706,1,4.68435
45707,1,4.68425
45708,1,4.68415
45709,1,4.68404
45710,1,4.68394
45711,1,4.68384
45712,1,4.68374
45713,1,4.68363
45714,1,4.68353
45715,1,4.68343
45716,1,4.68333
45717,1,4.68323
45718,1,4.68312
45719,1,4.68302
45720,1,4.68292
45721,1,4.68282
45722,1,4.68271
45723,1,4.68261
45724,1,4.68251
45725,1,4.68241
45726,1,4.6823
45727,1,4.6822
45728,1,4.6821
45729,1,4.682
45730,1,4.68189
45731,1,4.68179
45732,1,4.68169
45733,1,4.68159
45734,1,4.68148
45735,1,4.68138
45736,1,4.68128
45737,1,4.68118
45738,1,4.68107
45739,1,4.68097
45740,1,4.68087
45741,1,4.68077
45742,1,4.68067
45743,1,4.68056
45744,1,4.68046
45745,1,4.68036
45746,1,4.68026
45747,1,4.68015
45748,1,4.68005
45749,1,4.67995
45750,1,4.67985
45751,1,4.67974
45752,1,4.67964
45753,1,4.67954
45754,1,4.67944
45755,1,4.67934
45756,1,4.67923
45757,1,4.67913
45758,1,4.67903
45759,1,4.67893
45760,1,4.67882
45761,1,4.67872
45762,1,4.67862
45763,1,4.67852
45764,1,4.67842
45765,1,4.67831
45766,1,4.67821
45767,1,4.67811
45768,1,4.67801
45769,1,4.6779
45770,1,4.6778
45771,1,4.6777
45772,1,4.6776
45773,1,4.6775
45774,1,4.67739
45775,1,4.67729
45776,1,4.67719
45777,1,4.67709
45778,1,4.67698
45779,1,4.67688
45780,1,4.67678
45781,1,4.67668
45782,1,4.67658
45783,1,4.67647
45784,1,4.67637
45785,1,4.67627
45786,1,4.67617
45787,1,4.67607
45788,1,4.67596
45789,1,4.67586
45790,1,4.67576
45791,1,4.67566
45792,1,4.67555
45793,1,4.67545
45794,1,4.67535
45795,1,4.67525
45796,1,4.67515
45797,1,4.67504
45798,1,4.67494
45799,1,4.67484
45800,1,4.67474
45801,1,4.67464
45802,1,4.67453
45803,1,4.67443
45804,1,4.67433
45805,1,4.67423
45806,1,4.67413
45807,1,4.67402
45808,1,4.67392
45809,1,4.67382
45810,1,4.67372
45811,1,4.67362
45812,1,4.67351
45813,1,4.67341
45814,1,4.67331
45815,1,4.67321
45816,1,4.67311
45817,1,4.673
45818,1,4.6729
45819,1,4.6728
45820,1,4.6727
45821,1,4.6726
45822,1,4.67249
45823,1,4.67239
45824,1,4.67229
45825,1,4.67219
45826,1,4.67209
45827,1,4.67198
45828,1,4.67188
45829,1,4.67178
45830,1,4.67168
45831,1,4.67158
45832,1,4.67147
45833,1,4.67137
45834,1,4.67127
45835,1,4.67117
45836,1,4.67107
45837,1,4.67096
45838,1,4.67086
45839,1,4.67076
45840,1,4.67066
45841,1,4.67056
45842,1,4.67046
45843,1,4.67035
45844,1,4.67025
45845,1,4.67015
45846,1,4.67005
45847,1,4.66995
45848,1,4.66984
45849,1,4.66974
45850,1,4.66964
45851,1,4.66954
45852,1,4.66944
45853,1,4.66933
45854,1,4.66923
45855,1,4.66913
45856,1,4.66903
45857,1,4.66893
45858,1,4.66883
45859,1,4.66872
45860,1,4.66862
45861,1,4.66852
45862,1,4.66842
45863,1,4.66832
45864,1,4.66821
45865,1,4.66811
45866,1,4.66801
45867,1,4.66791
45868,1,4.66781
45869,1,4.66771
45870,1,4.6676
45871,1,4.6675
45872,1,4.6674
45873,1,4.6673
45874,1,4.6672
45875,1,4.6671
45876,1,4.66699
45877,1,4.66689
45878,1,4.66679
45879,1,4.66669
45880,1,4.66659
45881,1,4.66649
45882,1,4.66638
45883,1,4.66628
45884,1,4.66618
45885,1,4.66608
45886,1,4.66598
45887,1,4.66587
45888,1,4.66577
45889,1,4.66567
45890,1,4.66557
45891,1,4.66547
45892,1,4.66537
45893,1,4.66526
45894,1,4.66516
45895,1,4.66506
45896,1,4.66496
45897,1,4.66486
45898,1,4.66476
45899,1,4.66466
45900,1,4.66455
45901,1,4.66445
45902,1,4.66435
45903,1,4.66425
45904,1,4.66415
45905,1,4.66405
45906,1,4.66394
45907,1,4.66384
45908,1,4.66374
45909,1,4.66364
45910,1,4.66354
45911,1,4.66344
45912,1,4.66333
45913,1,4.66323
45914,1,4.66313
45915,1,4.66303
45916,1,4.66293
45917,1,4.66283
45918,1,4.66272
45919,1,4.66262
45920,1,4.66252
45921,1,4.66242
45922,1,4.66232
45923,1,4.66222
45924,1,4.66212
45925,1,4.66201
45926,1,4.66191
45927,1,4.66181
45928,1,4.66171
45929,1,4.66161
45930,1,4.66151
45931,1,4.66141
45932,1,4.6613
45933,1,4.6612
45934,1,4.6611
45935,1,4.661
45936,1,4.6609
45937,1,4.6608
45938,1,4.66069
45939,1,4.66059
45940,1,4.66049
45941,1,4.66039
45942,1,4.66029
45943,1,4.66019
45944,1,4.66009
45945,1,4.65998
45946,1,4.65988
45947,1,4.65978
45948,1,4.65968
45949,1,4.65958
45950,1,4.65948
45951,1,4.65938
45952,1,4.65927
45953,1,4.65917
45954,1,4.65907
45955,1,4.65897
45956,1,4.65887
45957,1,4.65877
45958,1,4.65867
45959,1,4.65857
45960,1,4.65846
45961,1,4.65836
45962,1,4.65826
45963,1,4.65816
45964,1,4.65806
45965,1,4.65796
45966,1,4.65786
45967,1,4.65775
45968,1,4.65765
45969,1,4.65755
45970,1,4.65745
45971,1,4.65735
45972,1,4.65725
45973,1,4.65715
45974,1,4.65705
45975,1,4.65694
45976,1,4.65684
45977,1,4.65674
45978,1,4.65664
45979,1,4.65654
45980,1,4.65644
45981,1,4.65634
45982,1,4.65624
45983,1,4.65613
45984,1,4.65603
45985,1,4.65593
45986,1,4.65583
45987,1,4.65573
45988,1,4.65563
45989,1,4.65553
45990,1,4.65543
45991,1,4.65532
45992,1,4.65522
45993,1,4.65512
45994,1,4.65502
45995,1,4.65492
45996,1,4.65482
45997,1,4.65472
45998,1,4.65462
45999,1,4.65451
46000,1,4.65441
46001,1,4.65431
46002,1,4.65421
46003,1,4.65411
46004,1,4.65401
46005,1,4.65391
46006,1,4.65381
46007,1,4.6537
46008,1,4.6536
46009,1,4.6535
46010,1,4.6534
46011,1,4.6533
46012,1,4.6532
46013,1,4.6531
46014,1,4.653
46015,1,4.6529
46016,1,4.65279
46017,1,4.65269
46018,1,4.65259
46019,1,4.65249
46020,1,4.65239
46021,1,4.65229
46022,1,4.65219
46023,1,4.65209
46024,1,4.65199
46025,1,4.65188
46026,1,4.65178
46027,1,4.65168
46028,1,4.65158
46029,1,4.65148
46030,1,4.65138
46031,1,4.65128
46032,1,4.65118
46033,1,4.65108
46034,1,4.65098
46035,1,4.65087
46036,1,4.65077
46037,1,4.65067
46038,1,4.65057
46039,1,4.65047
46040,1,4.65037
46041,1,4.65027
46042,1,4.65017
46043,1,4.65007
46044,1,4.64997
46045,1,4.64986
46046,1,4.64976
46047,1,4.64966
46048,1,4.64956
46049,1,4.64946
46050,1,4.64936
46051,1,4.64926
46052,1,4.64916
46053,1,4.64906
46054,1,4.64896
46055,1,4.64885
46056,1,4.64875
46057,1,4.64865
46058,1,4.64855
46059,1,4.64845
46060,1,4.64835
46061,1,4.64825
46062,1,4.64815
46063,1,4.64805
46064,1,4.64795
46065,1,4.64785
46066,1,4.64774
46067,1,4.64764
46068,1,4.64754
46069,1,4.64744
46070,1,4.64734
46071,1,4.64724
46072,1,4.64714
46073,1,4.64704
46074,1,4.64694
46075,1,4.64684
46076,1,4.64674
46077,1,4.64663
46078,1,4.64653
46079,1,4.64643
46080,1,4.64633
46081,1,4.64623
46082,1,4.64613
46083,1,4.64603
46084,1,4.64593
46085,1,4.64583
46086,1,4.64573
46087,1,4.64563
46088,1,4.64553
46089,1,4.64543
46090,1,4.64532
46091,1,4.64522
46092,1,4.64512
46093,1,4.64502
46094,1,4.64492
46095,1,4.64482
46096,1,4.64472
46097,1,4.64462
46098,1,4.64452
46099,1,4.64442
46100,1,4.64432
46101,1,4.64422
46102,1,4.64412
46103,1,4.64401
46104,1,4.64391
46105,1,4.64381
46106,1,4.64371
46107,1,4.64361
46108,1,4.64351
46109,1,4.64341
46110,1,4.64331
46111,1,4.64321
46112,1,4.64311
46113,1,4.64301
46114,1,4.64291
46115,1,4.64281
46116,1,4.64271
46117,1,4.6426
46118,1,4.6425
46119,1,4.6424
46120,1,4.6423
46121,1,4.6422
46122,1,4.6421
46123,1,4.642
46124,1,4.6419
46125,1,4.6418
46126,1,4.6417
46127,1,4.6416
46128,1,4.6415
46129,1,4.6414
46130,1,4.6413
46131,1,4.6412
46132,1,4.6411
46133,1,4.64099
46134,1,4.64089
46135,1,4.64079
46136,1,4.64069
46137,1,4.64059
46138,1,4.64049
46139,1,4.64039
46140,1,4.64029
46141,1,4.64019
46142,1,4.64009
46143,1,4.63999
46144,1,4.63989
46145,1,4.63979
46146,1,4.63969
46147,1,4.63959
46148,1,4.63949
46149,1,4.63939
46150,1,4.63928
46151,1,4.63918
46152,1,4.63908
46153,1,4.63898
46154,1,4.63888
46155,1,4.63878
46156,1,4.63868
46157,1,4.63858
46158,1,4.63848
46159,1,4.63838
46160,1,4.63828
46161,1,4.63818
46162,1,4.63808
46163,1,4.63798
46164,1,4.63788
46165,1,4.63778
46166,1,4.63768
46167,1,4.63758
46168,1,4.63748
46169,1,4.63738
46170,1,4.63728
46171,1,4.63717
46172,1,4.63707
46173,1,4.63697
46174,1,4.63687
46175,1,4.63677
46176,1,4.63667
46177,1,4.63657
46178,1,4.63647
46179,1,4.63637
46180,1,4.63627
46181,1,4.63617
46182,1,4.63607
46183,1,4.63597
46184,1,4.63587
46185,1,4.63577
46186,1,4.63567
46187,1,4.63557
46188,1,4.63547
46189,1,4.63537
46190,1,4.63527
46191,1,4.63517
46192,1,4.63507
46193,1,4.63497
46194,1,4.63487
46195,1,4.63477
46196,1,4.63467
46197,1,4.63457
46198,1,4.63446
46199,1,4.63436
46200,1,4.63426
46201,1,4.63416
46202,1,4.63406
46203,1,4.63396
46204,1,4.63386
46205,1,4.63376
46206,1,4.63366
46207,1,4.63356
46208,1,4.63346
46209,1,4.63336
46210,1,4.63326
46211,1,4.63316
46212,1,4.63306
46213,1,4.63296
46214,1,4.63286
46215,1,4.63276
46216,1,4.63266
46217,1,4.63256
46218,1,4.63246
46219,1,4.63236
46220,1,4.63226
46221,1,4.63216
46222,1,4.63206
46223,1,4.63196
46224,1,4.63186
46225,1,4.63176
46226,1,4.63166
46227,1,4.63156
46228,1,4.63146
46229,1,4.63136
46230,1,4.63126
46231,1,4.63116
46232,1,4.63106
46233,1,4.63096
46234,1,4.63086
46235,1,4.63076
46236,1,4.63066
46237,1,4.63056
46238,1,4.63046
46239,1,4.63036
46240,1,4.63026
46241,1,4.63016
46242,1,4.63005
46243,1,4.62995
46244,1,4.62985
46245,1,4.62975
46246,1,4.62965
46247,1,4.62955
46248,1,4.62945
46249,1,4.62935
46250,1,4.62925
46251,1,4.62915
46252,1,4.62905
46253,1,4.62895
46254,1,4.62885
46255,1,4.62875
46256,1,4.62865
46257,1,4.62855
46258,1,4.62845
46259,1,4.62835
46260,1,4.62825
46261,1,4.62815
46262,1,4.62805
46263,1,4.62795
46264,1,4.62785
46265,1,4.62775
46266,1,4.62765
46267,1,4.62755
46268,1,4.62745
46269,1,4.62735
46270,1,4.62725
46271,1,4.62715
46272,1,4.62705
46273,1,4.62695
46274,1,4.62685
46275,1,4.62675
46276,1,4.62665
46277,1,4.62655
46278,1,4.62645
46279,1,4.62635
46280,1,4.62625
46281,1,4.62615
46282,1,4.62605
46283,1,4.62595
46284,1,4.62585
46285,1,4.62575
46286,1,4.62565
46287,1,4.62555
46288,1,4.62545
46289,1,4.62535
46290,1,4.62525
46291,1,4.62515
46292,1,4.62505
46293,1,4.62495
46294,1,4.62485
46295,1,4.62475
46296,1,4.62465
46297,1,4.62455
46298,1,4.62445
46299,1,4.62435
46300,1,4.62425
46301,1,4.62415
46302,1,4.62406
46303,1,4.62396
46304,1,4.62386
46305,1,4.62376
46306,1,4.62366
46307,1,4.62356
46308,1,4.62346
46309,1,4.62336
46310,1,4.62326
46311,1,4.62316
46312,1,4.62306
46313,1,4.62296
46314,1,4.62286
46315,1,4.62276
46316,1,4.62266
46317,1,4.62256
46318,1,4.62246
46319,1,4.62236
46320,1,4.62226
46321,1,4.62216
46322,1,4.62206
46323,1,4.62196
46324,1,4.62186
46325,1,4.62176
46326,1,4.62166
46327,1,4.62156
46328,1,4.62146
46329,1,4.62136
46330,1,4.62126
46331,1,4.62116
46332,1,4.62106
46333,1,4.62096
46334,1,4.62086
46335,1,4.62076
46336,1,4.62066
46337,1,4.62056
46338,1,4.62046
46339,1,4.62036
46340,1,4.62026
46341,1,4.62016
46342,1,4.62006
46343,1,4.61996
46344,1,4.61986
46345,1,4.61976
46346,1,4.61967
46347,1,4.61957
46348,1,4.61947
46349,1,4.61937
46350,1,4.61927
46351,1,4.61917
46352,1,4.61907
46353,1,4.61897
46354,1,4.61887
46355,1,4.61877
46356,1,4.61867
46357,1,4.61857
46358,1,4.61847
46359,1,4.61837
46360,1,4.61827
46361,1,4.61817
46362,1,4.61807
46363,1,4.61797
46364,1,4.61787
46365,1,4.61777
46366,1,4.61767
46367,1,4.61757
46368,1,4.61747
46369,1,4.61737
46370,1,4.61727
46371,1,4.61717
46372,1,4.61707
46373,1,4.61698
46374,1,4.61688
46375,1,4.61678
46376,1,4.61668
46377,1,4.61658
46378,1,4.61648
46379,1,4.61638
46380,1,4.61628
46381,1,4.61618
46382,1,4.61608
46383,1,4.61598
46384,1,4.61588
46385,1,4.61578
46386,1,4.61568
46387,1,4.61558
46388,1,4.61548
46389,1,4.61538
46390,1,4.61528
46391,1,4.61518
46392,1,4.61508
46393,1,4.61499
46394,1,4.61489
46395,1,4.61479
46396,1,4.61469
46397,1,4.61459
46398,1,4.61449
46399,1,4.61439
46400,1,4.61429
46401,1,4.61419
46402,1,4.61409
46403,1,4.61399
46404,1,4.61389
46405,1,4.61379
46406,1,4.61369
46407,1,4.61359
46408,1,4.61349
46409,1,4.61339
46410,1,4.61329
46411,1,4.6132
46412,1,4.6131
46413,1,4.613
46414,1,4.6129
46415,1,4.6128
46416,1,4.6127
46417,1,4.6126
46418,1,4.6125
46419,1,4.6124
46420,1,4.6123
46421,1,4.6122
46422,1,4.6121
46423,1,4.612
46424,1,4.6119
46425,1,4.6118
46426,1,4.6117
46427,1,4.61161
46428,1,4.61151
46429,1,4.61141
46430,1,4.61131
46431,1,4.61121
46432,1,4.61111
46433,1,4.61101
46434,1,4.61091
46435,1,4.61081
46436,1,4.61071
46437,1,4.61061
46438,1,4.61051
46439,1,4.61041
46440,1,4.61031
46441,1,4.61022
46442,1,4.61012
46443,1,4.61002
46444,1,4.60992
46445,1,4.60982
46446,1,4.60972
46447,1,4.60962
46448,1,4.60952
46449,1,4.60942
46450,1,4.60932
46451,1,4.60922
46452,1,4.60912
46453,1,4.60902
46454,1,4.60892
46455,1,4.60883
46456,1,4.60873
46457,1,4.60863
46458,1,4.60853
46459,1,4.60843
46460,1,4.60833
46461,1,4.60823
46462,1,4.60813
46463,1,4.60803
46464,1,4.60793
46465,1,4.60783
46466,1,4.60773
46467,1,4.60764
46468,1,4.60754
46469,1,4.60744
46470,1,4.60734
46471,1,4.60724
46472,1,4.60714
46473,1,4.60704
46474,1,4.60694
46475,1,4.60684
46476,1,4.60674
46477,1,4.60664
46478,1,4.60655
46479,1,4.60645
46480,1,4.60635
46481,1,4.60625
46482,1,4.60615
46483,1,4.60605
46484,1,4.60595
46485,1,4.60585
46486,1,4.60575
46487,1,4.60565
46488,1,4.60555
46489,1,4.60546
46490,1,4.60536
46491,1,4.60526
46492,1,4.60516
46493,1,4.60506
46494,1,4.60496
46495,1,4.60486
46496,1,4.60476
46497,1,4.60466
46498,1,4.60456
46499,1,4.60446
46500,1,4.60437
46501,1,4.60427
46502,1,4.60417
46503,1,4.60407
46504,1,4.60397
46505,1,4.60387
46506,1,4.60377
46507,1,4.60367
46508,1,4.60357
46509,1,4.60347
46510,1,4.60338
46511,1,4.60328
46512,1,4.60318
46513,1,4.60308
46514,1,4.60298
46515,1,4.60288
46516,1,4.60278
46517,1,4.60268
46518,1,4.60258
46519,1,4.60249
46520,1,4.60239
46521,1,4.60229
46522,1,4.60219
46523,1,4.60209
46524,1,4.60199
46525,1,4.60189
46526,1,4.60179
46527,1,4.60169
46528,1,4.60159
46529,1,4.6015
46530,1,4.6014
46531,1,4.6013
46532,1,4.6012
46533,1,4.6011
46534,1,4.601
46535,1,4.6009
46536,1,4.6008
46537,1,4.6007
46538,1,4.60061
46539,1,4.60051
46540,1,4.60041
46541,1,4.60031
46542,1,4.60021
46543,1,4.60011
46544,1,4.60001
46545,1,4.59991
46546,1,4.59982
46547,1,4.59972
46548,1,4.59962
46549,1,4.59952
46550,1,4.59942
46551,1,4.59932
46552,1,4.59922
46553,1,4.59912
46554,1,4.59902
46555,1,4.59893
46556,1,4.59883
46557,1,4.59873
46558,1,4.59863
46559,1,4.59853
46560,1,4.59843
46561,1,4.59833
46562,1,4.59823
46563,1,4.59814
46564,1,4.59804
46565,1,4.59794
46566,1,4.59784
46567,1,4.59774
46568,1,4.59764
46569,1,4.59754
46570,1,4.59744
46571,1,4.59735
46572,1,4.59725
46573,1,4.59715
46574,1,4.59705
46575,1,4.59695
46576,1,4.59685
46577,1,4.59675
46578,1,4.59666
46579,1,4.59656
46580,1,4.59646
46581,1,4.59636
46582,1,4.59626
46583,1,4.59616
46584,1,4.59606
46585,1,4.59596
46586,1,4.59587
46587,1,4.59577
46588,1,4.59567
46589,1,4.59557
46590,1,4.59547
46591,1,4.59537
46592,1,4.59527
46593,1,4.59518
46594,1,4.59508
46595,1,4.59498
46596,1,4.59488
46597,1,4.59478
46598,1,4.59468
46599,1,4.59458
46600,1,4.59448
46601,1,4.59439
46602,1,4.59429
46603,1,4.59419
46604,1,4.59409
46605,1,4.59399
46606,1,4.59389
46607,1,4.59379
46608,1,4.5937
46609,1,4.5936
46610,1,4.5935
46611,1,4.5934
46612,1,4.5933
46613,1,4.5932
46614,1,4.59311
46615,1,4.59301
46616,1,4.59291
46617,1,4.59281
46618,1,4.59271
46619,1,4.59261
46620,1,4.59251
46621,1,4.59242
46622,1,4.59232
46623,1,4.59222
46624,1,4.59212
46625,1,4.59202
46626,1,4.59192
46627,1,4.59182
46628,1,4.59173
46629,1,4.59163
46630,1,4.59153
46631,1,4.59143
46632,1,4.59133
46633,1,4.59123
46634,1,4.59114
46635,1,4.59104
46636,1,4.59094
46637,1,4.59084
46638,1,4.59074
46639,1,4.59064
46640,1,4.59054
46641,1,4.59045
46642,1,4.59035
46643,1,4.59025
46644,1,4.59015
46645,1,4.59005
46646,1,4.58995
46647,1,4.58986
46648,1,4.58976
46649,1,4.58966
46650,1,4.58956
46651,1,4.58946
46652,1,4.58936
46653,1,4.58927
46654,1,4.58917
46655,1,4.58907
46656,1,4.58897
46657,1,4.58887
46658,1,4.58877
46659,1,4.58868
46660,1,4.58858
46661,1,4.58848
46662,1,4.58838
46663,1,4.58828
46664,1,4.58818
46665,1,4.58809
46666,1,4.58799
46667,1,4.58789
46668,1,4.58779
46669,1,4.58769
46670,1,4.58759
46671,1,4.5875
46672,1,4.5874
46673,1,4.5873
46674,1,4.5872
46675,1,4.5871
46676,1,4.587
46677,1,4.58691
46678,1,4.58681
46679,1,4.58671
46680,1,4.58661
46681,1,4.58651
46682,1,4.58641
46683,1,4.58632
46684,1,4.58622
46685,1,4.58612
46686,1,4.58602
46687,1,4.58592
46688,1,4.58583
46689,1,4.58573
46690,1,4.58563
46691,1,4.58553
46692,1,4.58543
46693,1,4.58533
46694,1,4.58524
46695,1,4.58514
46696,1,4.58504
46697,1,4.58494
46698,1,4.58484
46699,1,4.58474
46700,1,4.58465
46701,1,4.58455
46702,1,4.58445
46703,1,4.58435
46704,1,4.58425
46705,1,4.58416
46706,1,4.58406
46707,1,4.58396
46708,1,4.58386
46709,1,4.58376
46710,1,4.58367
46711,1,4.58357
46712,1,4.58347
46713,1,4.58337
46714,1,4.58327
46715,1,4.58317
46716,1,4.58308
46717,1,4.58298
46718,1,4.58288
46719,1,4.58278
46720,1,4.58268
46721,1,4.58259
46722,1,4.58249
46723,1,4.58239
46724,1,4.58229
46725,1,4.58219
46726,1,4.5821
46727,1,4.582
46728,1,4.5819
46729,1,4.5818
46730,1,4.5817
46731,1,4.58161
46732,1,4.58151
46733,1,4.58141
46734,1,4.58131
46735,1,4.58121
46736,1,4.58112
46737,1,4.58102
46738,1,4.58092
46739,1,4.58082
46740,1,4.58072
46741,1,4.58063
46742,1,4.58053
46743,1,4.58043
46744,1,4.58033
46745,1,4.58023
46746,1,4.58014
46747,1,4.58004
46748,1,4.57994
46749,1,4.57984
46750,1,4.57974
46751,1,4.57965
46752,1,4.57955
46753,1,4.57945
46754,1,4.57935
46755,1,4.57925
46756,1,4.57916
46757,1,4.57906
46758,1,4.57896
46759,1,4.57886
46760,1,4.57876
46761,1,4.57867
46762,1,4.57857
46763,1,4.57847
46764,1,4.57837
46765,1,4.57827
46766,1,4.57818
46767,1,4.57808
46768,1,4.57798
46769,1,4.57788
46770,1,4.57778
46771,1,4.57769
46772,1,4.57759
46773,1,4.57749
46774,1,4.57739
46775,1,4.5773
46776,1,4.5772
46777,1,4.5771
46778,1,4.577
46779,1,4.5769
46780,1,4.57681
46781,1,4.57671
46782,1,4.57661
46783,1,4.57651
46784,1,4.57642
46785,1,4.57632
46786,1,4.57622
46787,1,4.57612
46788,1,4.57602
46789,1,4.57593
46790,1,4.57583
46791,1,4.57573
46792,1,4.57563
46793,1,4.57553
46794,1,4.57544
46795,1,4.57534
46796,1,4.57524
46797,1,4.57514
46798,1,4.57505
46799,1,4.57495
46800,1,4.57485
46801,1,4.57475
46802,1,4.57465
46803,1,4.57456
46804,1,4.57446
46805,1,4.57436
46806,1,4.57426
46807,1,4.57417
46808,1,4.57407
46809,1,4.57397
46810,1,4.57387
46811,1,4.57378
46812,1,4.57368
46813,1,4.57358
46814,1,4.57348
46815,1,4.57338
46816,1,4.57329
46817,1,4.57319
46818,1,4.57309
46819,1,4.57299
46820,1,4.5729
46821,1,4.5728
46822,1,4.5727
46823,1,4.5726
46824,1,4.57251
46825,1,4.57241
46826,1,4.57231
46827,1,4.57221
46828,1,4.57211
46829,1,4.57202
46830,1,4.57192
46831,1,4.57182
46832,1,4.57172
46833,1,4.57163
46834,1,4.57153
46835,1,4.57143
46836,1,4.57133
46837,1,4.57124
46838,1,4.57114
46839,1,4.57104
46840,1,4.57094
46841,1,4.57085
46842,1,4.57075
46843,1,4.57065
46844,1,4.57055
46845,1,4.57046
46846,1,4.57036
46847,1,4.57026
46848,1,4.57016
46849,1,4.57007
46850,1,4.56997
46851,1,4.56987
46852,1,4.56977
46853,1,4.56968
46854,1,4.56958
46855,1,4.56948
46856,1,4.56938
46857,1,4.56929
46858,1,4.56919
46859,1,4.56909
46860,1,4.56899
46861,1,4.5689
46862,1,4.5688
46863,1,4.5687
46864,1,4.5686
46865,1,4.56851
46866,1,4.56841
46867,1,4.56831
46868,1,4.56821
46869,1,4.56812
46870,1,4.56802
46871,1,4.56792
46872,1,4.56782
46873,1,4.56773
46874,1,4.56763
46875,1,4.56753
46876,1,4.56743
46877,1,4.56734
46878,1,4.56724
46879,1,4.56714
46880,1,4.56704
46881,1,4.56695
46882,1,4.56685
46883,1,4.56675
46884,1,4.56665
46885,1,4.56656
46886,1,4.56646
46887,1,4.56636
46888,1,4.56626
46889,1,4.56617
46890,1,4.56607
46891,1,4.56597
46892,1,4.56587
46893,1,4.56578
46894,1,4.56568
46895,1,4.56558
46896,1,4.56549
46897,1,4.56539
46898,1,4.56529
46899,1,4.56519
46900,1,4.5651
46901,1,4.565
46902,1,4.5649
46903,1,4.5648
46904,1,4.56471
46905,1,4.56461
46906,1,4.56451
46907,1,4.56441
46908,1,4.56432
46909,1,4.56422
46910,1,4.56412
46911,1,4.56403
46912,1,4.56393
46913,1,4.56383
46914,1,4.56373
46915,1,4.56364
46916,1,4.56354
46917,1,4.56344
46918,1,4.56334
46919,1,4.56325
46920,1,4.56315
46921,1,4.56305
46922,1,4.56296
46923,1,4.56286
46924,1,4.56276
46925,1,4.56266
46926,1,4.56257
46927,1,4.56247
46928,1,4.56237
46929,1,4.56227
46930,1,4.56218
46931,1,4.56208
46932,1,4.56198
46933,1,4.56189
46934,1,4.56179
46935,1,4.56169
46936,1,4.56159
46937,1,4.5615
46938,1,4.5614
46939,1,4.5613
46940,1,4.56121
46941,1,4.56111
46942,1,4.56101
46943,1,4.56091
46944,1,4.56082
46945,1,4.56072
46946,1,4.56062
46947,1,4.56053
46948,1,4.56043
46949,1,4.56033
46950,1,4.56023
46951,1,4.56014
46952,1,4.56004
46953,1,4.55994
46954,1,4.55985
46955,1,4.55975
46956,1,4.55965
46957,1,4.55955
46958,1,4.55946
46959,1,4.55936
46960,1,4.55926
46961,1,4.55917
46962,1,4.55907
46963,1,4.55897
46964,1,4.55887
46965,1,4.55878
46966,1,4.55868
46967,1,4.55858
46968,1,4.55849
46969,1,4.55839
46970,1,4.55829
46971,1,4.5582
46972,1,4.5581
46973,1,4.558
46974,1,4.5579
46975,1,4.55781
46976,1,4.55771
46977,1,4.55761
46978,1,4.55752
46979,1,4.55742
46980,1,4.55732
46981,1,4.55723
46982,1,4.55713
46983,1,4.55703
46984,1,4.55693
46985,1,4.55684
46986,1,4.55674
46987,1,4.55664
46988,1,4.55655
46989,1,4.55645
46990,1,4.55635
46991,1,4.55626
46992,1,4.55616
46993,1,4.55606
46994,1,4.55596
46995,1,4.55587
46996,1,4.55577
46997,1,4.55567
46998,1,4.55558
46999,1,4.55548
47000,1,4.55538
47001,1,4.55529
47002,1,4.55519
47003,1,4.55509
47004,1,4.555
47005,1,4.5549
47006,1,4.5548
47007,1,4.5547
47008,1,4.55461
47009,1,4.55451
47010,1,4.55441
47011,1,4.55432
47012,1,4.55422
47013,1,4.55412
47014,1,4.55403
47015,1,4.55393
47016,1,4.55383
47017,1,4.55374
47018,1,4.55364
47019,1,4.55354
47020,1,4.55345
47021,1,4.55335
47022,1,4.55325
47023,1,4.55315
47024,1,4.55306
47025,1,4.55296
47026,1,4.55286
47027,1,4.55277
47028,1,4.55267
47029,1,4.55257
47030,1,4.55248
47031,1,4.55238
47032,1,4.55228
47033,1,4.55219
47034,1,4.55209
47035,1,4.55199
47036,1,4.5519
47037,1,4.5518
47038,1,4.5517
47039,1,4.55161
47040,1,4.55151
47041,1,4.55141
47042,1,4.55132
47043,1,4.55122
47044,1,4.55112
47045,1,4.55103
47046,1,4.55093
47047,1,4.55083
47048,1,4.55074
47049,1,4.55064
47050,1,4.55054
47051,1,4.55045
47052,1,4.55035
47053,1,4.55025
47054,1,4.55016
47055,1,4.55006
47056,1,4.54996
47057,1,4.54987
47058,1,4.54977
47059,1,4.54967
47060,1,4.54958
47061,1,4.54948
47062,1,4.54938
47063,1,4.54929
47064,1,4.54919
47065,1,4.54909
47066,1,4.549
47067,1,4.5489
47068,1,4.5488
47069,1,4.54871
47070,1,4.54861
47071,1,4.54851
47072,1,4.54842
47073,1,4.54832
47074,1,4.54822
47075,1,4.54813
47076,1,4.54803
47077,1,4.54793
47078,1,4.54784
47079,1,4.54774
47080,1,4.54764
47081,1,4.54755
47082,1,4.54745
47083,1,4.54735
47084,1,4.54726
47085,1,4.54716
47086,1,4.54706
47087,1,4.54697
47088,1,4.54687
47089,1,4.54677
47090,1,4.54668
47091,1,4.54658
47092,1,4.54648
47093,1,4.54639
47094,1,4.54629
47095,1,4.54619
47096,1,4.5461
47097,1,4.546
47098,1,4.5459
47099,1,4.54581
47100,1,4.54571
47101,1,4.54561
47102,1,4.54552
47103,1,4.54542
47104,1,4.54533
47105,1,4.54523
47106,1,4.54513
47107,1,4.54504
47108,1,4.54494
47109,1,4.54484
47110,1,4.54475
47111,1,4.54465
47112,1,4.54455
47113,1,4.54446
47114,1,4.54436
47115,1,4.54426
47116,1,4.54417
47117,1,4.54407
47118,1,4.54397
47119,1,4.54388
47120,1,4.54378
47121,1,4.54369
47122,1,4.54359
47123,1,4.54349
47124,1,4.5434
47125,1,4.5433
47126,1,4.5432
47127,1,4.54311
47128,1,4.54301
47129,1,4.54291
47130,1,4.54282
47131,1,4.54272
47132,1,4.54262
47133,1,4.54253
47134,1,4.54243
47135,1,4.54234
47136,1,4.54224
47137,1,4.54214
47138,1,4.54205
47139,1,4.54195
47140,1,4.54185
47141,1,4.54176
47142,1,4.54166
47143,1,4.54157
47144,1,4.54147
47145,1,4.54137
47146,1,4.54128
47147,1,4.54118
47148,1,4.54108
47149,1,4.54099
47150,1,4.54089
47151,1,4.54079
47152,1,4.5407
47153,1,4.5406
47154,1,4.54051
47155,1,4.54041
47156,1,4.54031
47157,1,4.54022
47158,1,4.54012
47159,1,4.54002
47160,1,4.53993
47161,1,4.53983
47162,1,4.53974
47163,1,4.53964
47164,1,4.53954
47165,1,4.53945
47166,1,4.53935
47167,1,4.53925
47168,1,4.53916
47169,1,4.53906
47170,1,4.53897
47171,1,4.53887
47172,1,4.53877
47173,1,4.53868
47174,1,4.53858
47175,1,4.53848
47176,1,4.53839
47177,1,4.53829
47178,1,4.5382
47179,1,4.5381
47180,1,4.538
47181,1,4.53791
47182,1,4.53781
47183,1,4.53771
47184,1,4.53762
47185,1,4.53752
47186,1,4.53743
47187,1,4.53733
47188,1,4.53723
47189,1,4.53714
47190,1,4.53704
47191,1,4.53695
47192,1,4.53685
47193,1,4.53675
47194,1,4.53666
47195,1,4.53656
47196,1,4.53646
47197,1,4.53637
47198,1,4.53627
47199,1,4.53618
47200,1,4.53608
47201,1,4.53598
47202,1,4.53589
47203,1,4.53579
47204,1,4.5357
47205,1,4.5356
47206,1,4.5355
47207,1,4.53541
47208,1,4.53531
47209,1,4.53522
47210,1,4.53512
47211,1,4.53502
47212,1,4.53493
47213,1,4.53483
47214,1,4.53474
47215,1,4.53464
47216,1,4.53454
47217,1,4.53445
47218,1,4.53435
47219,1,4.53426
47220,1,4.53416
47221,1,4.53406
47222,1,4.53397
47223,1,4.53387
47224,1,4.53378
47225,1,4.53368
47226,1,4.53358
47227,1,4.53349
47228,1,4.53339
47229,1,4.5333
47230,1,4.5332
47231,1,4.5331
47232,1,4.53301
47233,1,4.53291
47234,1,4.53282
47235,1,4.53272
47236,1,4.53262
47237,1,4.53253
47238,1,4.53243
47239,1,4.53234
47240,1,4.53224
47241,1,4.53214
47242,1,4.53205
47243,1,4.53195
47244,1,4.53186
47245,1,4.53176
47246,1,4.53166
47247,1,4.53157
47248,1,4.53147
47249,1,4.53138
47250,1,4.53128
47251,1,4.53118
47252,1,4.53109
47253,1,4.53099
47254,1,4.5309
47255,1,4.5308
47256,1,4.53071
47257,1,4.53061
47258,1,4.53051
47259,1,4.53042
47260,1,4.53032
47261,1,4.53023
47262,1,4.53013
47263,1,4.53003
47264,1,4.52994
47265,1,4.52984
47266,1,4.52975
47267,1,4.52965
47268,1,4.52955
47269,1,4.52946
47270,1,4.52936
47271,1,4.52927
47272,1,4.52917
47273,1,4.52908
47274,1,4.52898
47275,1,4.52888
47276,1,4.52879
47277,1,4.52869
47278,1,4.5286
47279,1,4.5285
47280,1,4.52841
47281,1,4.52831
47282,1,4.52821
47283,1,4.52812
47284,1,4.52802
47285,1,4.52793
47286,1,4.52783
47287,1,4.52773
47288,1,4.52764
47289,1,4.52754
47290,1,4.52745
47291,1,4.52735
47292,1,4.52726
47293,1,4.52716
47294,1,4.52706
47295,1,4.52697
47296,1,4.52687
47297,1,4.52678
47298,1,4.52668
47299,1,4.52659
47300,1,4.52649
47301,1,4.52639
47302,1,4.5263
47303,1,4.5262
47304,1,4.52611
47305,1,4.52601
47306,1,4.52592
47307,1,4.52582
47308,1,4.52573
47309,1,4.52563
47310,1,4.52553
47311,1,4.52544
47312,1,4.52534
47313,1,4.52525
47314,1,4.52515
47315,1,4.52506
47316,1,4.52496
47317,1,4.52486
47318,1,4.52477
47319,1,4.52467
47320,1,4.52458
47321,1,4.52448
47322,1,4.52439
47323,1,4.52429
47324,1,4.52419
47325,1,4.5241
47326,1,4.524
47327,1,4.52391
47328,1,4.52381
47329,1,4.52372
47330,1,4.52362
47331,1,4.52353
47332,1,4.52343
47333,1,4.52333
47334,1,4.52324
47335,1,4.52314
47336,1,4.52305
47337,1,4.52295
47338,1,4.52286
47339,1,4.52276
47340,1,4.52267
47341,1,4.52257
47342,1,4.52247
47343,1,4.52238
47344,1,4.52228
47345,1,4.52219
47346,1,4.52209
47347,1,4.522
47348,1,4.5219
47349,1,4.52181
47350,1,4.52171
47351,1,4.52162
47352,1,4.52152
47353,1,4.52142
47354,1,4.52133
47355,1,4.52123
47356,1,4.52114
47357,1,4.52104
47358,1,4.52095
47359,1,4.52085
47360,1,4.52076
47361,1,4.52066
47362,1,4.52057
47363,1,4.52047
47364,1,4.52037
47365,1,4.52028
47366,1,4.52018
47367,1,4.52009
47368,1,4.51999
47369,1,4.5199
47370,1,4.5198
47371,1,4.51971
47372,1,4.51961
47373,1,4.51952
47374,1,4.51942
47375,1,4.51932
47376,1,4.51923
47377,1,4.51913
47378,1,4.51904
47379,1,4.51894
47380,1,4.51885
47381,1,4.51875
47382,1,4.51866
47383,1,4.51856
47384,1,4.51847
47385,1,4.51837
47386,1,4.51828
47387,1,4.51818
47388,1,4.51808
47389,1,4.51799
47390,1,4.51789
47391,1,4.5178
47392,1,4.5177
47393,1,4.51761
47394,1,4.51751
47395,1,4.51742
47396,1,4.51732
47397,1,4.51723
47398,1,4.51713
47399,1,4.51704
47400,1,4.51694
47401,1,4.51685
47402,1,4.51675
47403,1,4.51666
47404,1,4.51656
47405,1,4.51646
47406,1,4.51637
47407,1,4.51627
47408,1,4.51618
47409,1,4.51608
47410,1,4.51599
47411,1,4.51589
47412,1,4.5158
47413,1,4.5157
47414,1,4.51561
47415,1,4.51551
47416,1,4.51542
47417,1,4.51532
47418,1,4.51523
47419,1,4.51513
47420,1,4.51504
47421,1,4.51494
47422,1,4.51485
47423,1,4.51475
47424,1,4.51466
47425,1,4.51456
47426,1,4.51446
47427,1,4.51437
47428,1,4.51427
47429,1,4.51418
47430,1,4.51408
47431,1,4.51399
47432,1,4.51389
47433,1,4.5138
47434,1,4.5137
47435,1,4.51361
47436,1,4.51351
47437,1,4.51342
47438,1,4.51332
47439,1,4.51323
47440,1,4.51313
47441,1,4.51304
47442,1,4.51294
47443,1,4.51285
47444,1,4.51275
47445,1,4.51266
47446,1,4.51256
47447,1,4.51247
47448,1,4.51237
47449,1,4.51228
47450,1,4.51218
47451,1,4.51209
47452,1,4.51199
47453,1,4.5119
47454,1,4.5118
47455,1,4.51171
47456,1,4.51161
47457,1,4.51152
47458,1,4.51142
47459,1,4.51133
47460,1,4.51123
47461,1,4.51114
47462,1,4.51104
47463,1,4.51095
47464,1,4.51085
47465,1,4.51076
47466,1,4.51066
47467,1,4.51057
47468,1,4.51047
47469,1,4.51038
47470,1,4.51028
47471,1,4.51019
47472,1,4.51009
47473,1,4.51
47474,1,4.5099
47475,1,4.50981
47476,1,4.50971
47477,1,4.50962
47478,1,4.50952
47479,1,4.50943
47480,1,4.50933
47481,1,4.50924
47482,1,4.50914
47483,1,4.50905
47484,1,4.50895
47485,1,4.50886
47486,1,4.50876
47487,1,4.50867
47488,1,4.50857
47489,1,4.50848
47490,1,4.50838
47491,1,4.50829
47492,1,4.50819
47493,1,4.5081
47494,1,4.508
47495,1,4.50791
47496,1,4.50781
47497,1,4.50772
47498,1,4.50762
47499,1,4.50753
47500,1,4.50743
47501,1,4.50734
47502,1,4.50724
47503,1,4.50715
47504,1,4.50705
47505,1,4.50696
47506,1,4.50686
47507,1,4.50677
47508,1,4.50667
47509,1,4.50658
47510,1,4.50648
47511,1,4.50639
47512,1,4.50629
47513,1,4.5062
47514,1,4.5061
47515,1,4.50601
47516,1,4.50591
47517,1,4.50582
47518,1,4.50572
47519,1,4.50563
47520,1,4.50553
47521,1,4.50544
47522,1,4.50534
47523,1,4.50525
47524,1,4.50516
47525,1,4.50506
47526,1,4.50497
47527,1,4.50487
47528,1,4.50478
47529,1,4.50468
47530,1,4.50459
47531,1,4.50449
47532,1,4.5044
47533,1,4.5043
47534,1,4.50421
47535,1,4.50411
47536,1,4.50402
47537,1,4.50392
47538,1,4.50383
47539,1,4.50373
47540,1,4.50364
47541,1,4.50354
47542,1,4.50345
47543,1,4.50335
47544,1,4.50326
47545,1,4.50317
47546,1,4.50307
47547,1,4.50298
47548,1,4.50288
47549,1,4.50279
47550,1,4.50269
47551,1,4.5026
47552,1,4.5025
47553,1,4.50241
47554,1,4.50231
47555,1,4.50222
47556,1,4.50212
47557,1,4.50203
47558,1,4.50193
47559,1,4.50184
47560,1,4.50175
47561,1,4.50165
47562,1,4.50156
47563,1,4.50146
47564,1,4.50137
47565,1,4.50127
47566,1,4.50118
47567,1,4.50108
47568,1,4.50099
47569,1,4.50089
47570,1,4.5008
47571,1,4.5007
47572,1,4.50061
47573,1,4.50051
47574,1,4.50042
47575,1,4.50033
47576,1,4.50023
47577,1,4.50014
47578,1,4.50004
47579,1,4.49995
47580,1,4.49985
47581,1,4.49976
47582,1,4.49966
47583,1,4.49957
47584,1,4.49947
47585,1,4.49938
47586,1,4.49929
47587,1,4.49919
47588,1,4.4991
47589,1,4.499
47590,1,4.49891
47591,1,4.49881
47592,1,4.49872
47593,1,4.49862
47594,1,4.49853
47595,1,4.49843
47596,1,4.49834
47597,1,4.49825
47598,1,4.49815
47599,1,4.49806
47600,1,4.49796
47601,1,4.49787
47602,1,4.49777
47603,1,4.49768
47604,1,4.49758
47605,1,4.49749
47606,1,4.4974
47607,1,4.4973
47608,1,4.49721
47609,1,4.49711
47610,1,4.49702
47611,1,4.49692
47612,1,4.49683
47613,1,4.49673
47614,1,4.49664
47615,1,4.49655
47616,1,4.49645
47617,1,4.49636
47618,1,4.49626
47619,1,4.49617
47620,1,4.49607
47621,1,4.49598
47622,1,4.49588
47623,1,4.49579
47624,1,4.4957
47625,1,4.4956
47626,1,4.49551
47627,1,4.49541
47628,1,4.49532
47629,1,4.49522
47630,1,4.49513
47631,1,4.49503
47632,1,4.49494
47633,1,4.49485
47634,1,4.49475
47635,1,4.49466
47636,1,4.49456
47637,1,4.49447
47638,1,4.49437
47639,1,4.49428
47640,1,4.49419
47641,1,4.49409
47642,1,4.494
47643,1,4.4939
47644,1,4.49381
47645,1,4.49371
47646,1,4.49362
47647,1,4.49353
47648,1,4.49343
47649,1,4.49334
47650,1,4.49324
47651,1,4.49315
47652,1,4.49305
47653,1,4.49296
47654,1,4.49287
47655,1,4.49277
47656,1,4.49268
47657,1,4.49258
47658,1,4.49249
47659,1,4.49239
47660,1,4.4923
47661,1,4.49221
47662,1,4.49211
47663,1,4.49202
47664,1,4.49192
47665,1,4.49183
47666,1,4.49173
47667,1,4.49164
47668,1,4.49155
47669,1,4.49145
47670,1,4.49136
47671,1,4.49126
47672,1,4.49117
47673,1,4.49107
47674,1,4.49098
47675,1,4.49089
47676,1,4.49079
47677,1,4.4907
47678,1,4.4906
47679,1,4.49051
47680,1,4.49042
47681,1,4.49032
47682,1,4.49023
47683,1,4.49013
47684,1,4.49004
47685,1,4.48994
47686,1,4.48985
47687,1,4.48976
47688,1,4.48966
47689,1,4.48957
47690,1,4.48947
47691,1,4.48938
47692,1,4.48929
47693,1,4.48919
47694,1,4.4891
47695,1,4.489
47696,1,4.48891
47697,1,4.48881
47698,1,4.48872
47699,1,4.48863
47700,1,4.48853
47701,1,4.48844
47702,1,4.48834
47703,1,4.48825
47704,1,4.48816
47705,1,4.48806
47706,1,4.48797
47707,1,4.48787
47708,1,4.48778
47709,1,4.48769
47710,1,4.48759
47711,1,4.4875
47712,1,4.4874
47713,1,4.48731
47714,1,4.48722
47715,1,4.48712
47716,1,4.48703
47717,1,4.48693
47718,1,4.48684
47719,1,4.48675
47720,1,4.48665
47721,1,4.48656
47722,1,4.48646
47723,1,4.48637
47724,1,4.48628
47725,1,4.48618
47726,1,4.48609
47727,1,4.48599
47728,1,4.4859
47729,1,4.48581
47730,1,4.48571
47731,1,4.48562
47732,1,4.48552
47733,1,4.48543
47734,1,4.48534
47735,1,4.48524
47736,1,4.48515
47737,1,4.48505
47738,1,4.48496
47739,1,4.48487
47740,1,4.48477
47741,1,4.48468
47742,1,4.48458
47743,1,4.48449
47744,1,4.4844
47745,1,4.4843
47746,1,4.48421
47747,1,4.48411
47748,1,4.48402
47749,1,4.48393
47750,1,4.48383
47751,1,4.48374
47752,1,4.48364
47753,1,4.48355
47754,1,4.48346
47755,1,4.48336
47756,1,4.48327
47757,1,4.48318
47758,1,4.48308
47759,1,4.48299
47760,1,4.48289
47761,1,4.4828
47762,1,4.48271
47763,1,4.48261
47764,1,4.48252
47765,1,4.48242
47766,1,4.48233
47767,1,4.48224
47768,1,4.48214
47769,1,4.48205
47770,1,4.48196
47771,1,4.48186
47772,1,4.48177
47773,1,4.48167
47774,1,4.48158
47775,1,4.48149
47776,1,4.48139
47777,1,4.4813
47778,1,4.4812
47779,1,4.48111
47780,1,4.48102
47781,1,4.48092
47782,1,4.48083
47783,1,4.48074
47784,1,4.48064
47785,1,4.48055
47786,1,4.48045
47787,1,4.48036
47788,1,4.48027
47789,1,4.48017
47790,1,4.48008
47791,1,4.47999
47792,1,4.47989
47793,1,4.4798
47794,1,4.4797
47795,1,4.47961
47796,1,4.47952
47797,1,4.47942
47798,1,4.47933
47799,1,4.47924
47800,1,4.47914
47801,1,4.47905
47802,1,4.47895
47803,1,4.47886
47804,1,4.47877
47805,1,4.47867
47806,1,4.47858
47807,1,4.47849
47808,1,4.47839
47809,1,4.4783
47810,1,4.47821
47811,1,4.47811
47812,1,4.47802
47813,1,4.47792
47814,1,4.47783
47815,1,4.47774
47816,1,4.47764
47817,1,4.47755
47818,1,4.47746
47819,1,4.47736
47820,1,4.47727
47821,1,4.47718
47822,1,4.47708
47823,1,4.47699
47824,1,4.47689
47825,1,4.4768
47826,1,4.47671
47827,1,4.47661
47828,1,4.47652
47829,1,4.47643
47830,1,4.47633
47831,1,4.47624
47832,1,4.47615
47833,1,4.47605
47834,1,4.47596
47835,1,4.47586
47836,1,4.47577
47837,1,4.47568
47838,1,4.47558
47839,1,4.47549
47840,1,4.4754
47841,1,4.4753
47842,1,4.47521
47843,1,4.47512
47844,1,4.47502
47845,1,4.47493
47846,1,4.47484
47847,1,4.47474
47848,1,4.47465
47849,1,4.47456
47850,1,4.47446
47851,1,4.47437
47852,1,4.47427
47853,1,4.47418
47854,1,4.47409
47855,1,4.47399
47856,1,4.4739
47857,1,4.47381
47858,1,4.47371
47859,1,4.47362
47860,1,4.47353
47861,1,4.47343
47862,1,4.47334
47863,1,4.47325
47864,1,4.47315
47865,1,4.47306
47866,1,4.47297
47867,1,4.47287
47868,1,4.47278
47869,1,4.47269
47870,1,4.47259
47871,1,4.4725
47872,1,4.47241
47873,1,4.47231
47874,1,4.47222
47875,1,4.47213
47876,1,4.47203
47877,1,4.47194
47878,1,4.47185
47879,1,4.47175
47880,1,4.47166
47881,1,4.47156
47882,1,4.47147
47883,1,4.47138
47884,1,4.47128
47885,1,4.47119
47886,1,4.4711
47887,1,4.471
47888,1,4.47091
47889,1,4.47082
47890,1,4.47072
47891,1,4.47063
47892,1,4.47054
47893,1,4.47044
47894,1,4.47035
47895,1,4.47026
47896,1,4.47016
47897,1,4.47007
47898,1,4.46998
47899,1,4.46988
47900,1,4.46979
47901,1,4.4697
47902,1,4.4696
47903,1,4.46951
47904,1,4.46942
47905,1,4.46932
47906,1,4.46923
47907,1,4.46914
47908,1,4.46904
47909,1,4.46895
47910,1,4.46886
47911,1,4.46877
47912,1,4.46867
47913,1,4.46858
47914,1,4.46849
47915,1,4.46839
47916,1,4.4683
47917,1,4.46821
47918,1,4.46811
47919,1,4.46802
47920,1,4.46793
47921,1,4.46783
47922,1,4.46774
47923,1,4.46765
47924,1,4.46755
47925,1,4.46746
47926,1,4.46737
47927,1,4.46727
47928,1,4.46718
47929,1,4.46709
47930,1,4.46699
47931,1,4.4669
47932,1,4.46681
47933,1,4.46671
47934,1,4.46662
47935,1,4.46653
47936,1,4.46643
47937,1,4.46634
47938,1,4.46625
47939,1,4.46615
47940,1,4.46606
47941,1,4.46597
47942,1,4.46588
47943,1,4.46578
47944,1,4.46569
47945,1,4.4656
47946,1,4.4655
47947,1,4.46541
47948,1,4.46532
47949,1,4.46522
47950,1,4.46513
47951,1,4.46504
47952,1,4.46494
47953,1,4.46485
47954,1,4.46476
47955,1,4.46466
47956,1,4.46457
47957,1,4.46448
47958,1,4.46439
47959,1,4.46429
47960,1,4.4642
47961,1,4.46411
47962,1,4.46401
47963,1,4.46392
47964,1,4.46383
47965,1,4.46373
47966,1,4.46364
47967,1,4.46355
47968,1,4.46345
47969,1,4.46336
47970,1,4.46327
47971,1,4.46318
47972,1,4.46308
47973,1,4.46299
47974,1,4.4629
47975,1,4.4628
47976,1,4.46271
47977,1,4.46262
47978,1,4.46252
47979,1,4.46243
47980,1,4.46234
47981,1,4.46225
47982,1,4.46215
47983,1,4.46206
47984,1,4.46197
47985,1,4.46187
47986,1,4.46178
47987,1,4.46169
47988,1,4.46159
47989,1,4.4615
47990,1,4.46141
47991,1,4.46132
47992,1,4.46122
47993,1,4.46113
47994,1,4.46104
47995,1,4.46094
47996,1,4.46085
47997,1,4.46076
47998,1,4.46067
47999,1,4.46057
48000,1,4.46048
48001,1,4.46039
48002,1,4.46029
48003,1,4.4602
48004,1,4.46011
48005,1,4.46001
48006,1,4.45992
48007,1,4.45983
48008,1,4.45974
48009,1,4.45964
48010,1,4.45955
48011,1,4.45946
48012,1,4.45936
48013,1,4.45927
48014,1,4.45918
48015,1,4.45909
48016,1,4.45899
48017,1,4.4589
48018,1,4.45881
48019,1,4.45871
48020,1,4.45862
48021,1,4.45853
48022,1,4.45844
48023,1,4.45834
48024,1,4.45825
48025,1,4.45816
48026,1,4.45806
48027,1,4.45797
48028,1,4.45788
48029,1,4.45779
48030,1,4.45769
48031,1,4.4576
48032,1,4.45751
48033,1,4.45741
48034,1,4.45732
48035,1,4.45723
48036,1,4.45714
48037,1,4.45704
48038,1,4.45695
48039,1,4.45686
48040,1,4.45677
48041,1,4.45667
48042,1,4.45658
48043,1,4.45649
48044,1,4.45639
48045,1,4.4563
48046,1,4.45621
48047,1,4.45612
48048,1,4.45602
48049,1,4.45593
48050,1,4.45584
48051,1,4.45574
48052,1,4.45565
48053,1,4.45556
48054,1,4.45547
48055,1,4.45537
48056,1,4.45528
48057,1,4.45519
48058,1,4.4551
48059,1,4.455
48060,1,4.45491
48061,1,4.45482
48062,1,4.45473
48063,1,4.45463
48064,1,4.45454
48065,1,4.45445
48066,1,4.45435
48067,1,4.45426
48068,1,4.45417
48069,1,4.45408
48070,1,4.45398
48071,1,4.45389
48072,1,4.4538
48073,1,4.45371
48074,1,4.45361
48075,1,4.45352
48076,1,4.45343
48077,1,4.45334
48078,1,4.45324
48079,1,4.45315
48080,1,4.45306
48081,1,4.45296
48082,1,4.45287
48083,1,4.45278
48084,1,4.45269
48085,1,4.45259
48086,1,4.4525
48087,1,4.45241
48088,1,4.45232
48089,1,4.45222
48090,1,4.45213
48091,1,4.45204
48092,1,4.45195
48093,1,4.45185
48094,1,4.45176
48095,1,4.45167
48096,1,4.45158
48097,1,4.45148
48098,1,4.45139
48099,1,4.4513
48100,1,4.45121
48101,1,4.45111
48102,1,4.45102
48103,1,4.45093
48104,1,4.45084
48105,1,4.45074
48106,1,4.45065
48107,1,4.45056
48108,1,4.45047
48109,1,4.45037
48110,1,4.45028
48111,1,4.45019
48112,1,4.4501
48113,1,4.45
48114,1,4.44991
48115,1,4.44982
48116,1,4.44973
48117,1,4.44963
48118,1,4.44954
48119,1,4.44945
48120,1,4.44936
48121,1,4.44926
48122,1,4.44917
48123,1,4.44908
48124,1,4.44899
48125,1,4.44889
48126,1,4.4488
48127,1,4.44871
48128,1,4.44862
48129,1,4.44852
48130,1,4.44843
48131,1,4.44834
48132,1,4.44825
48133,1,4.44815
48134,1,4.44806
48135,1,4.44797
48136,1,4.44788
48137,1,4.44778
48138,1,4.44769
48139,1,4.4476
48140,1,4.44751
48141,1,4.44741
48142,1,4.44732
48143,1,4.44723
48144,1,4.44714
48145,1,4.44705
48146,1,4.44695
48147,1,4.44686
48148,1,4.44677
48149,1,4.44668
48150,1,4.44658
48151,1,4.44649
48152,1,4.4464
48153,1,4.44631
48154,1,4.44621
48155,1,4.44612
48156,1,4.44603
48157,1,4.44594
48158,1,4.44584
48159,1,4.44575
48160,1,4.44566
48161,1,4.44557
48162,1,4.44548
48163,1,4.44538
48164,1,4.44529
48165,1,4.4452
48166,1,4.44511
48167,1,4.44501
48168,1,4.44492
48169,1,4.44483
48170,1,4.44474
48171,1,4.44465
48172,1,4.44455
48173,1,4.44446
48174,1,4.44437
48175,1,4.44428
48176,1,4.44418
48177,1,4.44409
48178,1,4.444
48179,1,4.44391
48180,1,4.44381
48181,1,4.44372
48182,1,4.44363
48183,1,4.44354
48184,1,4.44345
48185,1,4.44335
48186,1,4.44326
48187,1,4.44317
48188,1,4.44308
48189,1,4.44298
48190,1,4.44289
48191,1,4.4428
48192,1,4.44271
48193,1,4.44262
48194,1,4.44252
48195,1,4.44243
48196,1,4.44234
48197,1,4.44225
48198,1,4.44216
48199,1,4.44206
48200,1,4.44197
48201,1,4.44188
48202,1,4.44179
48203,1,4.44169
48204,1,4.4416
48205,1,4.44151
48206,1,4.44142
48207,1,4.44133
48208,1,4.44123
48209,1,4.44114
48210,1,4.44105
48211,1,4.44096
48212,1,4.44087
48213,1,4.44077
48214,1,4.44068
48215,1,4.44059
48216,1,4.4405
48217,1,4.4404
48218,1,4.44031
48219,1,4.44022
48220,1,4.44013
48221,1,4.44004
48222,1,4.43994
48223,1,4.43985
48224,1,4.43976
48225,1,4.43967
48226,1,4.43958
48227,1,4.43948
48228,1,4.43939
48229,1,4.4393
48230,1,4.43921
48231,1,4.43912
48232,1,4.43902
48233,1,4.43893
48234,1,4.43884
48235,1,4.43875
48236,1,4.43866
48237,1,4.43856
48238,1,4.43847
48239,1,4.43838
48240,1,4.43829
48241,1,4.4382
48242,1,4.4381
48243,1,4.43801
48244,1,4.43792
48245,1,4.43783
48246,1,4.43774
48247,1,4.43764
48248,1,4.43755
48249,1,4.43746
48250,1,4.43737
48251,1,4.43728
48252,1,4.43718
48253,1,4.43709
48254,1,4.437
48255,1,4.43691
48256,1,4.43682
48257,1,4.43672
48258,1,4.43663
48259,1,4.43654
48260,1,4.43645
48261,1,4.43636
48262,1,4.43626
48263,1,4.43617
48264,1,4.43608
48265,1,4.43599
48266,1,4.4359
48267,1,4.43581
48268,1,4.43571
48269,1,4.43562
48270,1,4.43553
48271,1,4.43544
48272,1,4.43535
48273,1,4.43525
48274,1,4.43516
48275,1,4.43507
48276,1,4.43498
48277,1,4.43489
48278,1,4.43479
48279,1,4.4347
48280,1,4.43461
48281,1,4.43452
48282,1,4.43443
48283,1,4.43434
48284,1,4.43424
48285,1,4.43415
48286,1,4.43406
48287,1,4.43397
48288,1,4.43388
48289,1,4.43378
48290,1,4.43369
48291,1,4.4336
48292,1,4.43351
48293,1,4.43342
48294,1,4.43333
48295,1,4.43323
48296,1,4.43314
48297,1,4.43305
48298,1,4.43296
48299,1,4.43287
48300,1,4.43277
48301,1,4.43268
48302,1,4.43259
48303,1,4.4325
48304,1,4.43241
48305,1,4.43232
48306,1,4.43222
48307,1,4.43213
48308,1,4.43204
48309,1,4.43195
48310,1,4.43186
48311,1,4.43177
48312,1,4.43167
48313,1,4.43158
48314,1,4.43149
48315,1,4.4314
48316,1,4.43131
48317,1,4.43121
48318,1,4.43112
48319,1,4.43103
48320,1,4.43094
48321,1,4.43085
48322,1,4.43076
48323,1,4.43066
48324,1,4.43057
48325,1,4.43048
48326,1,4.43039
48327,1,4.4303
48328,1,4.43021
48329,1,4.43011
48330,1,4.43002
48331,1,4.42993
48332,1,4.42984
48333,1,4.42975
48334,1,4.42966
48335,1,4.42956
48336,1,4.42947
48337,1,4.42938
48338,1,4.42929
48339,1,4.4292
48340,1,4.42911
48341,1,4.42901
48342,1,4.42892
48343,1,4.42883
48344,1,4.42874
48345,1,4.42865
48346,1,4.42856
48347,1,4.42847
48348,1,4.42837
48349,1,4.42828
48350,1,4.42819
48351,1,4.4281
48352,1,4.42801
48353,1,4.42792
48354,1,4.42782
48355,1,4.42773
48356,1,4.42764
48357,1,4.42755
48358,1,4.42746
48359,1,4.42737
48360,1,4.42727
48361,1,4.42718
48362,1,4.42709
48363,1,4.427
48364,1,4.42691
48365,1,4.42682
48366,1,4.42673
48367,1,4.42663
48368,1,4.42654
48369,1,4.42645
48370,1,4.42636
48371,1,4.42627
48372,1,4.42618
48373,1,4.42608
48374,1,4.42599
48375,1,4.4259
48376,1,4.42581
48377,1,4.42572
48378,1,4.42563
48379,1,4.42554
48380,1,4.42544
48381,1,4.42535
48382,1,4.42526
48383,1,4.42517
48384,1,4.42508
48385,1,4.42499
48386,1,4.4249
48387,1,4.4248
48388,1,4.42471
48389,1,4.42462
48390,1,4.42453
48391,1,4.42444
48392,1,4.42435
48393,1,4.42426
48394,1,4.42416
48395,1,4.42407
48396,1,4.42398
48397,1,4.42389
48398,1,4.4238
48399,1,4.42371
48400,1,4.42362
48401,1,4.42352
48402,1,4.42343
48403,1,4.42334
48404,1,4.42325
48405,1,4.42316
48406,1,4.42307
48407,1,4.42298
48408,1,4.42288
48409,1,4.42279
48410,1,4.4227
48411,1,4.42261
48412,1,4.42252
48413,1,4.42243
48414,1,4.42234
48415,1,4.42225
48416,1,4.42215
48417,1,4.42206
48418,1,4.42197
48419,1,4.42188
48420,1,4.42179
48421,1,4.4217
48422,1,4.42161
48423,1,4.42151
48424,1,4.42142
48425,1,4.42133
48426,1,4.42124
48427,1,4.42115
48428,1,4.42106
48429,1,4.42097
48430,1,4.42088
48431,1,4.42078
48432,1,4.42069
48433,1,4.4206
48434,1,4.42051
48435,1,4.42042
48436,1,4.42033
48437,1,4.42024
48438,1,4.42015
48439,1,4.42005
48440,1,4.41996
48441,1,4.41987
48442,1,4.41978
48443,1,4.41969
48444,1,4.4196
48445,1,4.41951
48446,1,4.41942
48447,1,4.41932
48448,1,4.41923
48449,1,4.41914
48450,1,4.41905
48451,1,4.41896
48452,1,4.41887
48453,1,4.41878
48454,1,4.41869
48455,1,4.41859
48456,1,4.4185
48457,1,4.41841
48458,1,4.41832
48459,1,4.41823
48460,1,4.41814
48461,1,4.41805
48462,1,4.41796
48463,1,4.41787
48464,1,4.41777
48465,1,4.41768
48466,1,4.41759
48467,1,4.4175
48468,1,4.41741
48469,1,4.41732
48470,1,4.41723
48471,1,4.41714
48472,1,4.41704
48473,1,4.41695
48474,1,4.41686
48475,1,4.41677
48476,1,4.41668
48477,1,4.41659
48478,1,4.4165
48479,1,4.41641
48480,1,4.41632
48481,1,4.41622
48482,1,4.41613
48483,1,4.41604
48484,1,4.41595
48485,1,4.41586
48486,1,4.41577
48487,1,4.41568
48488,1,4.41559
48489,1,4.4155
48490,1,4.41541
48491,1,4.41531
48492,1,4.41522
48493,1,4.41513
48494,1,4.41504
48495,1,4.41495
48496,1,4.41486
48497,1,4.41477
48498,1,4.41468
48499,1,4.41459
48500,1,4.41449
48501,1,4.4144
48502,1,4.41431
48503,1,4.41422
48504,1,4.41413
48505,1,4.41404
48506,1,4.41395
48507,1,4.41386
48508,1,4.41377
48509,1,4.41368
48510,1,4.41358
48511,1,4.41349
48512,1,4.4134
48513,1,4.41331
48514,1,4.41322
48515,1,4.41313
48516,1,4.41304
48517,1,4.41295
48518,1,4.41286
48519,1,4.41277
48520,1,4.41268
48521,1,4.41258
48522,1,4.41249
48523,1,4.4124
48524,1,4.41231
48525,1,4.41222
48526,1,4.41213
48527,1,4.41204
48528,1,4.41195
48529,1,4.41186
48530,1,4.41177
48531,1,4.41168
48532,1,4.41158
48533,1,4.41149
48534,1,4.4114
48535,1,4.41131
48536,1,4.41122
48537,1,4.41113
48538,1,4.41104
48539,1,4.41095
48540,1,4.41086
48541,1,4.41077
48542,1,4.41068
48543,1,4.41058
48544,1,4.41049
48545,1,4.4104
48546,1,4.41031
48547,1,4.41022
48548,1,4.41013
48549,1,4.41004
48550,1,4.40995
48551,1,4.40986
48552,1,4.40977
48553,1,4.40968
48554,1,4.40959
48555,1,4.40949
48556,1,4.4094
48557,1,4.40931
48558,1,4.40922
48559,1,4.40913
48560,1,4.40904
48561,1,4.40895
48562,1,4.40886
48563,1,4.40877
48564,1,4.40868
48565,1,4.40859
48566,1,4.4085
48567,1,4.4084
48568,1,4.40831
48569,1,4.40822
48570,1,4.40813
48571,1,4.40804
48572,1,4.40795
48573,1,4.40786
48574,1,4.40777
48575,1,4.40768
48576,1,4.40759
48577,1,4.4075
48578,1,4.40741
48579,1,4.40732
48580,1,4.40723
48581,1,4.40713
48582,1,4.40704
48583,1,4.40695
48584,1,4.40686
48585,1,4.40677
48586,1,4.40668
48587,1,4.40659
48588,1,4.4065
48589,1,4.40641
48590,1,4.40632
48591,1,4.40623
48592,1,4.40614
48593,1,4.40605
48594,1,4.40596
48595,1,4.40586
48596,1,4.40577
48597,1,4.40568
48598,1,4.40559
48599,1,4.4055
48600,1,4.40541
48601,1,4.40532
48602,1,4.40523
48603,1,4.40514
48604,1,4.40505
48605,1,4.40496
48606,1,4.40487
48607,1,4.40478
48608,1,4.40469
48609,1,4.4046
48610,1,4.40451
48611,1,4.40441
48612,1,4.40432
48613,1,4.40423
48614,1,4.40414
48615,1,4.40405
48616,1,4.40396
48617,1,4.40387
48618,1,4.40378
48619,1,4.40369
48620,1,4.4036
48621,1,4.40351
48622,1,4.40342
48623,1,4.40333
48624,1,4.40324
48625,1,4.40315
48626,1,4.40306
48627,1,4.40297
48628,1,4.40287
48629,1,4.40278
48630,1,4.40269
48631,1,4.4026
48632,1,4.40251
48633,1,4.40242
48634,1,4.40233
48635,1,4.40224
48636,1,4.40215
48637,1,4.40206
48638,1,4.40197
48639,1,4.40188
48640,1,4.40179
48641,1,4.4017
48642,1,4.40161
48643,1,4.40152
48644,1,4.40143
48645,1,4.40134
48646,1,4.40125
48647,1,4.40116
48648,1,4.40106
48649,1,4.40097
48650,1,4.40088
48651,1,4.40079
48652,1,4.4007
48653,1,4.40061
48654,1,4.40052
48655,1,4.40043
48656,1,4.40034
48657,1,4.40025
48658,1,4.40016
48659,1,4.40007
48660,1,4.39998
48661,1,4.39989
48662,1,4.3998
48663,1,4.39971
48664,1,4.39962
48665,1,4.39953
48666,1,4.39944
48667,1,4.39935
48668,1,4.39926
48669,1,4.39917
48670,1,4.39908
48671,1,4.39899
48672,1,4.39889
48673,1,4.3988
48674,1,4.39871
48675,1,4.39862
48676,1,4.39853
48677,1,4.39844
48678,1,4.39835
48679,1,4.39826
48680,1,4.39817
48681,1,4.39808
48682,1,4.39799
48683,1,4.3979
48684,1,4.39781
48685,1,4.39772
48686,1,4.39763
48687,1,4.39754
48688,1,4.39745
48689,1,4.39736
48690,1,4.39727
48691,1,4.39718
48692,1,4.39709
48693,1,4.397
48694,1,4.39691
48695,1,4.39682
48696,1,4.39673
48697,1,4.39664
48698,1,4.39655
48699,1,4.39646
48700,1,4.39637
48701,1,4.39628
48702,1,4.39618
48703,1,4.39609
48704,1,4.396
48705,1,4.39591
48706,1,4.39582
48707,1,4.39573
48708,1,4.39564
48709,1,4.39555
48710,1,4.39546
48711,1,4.39537
48712,1,4.39528
48713,1,4.39519
48714,1,4.3951
48715,1,4.39501
48716,1,4.39492
48717,1,4.39483
48718,1,4.39474
48719,1,4.39465
48720,1,4.39456
48721,1,4.39447
48722,1,4.39438
48723,1,4.39429
48724,1,4.3942
48725,1,4.39411
48726,1,4.39402
48727,1,4.39393
48728,1,4.39384
48729,1,4.39375
48730,1,4.39366
48731,1,4.39357
48732,1,4.39348
48733,1,4.39339
48734,1,4.3933
48735,1,4.39321
48736,1,4.39312
48737,1,4.39303
48738,1,4.39294
48739,1,4.39285
48740,1,4.39276
48741,1,4.39267
48742,1,4.39258
48743,1,4.39249
48744,1,4.3924
48745,1,4.39231
48746,1,4.39222
48747,1,4.39213
48748,1,4.39204
48749,1,4.39195
48750,1,4.39186
48751,1,4.39177
48752,1,4.39168
48753,1,4.39159
48754,1,4.3915
48755,1,4.39141
48756,1,4.39132
48757,1,4.39123
48758,1,4.39114
48759,1,4.39105
48760,1,4.39096
48761,1,4.39087
48762,1,4.39078
48763,1,4.39069
48764,1,4.3906
48765,1,4.39051
48766,1,4.39042
48767,1,4.39033
48768,1,4.39024
48769,1,4.39015
48770,1,4.39006
48771,1,4.38997
48772,1,4.38988
48773,1,4.38979
48774,1,4.3897
48775,1,4.38961
48776,1,4.38952
48777,1,4.38943
48778,1,4.38934
48779,1,4.38925
48780,1,4.38916
48781,1,4.38907
48782,1,4.38898
48783,1,4.38889
48784,1,4.3888
48785,1,4.38871
48786,1,4.38862
48787,1,4.38853
48788,1,4.38844
48789,1,4.38835
48790,1,4.38826
48791,1,4.38817
48792,1,4.38808
48793,1,4.38799
48794,1,4.3879
48795,1,4.38781
48796,1,4.38772
48797,1,4.38763
48798,1,4.38754
48799,1,4.38745
48800,1,4.38736
48801,1,4.38727
48802,1,4.38718
48803,1,4.38709
48804,1,4.387
48805,1,4.38691
48806,1,4.38682
48807,1,4.38673
48808,1,4.38664
48809,1,4.38655
48810,1,4.38646
48811,1,4.38637
48812,1,4.38628
48813,1,4.38619
48814,1,4.3861
48815,1,4.38601
48816,1,4.38592
48817,1,4.38583
48818,1,4.38574
48819,1,4.38565
48820,1,4.38556
48821,1,4.38547
48822,1,4.38538
48823,1,4.38529
48824,1,4.3852
48825,1,4.38511
48826,1,4.38502
48827,1,4.38493
48828,1,4.38484
48829,1,4.38475
48830,1,4.38466
48831,1,4.38457
48832,1,4.38448
48833,1,4.38439
48834,1,4.3843
48835,1,4.38421
48836,1,4.38412
48837,1,4.38403
48838,1,4.38394
48839,1,4.38385
48840,1,4.38376
48841,1,4.38367
48842,1,4.38358
48843,1,4.38349
48844,1,4.3834
48845,1,4.38331
48846,1,4.38322
48847,1,4.38314
48848,1,4.38305
48849,1,4.38296
48850,1,4.38287
48851,1,4.38278
48852,1,4.38269
48853,1,4.3826
48854,1,4.38251
48855,1,4.38242
48856,1,4.38233
48857,1,4.38224
48858,1,4.38215
48859,1,4.38206
48860,1,4.38197
48861,1,4.38188
48862,1,4.38179
48863,1,4.3817
48864,1,4.38161
48865,1,4.38152
48866,1,4.38143
48867,1,4.38134
48868,1,4.38125
48869,1,4.38116
48870,1,4.38107
48871,1,4.38098
48872,1,4.38089
48873,1,4.3808
48874,1,4.38071
48875,1,4.38062
48876,1,4.38053
48877,1,4.38044
48878,1,4.38036
48879,1,4.38027
48880,1,4.38018
48881,1,4.38009
48882,1,4.38
48883,1,4.37991
48884,1,4.37982
48885,1,4.37973
48886,1,4.37964
48887,1,4.37955
48888,1,4.37946
48889,1,4.37937
48890,1,4.37928
48891,1,4.37919
48892,1,4.3791
48893,1,4.37901
48894,1,4.37892
48895,1,4.37883
48896,1,4.37874
48897,1,4.37865
48898,1,4.37856
48899,1,4.37847
48900,1,4.37838
48901,1,4.37829
48902,1,4.37821
48903,1,4.37812
48904,1,4.37803
48905,1,4.37794
48906,1,4.37785
48907,1,4.37776
48908,1,4.37767
48909,1,4.37758
48910,1,4.37749
48911,1,4.3774
48912,1,4.37731
48913,1,4.37722
48914,1,4.37713
48915,1,4.37704
48916,1,4.37695
48917,1,4.37686
48918,1,4.37677
48919,1,4.37668
48920,1,4.37659
48921,1,4.3765
48922,1,4.37642
48923,1,4.37633
48924,1,4.37624
48925,1,4.37615
48926,1,4.37606
48927,1,4.37597
48928,1,4.37588
48929,1,4.37579
48930,1,4.3757
48931,1,4.37561
48932,1,4.37552
48933,1,4.37543
48934,1,4.37534
48935,1,4.37525
48936,1,4.37516
48937,1,4.37507
48938,1,4.37498
48939,1,4.3749
48940,1,4.37481
48941,1,4.37472
48942,1,4.37463
48943,1,4.37454
48944,1,4.37445
48945,1,4.37436
48946,1,4.37427
48947,1,4.37418
48948,1,4.37409
48949,1,4.374
48950,1,4.37391
48951,1,4.37382
48952,1,4.37373
48953,1,4.37364
48954,1,4.37355
48955,1,4.37347
48956,1,4.37338
48957,1,4.37329
48958,1,4.3732
48959,1,4.37311
48960,1,4.37302
48961,1,4.37293
48962,1,4.37284
48963,1,4.37275
48964,1,4.37266
48965,1,4.37257
48966,1,4.37248
48967,1,4.37239
48968,1,4.3723
48969,1,4.37222
48970,1,4.37213
48971,1,4.37204
48972,1,4.37195
48973,1,4.37186
48974,1,4.37177
48975,1,4.37168
48976,1,4.37159
48977,1,4.3715
48978,1,4.37141
48979,1,4.37132
48980,1,4.37123
48981,1,4.37114
48982,1,4.37105
48983,1,4.37097
48984,1,4.37088
48985,1,4.37079
48986,1,4.3707
48987,1,4.37061
48988,1,4.37052
48989,1,4.37043
48990,1,4.37034
48991,1,4.37025
48992,1,4.37016
48993,1,4.37007
48994,1,4.36998
48995,1,4.36989
48996,1,4.36981
48997,1,4.36972
48998,1,4.36963
48999,1,4.36954
49000,1,4.36945
49001,1,4.36936
49002,1,4.36927
49003,1,4.36918
49004,1,4.36909
49005,1,4.369
49006,1,4.36891
49007,1,4.36882
49008,1,4.36874
49009,1,4.36865
49010,1,4.36856
49011,1,4.36847
49012,1,4.36838
49013,1,4.36829
49014,1,4.3682
49015,1,4.36811
49016,1,4.36802
49017,1,4.36793
49018,1,4.36784
49019,1,4.36776
49020,1,4.36767
49021,1,4.36758
49022,1,4.36749
49023,1,4.3674
49024,1,4.36731
49025,1,4.36722
49026,1,4.36713
49027,1,4.36704
49028,1,4.36695
49029,1,4.36686
49030,1,4.36678
49031,1,4.36669
49032,1,4.3666
49033,1,4.36651
49034,1,4.36642
49035,1,4.36633
49036,1,4.36624
49037,1,4.36615
49038,1,4.36606
49039,1,4.36597
49040,1,4.36588
49041,1,4.3658
49042,1,4.36571
49043,1,4.36562
49044,1,4.36553
49045,1,4.36544
49046,1,4.36535
49047,1,4.36526
49048,1,4.36517
49049,1,4.36508
49050,1,4.36499
49051,1,4.36491
49052,1,4.36482
49053,1,4.36473
49054,1,4.36464
49055,1,4.36455
49056,1,4.36446
49057,1,4.36437
49058,1,4.36428
49059,1,4.36419
49060,1,4.36411
49061,1,4.36402
49062,1,4.36393
49063,1,4.36384
49064,1,4.36375
49065,1,4.36366
49066,1,4.36357
49067,1,4.36348
49068,1,4.36339
49069,1,4.3633
49070,1,4.36322
49071,1,4.36313
49072,1,4.36304
49073,1,4.36295
49074,1,4.36286
49075,1,4.36277
49076,1,4.36268
49077,1,4.36259
49078,1,4.3625
49079,1,4.36242
49080,1,4.36233
49081,1,4.36224
49082,1,4.36215
49083,1,4.36206
49084,1,4.36197
49085,1,4.36188
49086,1,4.36179
49087,1,4.3617
49088,1,4.36162
49089,1,4.36153
49090,1,4.36144
49091,1,4.36135
49092,1,4.36126
49093,1,4.36117
49094,1,4.36108
49095,1,4.36099
49096,1,4.36091
49097,1,4.36082
49098,1,4.36073
49099,1,4.36064
49100,1,4.36055
49101,1,4.36046
49102,1,4.36037
49103,1,4.36028
49104,1,4.36019
49105,1,4.36011
49106,1,4.36002
49107,1,4.35993
49108,1,4.35984
49109,1,4.35975
49110,1,4.35966
49111,1,4.35957
49112,1,4.35948
49113,1,4.3594
49114,1,4.35931
49115,1,4.35922
49116,1,4.35913
49117,1,4.35904
49118,1,4.35895
49119,1,4.35886
49120,1,4.35877
49121,1,4.35869
49122,1,4.3586
49123,1,4.35851
49124,1,4.35842
49125,1,4.35833
49126,1,4.35824
49127,1,4.35815
49128,1,4.35806
49129,1,4.35798
49130,1,4.35789
49131,1,4.3578
49132,1,4.35771
49133,1,4.35762
49134,1,4.35753
49135,1,4.35744
49136,1,4.35736
49137,1,4.35727
49138,1,4.35718
49139,1,4.35709
49140,1,4.357
49141,1,4.35691
49142,1,4.35682
49143,1,4.35673
49144,1,4.35665
49145,1,4.35656
49146,1,4.35647
49147,1,4.35638
49148,1,4.35629
49149,1,4.3562
49150,1,4.35611
49151,1,4.35603
49152,1,4.35594
49153,1,4.35585
49154,1,4.35576
49155,1,4.35567
49156,1,4.35558
49157,1,4.35549
49158,1,4.35541
49159,1,4.35532
49160,1,4.35523
49161,1,4.35514
49162,1,4.35505
49163,1,4.35496
49164,1,4.35487
49165,1,4.35478
49166,1,4.3547
49167,1,4.35461
49168,1,4.35452
49169,1,4.35443
49170,1,4.35434
49171,1,4.35425
49172,1,4.35416
49173,1,4.35408
49174,1,4.35399
49175,1,4.3539
49176,1,4.35381
49177,1,4.35372
49178,1,4.35363
49179,1,4.35355
49180,1,4.35346
49181,1,4.35337
49182,1,4.35328
49183,1,4.35319
49184,1,4.3531
49185,1,4.35301
49186,1,4.35293
49187,1,4.35284
49188,1,4.35275
49189,1,4.35266
49190,1,4.35257
49191,1,4.35248
49192,1,4.35239
49193,1,4.35231
49194,1,4.35222
49195,1,4.35213
49196,1,4.35204
49197,1,4.35195
49198,1,4.35186
49199,1,4.35178
49200,1,4.35169
49201,1,4.3516
49202,1,4.35151
49203,1,4.35142
49204,1,4.35133
49205,1,4.35124
49206,1,4.35116
49207,1,4.35107
49208,1,4.35098
49209,1,4.35089
49210,1,4.3508
49211,1,4.35071
49212,1,4.35063
49213,1,4.35054
49214,1,4.35045
49215,1,4.35036
49216,1,4.35027
49217,1,4.35018
49218,1,4.3501
49219,1,4.35001
49220,1,4.34992
49221,1,4.34983
49222,1,4.34974
49223,1,4.34965
49224,1,4.34957
49225,1,4.34948
49226,1,4.34939
49227,1,4.3493
49228,1,4.34921
49229,1,4.34912
49230,1,4.34904
49231,1,4.34895
49232,1,4.34886
49233,1,4.34877
49234,1,4.34868
49235,1,4.34859
49236,1,4.34851
49237,1,4.34842
49238,1,4.34833
49239,1,4.34824
49240,1,4.34815
49241,1,4.34806
49242,1,4.34798
49243,1,4.34789
49244,1,4.3478
49245,1,4.34771
49246,1,4.34762
49247,1,4.34753
49248,1,4.34745
49249,1,4.34736
49250,1,4.34727
49251,1,4.34718
49252,1,4.34709
49253,1,4.347
49254,1,4.34692
49255,1,4.34683
49256,1,4.34674
49257,1,4.34665
49258,1,4.34656
49259,1,4.34647
49260,1,4.34639
49261,1,4.3463
49262,1,4.34621
49263,1,4.34612
49264,1,4.34603
49265,1,4.34595
49266,1,4.34586
49267,1,4.34577
49268,1,4.34568
49269,1,4.34559
49270,1,4.3455
49271,1,4.34542
49272,1,4.34533
49273,1,4.34524
49274,1,4.34515
49275,1,4.34506
49276,1,4.34498
49277,1,4.34489
49278,1,4.3448
49279,1,4.34471
49280,1,4.34462
49281,1,4.34453
49282,1,4.34445
49283,1,4.34436
49284,1,4.34427
49285,1,4.34418
49286,1,4.34409
49287,1,4.34401
49288,1,4.34392
49289,1,4.34383
49290,1,4.34374
49291,1,4.34365
49292,1,4.34356
49293,1,4.34348
49294,1,4.34339
49295,1,4.3433
49296,1,4.34321
49297,1,4.34312
49298,1,4.34304
49299,1,4.34295
49300,1,4.34286
49301,1,4.34277
49302,1,4.34268
49303,1,4.3426
49304,1,4.34251
49305,1,4.34242
49306,1,4.34233
49307,1,4.34224
49308,1,4.34216
49309,1,4.34207
49310,1,4.34198
49311,1,4.34189
49312,1,4.3418
49313,1,4.34172
49314,1,4.34163
49315,1,4.34154
49316,1,4.34145
49317,1,4.34136
49318,1,4.34127
49319,1,4.34119
49320,1,4.3411
49321,1,4.34101
49322,1,4.34092
49323,1,4.34083
49324,1,4.34075
49325,1,4.34066
49326,1,4.34057
49327,1,4.34048
49328,1,4.34039
49329,1,4.34031
49330,1,4.34022
49331,1,4.34013
49332,1,4.34004
49333,1,4.33995
49334,1,4.33987
49335,1,4.33978
49336,1,4.33969
49337,1,4.3396
49338,1,4.33952
49339,1,4.33943
49340,1,4.33934
49341,1,4.33925
49342,1,4.33916
49343,1,4.33908
49344,1,4.33899
49345,1,4.3389
49346,1,4.33881
49347,1,4.33872
49348,1,4.33864
49349,1,4.33855
49350,1,4.33846
49351,1,4.33837
49352,1,4.33828
49353,1,4.3382
49354,1,4.33811
49355,1,4.33802
49356,1,4.33793
49357,1,4.33784
49358,1,4.33776
49359,1,4.33767
49360,1,4.33758
49361,1,4.33749
49362,1,4.33741
49363,1,4.33732
49364,1,4.33723
49365,1,4.33714
49366,1,4.33705
49367,1,4.33697
49368,1,4.33688
49369,1,4.33679
49370,1,4.3367
49371,1,4.33661
49372,1,4.33653
49373,1,4.33644
49374,1,4.33635
49375,1,4.33626
49376,1,4.33618
49377,1,4.33609
49378,1,4.336
49379,1,4.33591
49380,1,4.33582
49381,1,4.33574
49382,1,4.33565
49383,1,4.33556
49384,1,4.33547
49385,1,4.33539
49386,1,4.3353
49387,1,4.33521
49388,1,4.33512
49389,1,4.33503
49390,1,4.33495
49391,1,4.33486
49392,1,4.33477
49393,1,4.33468
49394,1,4.3346
49395,1,4.33451
49396,1,4.33442
49397,1,4.33433
49398,1,4.33424
49399,1,4.33416
49400,1,4.33407
49401,1,4.33398
49402,1,4.33389
49403,1,4.33381
49404,1,4.33372
49405,1,4.33363
49406,1,4.33354
49407,1,4.33345
49408,1,4.33337
49409,1,4.33328
49410,1,4.33319
49411,1,4.3331
49412,1,4.33302
49413,1,4.33293
49414,1,4.33284
49415,1,4.33275
49416,1,4.33267
49417,1,4.33258
49418,1,4.33249
49419,1,4.3324
49420,1,4.33231
49421,1,4.33223
49422,1,4.33214
49423,1,4.33205
49424,1,4.33196
49425,1,4.33188
49426,1,4.33179
49427,1,4.3317
49428,1,4.33161
49429,1,4.33153
49430,1,4.33144
49431,1,4.33135
49432,1,4.33126
49433,1,4.33118
49434,1,4.33109
49435,1,4.331
49436,1,4.33091
49437,1,4.33083
49438,1,4.33074
49439,1,4.33065
49440,1,4.33056
49441,1,4.33047
49442,1,4.33039
49443,1,4.3303
49444,1,4.33021
49445,1,4.33012
49446,1,4.33004
49447,1,4.32995
49448,1,4.32986
49449,1,4.32977
49450,1,4.32969
49451,1,4.3296
49452,1,4.32951
49453,1,4.32942
49454,1,4.32934
49455,1,4.32925
49456,1,4.32916
49457,1,4.32907
49458,1,4.32899
49459,1,4.3289
49460,1,4.32881
49461,1,4.32872
49462,1,4.32864
49463,1,4.32855
49464,1,4.32846
49465,1,4.32837
49466,1,4.32829
49467,1,4.3282
49468,1,4.32811
49469,1,4.32802
49470,1,4.32794
49471,1,4.32785
49472,1,4.32776
49473,1,4.32767
49474,1,4.32759
49475,1,4.3275
49476,1,4.32741
49477,1,4.32732
49478,1,4.32724
49479,1,4.32715
49480,1,4.32706
49481,1,4.32697
49482,1,4.32689
49483,1,4.3268
49484,1,4.32671
49485,1,4.32662
49486,1,4.32654
49487,1,4.32645
49488,1,4.32636
49489,1,4.32627
49490,1,4.32619
49491,1,4.3261
49492,1,4.32601
49493,1,4.32592
49494,1,4.32584
49495,1,4.32575
49496,1,4.32566
49497,1,4.32558
49498,1,4.32549
49499,1,4.3254
49500,1,4.32531
49501,1,4.32523
49502,1,4.32514
49503,1,4.32505
49504,1,4.32496
49505,1,4.32488
49506,1,4.32479
49507,1,4.3247
49508,1,4.32461
49509,1,4.32453
49510,1,4.32444
49511,1,4.32435
49512,1,4.32426
49513,1,4.32418
49514,1,4.32409
49515,1,4.324
49516,1,4.32392
49517,1,4.32383
49518,1,4.32374
49519,1,4.32365
49520,1,4.32357
49521,1,4.32348
49522,1,4.32339
49523,1,4.3233
49524,1,4.32322
49525,1,4.32313
49526,1,4.32304
49527,1,4.32296
49528,1,4.32287
49529,1,4.32278
49530,1,4.32269
49531,1,4.32261
49532,1,4.32252
49533,1,4.32243
49534,1,4.32234
49535,1,4.32226
49536,1,4.32217
49537,1,4.32208
49538,1,4.322
49539,1,4.32191
49540,1,4.32182
49541,1,4.32173
49542,1,4.32165
49543,1,4.32156
49544,1,4.32147
49545,1,4.32138
49546,1,4.3213
49547,1,4.32121
49548,1,4.32112
49549,1,4.32104
49550,1,4.32095
49551,1,4.32086
49552,1,4.32077
49553,1,4.32069
49554,1,4.3206
49555,1,4.32051
49556,1,4.32043
49557,1,4.32034
49558,1,4.32025
49559,1,4.32016
49560,1,4.32008
49561,1,4.31999
49562,1,4.3199
49563,1,4.31982
49564,1,4.31973
49565,1,4.31964
49566,1,4.31955
49567,1,4.31947
49568,1,4.31938
49569,1,4.31929
49570,1,4.31921
49571,1,4.31912
49572,1,4.31903
49573,1,4.31894
49574,1,4.31886
49575,1,4.31877
49576,1,4.31868
49577,1,4.3186
49578,1,4.31851
49579,1,4.31842
49580,1,4.31833
49581,1,4.31825
49582,1,4.31816
49583,1,4.31807
49584,1,4.31799
49585,1,4.3179
49586,1,4.31781
49587,1,4.31772
49588,1,4.31764
49589,1,4.31755
49590,1,4.31746
49591,1,4.31738
49592,1,4.31729
49593,1,4.3172
49594,1,4.31711
49595,1,4.31703
49596,1,4.31694
49597,1,4.31685
49598,1,4.31677
49599,1,4.31668
49600,1,4.31659
49601,1,4.31651
49602,1,4.31642
49603,1,4.31633
49604,1,4.31624
49605,1,4.31616
49606,1,4.31607
49607,1,4.31598
49608,1,4.3159
49609,1,4.31581
49610,1,4.31572
49611,1,4.31564
49612,1,4.31555
49613,1,4.31546
49614,1,4.31537
49615,1,4.31529
49616,1,4.3152
49617,1,4.31511
49618,1,4.31503
49619,1,4.31494
49620,1,4.31485
49621,1,4.31477
49622,1,4.31468
49623,1,4.31459
49624,1,4.31451
49625,1,4.31442
49626,1,4.31433
49627,1,4.31424
49628,1,4.31416
49629,1,4.31407
49630,1,4.31398
49631,1,4.3139
49632,1,4.31381
49633,1,4.31372
49634,1,4.31364
49635,1,4.31355
49636,1,4.31346
49637,1,4.31338
49638,1,4.31329
49639,1,4.3132
49640,1,4.31311
49641,1,4.31303
49642,1,4.31294
49643,1,4.31285
49644,1,4.31277
49645,1,4.31268
49646,1,4.31259
49647,1,4.31251
49648,1,4.31242
49649,1,4.31233
49650,1,4.31225
49651,1,4.31216
49652,1,4.31207
49653,1,4.31199
49654,1,4.3119
49655,1,4.31181
49656,1,4.31172
49657,1,4.31164
49658,1,4.31155
49659,1,4.31146
49660,1,4.31138
49661,1,4.31129
49662,1,4.3112
49663,1,4.31112
49664,1,4.31103
49665,1,4.31094
49666,1,4.31086
49667,1,4.31077
49668,1,4.31068
49669,1,4.3106
49670,1,4.31051
49671,1,4.31042
49672,1,4.31034
49673,1,4.31025
49674,1,4.31016
49675,1,4.31008
49676,1,4.30999
49677,1,4.3099
49678,1,4.30982
49679,1,4.30973
49680,1,4.30964
49681,1,4.30955
49682,1,4.30947
49683,1,4.30938
49684,1,4.30929
49685,1,4.30921
49686,1,4.30912
49687,1,4.30903
49688,1,4.30895
49689,1,4.30886
49690,1,4.30877
49691,1,4.30869
49692,1,4.3086
49693,1,4.30851
49694,1,4.30843
49695,1,4.30834
49696,1,4.30825
49697,1,4.30817
49698,1,4.30808
49699,1,4.30799
49700,1,4.30791
49701,1,4.30782
49702,1,4.30773
49703,1,4.30765
49704,1,4.30756
49705,1,4.30747
49706,1,4.30739
49707,1,4.3073
49708,1,4.30721
49709,1,4.30713
49710,1,4.30704
49711,1,4.30695
49712,1,4.30687
49713,1,4.30678
49714,1,4.30669
49715,1,4.30661
49716,1,4.30652
49717,1,4.30643
49718,1,4.30635
49719,1,4.30626
49720,1,4.30617
49721,1,4.30609
49722,1,4.306
49723,1,4.30591
49724,1,4.30583
49725,1,4.30574
49726,1,4.30565
49727,1,4.30557
49728,1,4.30548
49729,1,4.3054
49730,1,4.30531
49731,1,4.30522
49732,1,4.30514
49733,1,4.30505
49734,1,4.30496
49735,1,4.30488
49736,1,4.30479
49737,1,4.3047
49738,1,4.30462
49739,1,4.30453
49740,1,4.30444
49741,1,4.30436
49742,1,4.30427
49743,1,4.30418
49744,1,4.3041
49745,1,4.30401
49746,1,4.30392
49747,1,4.30384
49748,1,4.30375
49749,1,4.30366
49750,1,4.30358
49751,1,4.30349
49752,1,4.3034
49753,1,4.30332
49754,1,4.30323
49755,1,4.30315
49756,1,4.30306
49757,1,4.30297
49758,1,4.30289
49759,1,4.3028
49760,1,4.30271
49761,1,4.30263
49762,1,4.30254
49763,1,4.30245
49764,1,4.30237
49765,1,4.30228
49766,1,4.30219
49767,1,4.30211
49768,1,4.30202
49769,1,4.30193
49770,1,4.30185
49771,1,4.30176
49772,1,4.30168
49773,1,4.30159
49774,1,4.3015
49775,1,4.30142
49776,1,4.30133
49777,1,4.30124
49778,1,4.30116
49779,1,4.30107
49780,1,4.30098
49781,1,4.3009
49782,1,4.30081
49783,1,4.30073
49784,1,4.30064
49785,1,4.30055
49786,1,4.30047
49787,1,4.30038
49788,1,4.30029
49789,1,4.30021
49790,1,4.30012
49791,1,4.30003
49792,1,4.29995
49793,1,4.29986
49794,1,4.29978
49795,1,4.29969
49796,1,4.2996
49797,1,4.29952
49798,1,4.29943
49799,1,4.29934
49800,1,4.29926
49801,1,4.29917
49802,1,4.29908
49803,1,4.299
49804,1,4.29891
49805,1,4.29883
49806,1,4.29874
49807,1,4.29865
49808,1,4.29857
49809,1,4.29848
49810,1,4.29839
49811,1,4.29831
49812,1,4.29822
49813,1,4.29814
49814,1,4.29805
49815,1,4.29796
49816,1,4.29788
49817,1,4.29779
49818,1,4.2977
49819,1,4.29762
49820,1,4.29753
49821,1,4.29744
49822,1,4.29736
49823,1,4.29727
49824,1,4.29719
49825,1,4.2971
49826,1,4.29701
49827,1,4.29693
49828,1,4.29684
49829,1,4.29675
49830,1,4.29667
49831,1,4.29658
49832,1,4.2965
49833,1,4.29641
49834,1,4.29632
49835,1,4.29624
49836,1,4.29615
49837,1,4.29607
49838,1,4.29598
49839,1,4.29589
49840,1,4.29581
49841,1,4.29572
49842,1,4.29563
49843,1,4.29555
49844,1,4.29546
49845,1,4.29538
49846,1,4.29529
49847,1,4.2952
49848,1,4.29512
49849,1,4.29503
49850,1,4.29494
49851,1,4.29486
49852,1,4.29477
49853,1,4.29469
49854,1,4.2946
49855,1,4.29451
49856,1,4.29443
49857,1,4.29434
49858,1,4.29426
49859,1,4.29417
49860,1,4.29408
49861,1,4.294
49862,1,4.29391
49863,1,4.29383
49864,1,4.29374
49865,1,4.29365
49866,1,4.29357
49867,1,4.29348
49868,1,4.29339
49869,1,4.29331
49870,1,4.29322
49871,1,4.29314
49872,1,4.29305
49873,1,4.29296
49874,1,4.29288
49875,1,4.29279
49876,1,4.29271
49877,1,4.29262
49878,1,4.29253
49879,1,4.29245
49880,1,4.29236
49881,1,4.29228
49882,1,4.29219
49883,1,4.2921
49884,1,4.29202
49885,1,4.29193
49886,1,4.29185
49887,1,4.29176
49888,1,4.29167
49889,1,4.29159
49890,1,4.2915
49891,1,4.29142
49892,1,4.29133
49893,1,4.29124
49894,1,4.29116
49895,1,4.29107
49896,1,4.29099
49897,1,4.2909
49898,1,4.29081
49899,1,4.29073
49900,1,4.29064
49901,1,4.29056
49902,1,4.29047
49903,1,4.29038
49904,1,4.2903
49905,1,4.29021
49906,1,4.29013
49907,1,4.29004
49908,1,4.28995
49909,1,4.28987
49910,1,4.28978
49911,1,4.2897
49912,1,4.28961
49913,1,4.28952
49914,1,4.28944
49915,1,4.28935
49916,1,4.28927
49917,1,4.28918
49918,1,4.28909
49919,1,4.28901
49920,1,4.28892
49921,1,4.28884
49922,1,4.28875
49923,1,4.28866
49924,1,4.28858
49925,1,4.28849
49926,1,4.28841
49927,1,4.28832
49928,1,4.28824
49929,1,4.28815
49930,1,4.28806
49931,1,4.28798
49932,1,4.28789
49933,1,4.28781
49934,1,4.28772
49935,1,4.28763
49936,1,4.28755
49937,1,4.28746
49938,1,4.28738
49939,1,4.28729
49940,1,4.2872
49941,1,4.28712
49942,1,4.28703
49943,1,4.28695
49944,1,4.28686
49945,1,4.28678
49946,1,4.28669
49947,1,4.2866
49948,1,4.28652
49949,1,4.28643
49950,1,4.28635
49951,1,4.28626
49952,1,4.28617
49953,1,4.28609
49954,1,4.286
49955,1,4.28592
49956,1,4.28583
49957,1,4.28575
49958,1,4.28566
49959,1,4.28557
49960,1,4.28549
49961,1,4.2854
49962,1,4.28532
49963,1,4.28523
49964,1,4.28515
49965,1,4.28506
49966,1,4.28497
49967,1,4.28489
49968,1,4.2848
49969,1,4.28472
49970,1,4.28463
49971,1,4.28455
49972,1,4.28446
49973,1,4.28437
49974,1,4.28429
49975,1,4.2842
49976,1,4.28412
49977,1,4.28403
49978,1,4.28394
49979,1,4.28386
49980,1,4.28377
49981,1,4.28369
49982,1,4.2836
49983,1,4.28352
49984,1,4.28343
49985,1,4.28335
49986,1,4.28326
49987,1,4.28317
49988,1,4.28309
49989,1,4.283
49990,1,4.28292
49991,1,4.28283
49992,1,4.28275
49993,1,4.28266
49994,1,4.28257
49995,1,4.28249
49996,1,4.2824
49997,1,4.28232
49998,1,4.28223
49999,1,4.28215
50000,1,4.28206
50001,1,4.28197
50002,1,4.28189
50003,1,4.2818
50004,1,4.28172
50005,1,4.28163
50006,1,4.28155
50007,1,4.28146
50008,1,4.28137
50009,1,4.28129
50010,1,4.2812
50011,1,4.28112
50012,1,4.28103
50013,1,4.28095
50014,1,4.28086
50015,1,4.28078
50016,1,4.28069
50017,1,4.2806
50018,1,4.28052
50019,1,4.28043
50020,1,4.28035
50021,1,4.28026
50022,1,4.28018
50023,1,4.28009
50024,1,4.28001
50025,1,4.27992
50026,1,4.27983
50027,1,4.27975
50028,1,4.27966
50029,1,4.27958
50030,1,4.27949
50031,1,4.27941
50032,1,4.27932
50033,1,4.27924
50034,1,4.27915
50035,1,4.27906
50036,1,4.27898
50037,1,4.27889
50038,1,4.27881
50039,1,4.27872
50040,1,4.27864
50041,1,4.27855
50042,1,4.27847
50043,1,4.27838
50044,1,4.2783
50045,1,4.27821
50046,1,4.27812
50047,1,4.27804
50048,1,4.27795
50049,1,4.27787
50050,1,4.27778
50051,1,4.2777
50052,1,4.27761
50053,1,4.27753
50054,1,4.27744
50055,1,4.27735
50056,1,4.27727
50057,1,4.27718
50058,1,4.2771
50059,1,4.27701
50060,1,4.27693
50061,1,4.27684
50062,1,4.27676
50063,1,4.27667
50064,1,4.27659
50065,1,4.2765
50066,1,4.27642
50067,1,4.27633
50068,1,4.27624
50069,1,4.27616
50070,1,4.27607
50071,1,4.27599
50072,1,4.2759
50073,1,4.27582
50074,1,4.27573
50075,1,4.27565
50076,1,4.27556
50077,1,4.27548
50078,1,4.27539
50079,1,4.27531
50080,1,4.27522
50081,1,4.27513
50082,1,4.27505
50083,1,4.27496
50084,1,4.27488
50085,1,4.27479
50086,1,4.27471
50087,1,4.27462
50088,1,4.27454
50089,1,4.27445
50090,1,4.27437
50091,1,4.27428
50092,1,4.2742
50093,1,4.27411
50094,1,4.27402
50095,1,4.27394
50096,1,4.27385
50097,1,4.27377
50098,1,4.27368
50099,1,4.2736
50100,1,4.27351
50101,1,4.27343
50102,1,4.27334
50103,1,4.27326
50104,1,4.27317
50105,1,4.27309
50106,1,4.273
50107,1,4.27292
50108,1,4.27283
50109,1,4.27275
50110,1,4.27266
50111,1,4.27257
50112,1,4.27249
50113,1,4.2724
50114,1,4.27232
50115,1,4.27223
50116,1,4.27215
50117,1,4.27206
50118,1,4.27198
50119,1,4.27189
50120,1,4.27181
50121,1,4.27172
50122,1,4.27164
50123,1,4.27155
50124,1,4.27147
50125,1,4.27138
50126,1,4.2713
50127,1,4.27121
50128,1,4.27113
50129,1,4.27104
50130,1,4.27096
50131,1,4.27087
50132,1,4.27079
50133,1,4.2707
50134,1,4.27061
50135,1,4.27053
50136,1,4.27044
50137,1,4.27036
50138,1,4.27027
50139,1,4.27019
50140,1,4.2701
50141,1,4.27002
50142,1,4.26993
50143,1,4.26985
50144,1,4.26976
50145,1,4.26968
50146,1,4.26959
50147,1,4.26951
50148,1,4.26942
50149,1,4.26934
50150,1,4.26925
50151,1,4.26917
50152,1,4.26908
50153,1,4.269
50154,1,4.26891
50155,1,4.26883
50156,1,4.26874
50157,1,4.26866
50158,1,4.26857
50159,1,4.26849
50160,1,4.2684
50161,1,4.26832
50162,1,4.26823
50163,1,4.26815
50164,1,4.26806
50165,1,4.26798
50166,1,4.26789
50167,1,4.26781
50168,1,4.26772
50169,1,4.26764
50170,1,4.26755
50171,1,4.26747
50172,1,4.26738
50173,1,4.2673
50174,1,4.26721
50175,1,4.26713
50176,1,4.26704
50177,1,4.26695
50178,1,4.26687
50179,1,4.26678
50180,1,4.2667
50181,1,4.26661
50182,1,4.26653
50183,1,4.26644
50184,1,4.26636
50185,1,4.26627
50186,1,4.26619
50187,1,4.2661
50188,1,4.26602
50189,1,4.26593
50190,1,4.26585
50191,1,4.26576
50192,1,4.26568
50193,1,4.26559
50194,1,4.26551
50195,1,4.26542
50196,1,4.26534
50197,1,4.26525
50198,1,4.26517
50199,1,4.26508
50200,1,4.265
50201,1,4.26492
50202,1,4.26483
50203,1,4.26475
50204,1,4.26466
50205,1,4.26458
50206,1,4.26449
50207,1,4.26441
50208,1,4.26432
50209,1,4.26424
50210,1,4.26415
50211,1,4.26407
50212,1,4.26398
50213,1,4.2639
50214,1,4.26381
50215,1,4.26373
50216,1,4.26364
50217,1,4.26356
50218,1,4.26347
50219,1,4.26339
50220,1,4.2633
50221,1,4.26322
50222,1,4.26313
50223,1,4.26305
50224,1,4.26296
50225,1,4.26288
50226,1,4.26279
50227,1,4.26271
50228,1,4.26262
50229,1,4.26254
50230,1,4.26245
50231,1,4.26237
50232,1,4.26228
50233,1,4.2622
50234,1,4.26211
50235,1,4.26203
50236,1,4.26194
50237,1,4.26186
50238,1,4.26177
50239,1,4.26169
50240,1,4.2616
50241,1,4.26152
50242,1,4.26143
50243,1,4.26135
50244,1,4.26127
50245,1,4.26118
50246,1,4.2611
50247,1,4.26101
50248,1,4.26093
50249,1,4.26084
50250,1,4.26076
50251,1,4.26067
50252,1,4.26059
50253,1,4.2605
50254,1,4.26042
50255,1,4.26033
50256,1,4.26025
50257,1,4.26016
50258,1,4.26008
50259,1,4.25999
50260,1,4.25991
50261,1,4.25982
50262,1,4.25974
50263,1,4.25965
50264,1,4.25957
50265,1,4.25948
50266,1,4.2594
50267,1,4.25932
50268,1,4.25923
50269,1,4.25915
50270,1,4.25906
50271,1,4.25898
50272,1,4.25889
50273,1,4.25881
50274,1,4.25872
50275,1,4.25864
50276,1,4.25855
50277,1,4.25847
50278,1,4.25838
50279,1,4.2583
50280,1,4.25821
50281,1,4.25813
50282,1,4.25804
50283,1,4.25796
50284,1,4.25788
50285,1,4.25779
50286,1,4.25771
50287,1,4.25762
50288,1,4.25754
50289,1,4.25745
50290,1,4.25737
50291,1,4.25728
50292,1,4.2572
50293,1,4.25711
50294,1,4.25703
50295,1,4.25694
50296,1,4.25686
50297,1,4.25677
50298,1,4.25669
50299,1,4.25661
50300,1,4.25652
50301,1,4.25644
50302,1,4.25635
50303,1,4.25627
50304,1,4.25618
50305,1,4.2561
50306,1,4.25601
50307,1,4.25593
50308,1,4.25584
50309,1,4.25576
50310,1,4.25567
50311,1,4.25559
50312,1,4.25551
50313,1,4.25542
50314,1,4.25534
50315,1,4.25525
50316,1,4.25517
50317,1,4.25508
50318,1,4.255
50319,1,4.25491
50320,1,4.25483
50321,1,4.25474
50322,1,4.25466
50323,1,4.25458
50324,1,4.25449
50325,1,4.25441
50326,1,4.25432
50327,1,4.25424
50328,1,4.25415
50329,1,4.25407
50330,1,4.25398
50331,1,4.2539
50332,1,4.25381
50333,1,4.25373
50334,1,4.25365
50335,1,4.25356
50336,1,4.25348
50337,1,4.25339
50338,1,4.25331
50339,1,4.25322
50340,1,4.25314
50341,1,4.25305
50342,1,4.25297
50343,1,4.25289
50344,1,4.2528
50345,1,4.25272
50346,1,4.25263
50347,1,4.25255
50348,1,4.25246
50349,1,4.25238
50350,1,4.25229
50351,1,4.25221
50352,1,4.25213
50353,1,4.25204
50354,1,4.25196
50355,1,4.25187
50356,1,4.25179
50357,1,4.2517
50358,1,4.25162
50359,1,4.25153
50360,1,4.25145
50361,1,4.25137
50362,1,4.25128
50363,1,4.2512
50364,1,4.25111
50365,1,4.25103
50366,1,4.25094
50367,1,4.25086
50368,1,4.25077
50369,1,4.25069
50370,1,4.25061
50371,1,4.25052
50372,1,4.25044
50373,1,4.25035
50374,1,4.25027
50375,1,4.25018
50376,1,4.2501
50377,1,4.25001
50378,1,4.24993
50379,1,4.24985
50380,1,4.24976
50381,1,4.24968
50382,1,4.24959
50383,1,4.24951
50384,1,4.24942
50385,1,4.24934
50386,1,4.24926
50387,1,4.24917
50388,1,4.24909
50389,1,4.249
50390,1,4.24892
50391,1,4.24883
50392,1,4.24875
50393,1,4.24867
50394,1,4.24858
50395,1,4.2485
50396,1,4.24841
50397,1,4.24833
50398,1,4.24824
50399,1,4.24816
50400,1,4.24808
50401,1,4.24799
50402,1,4.24791
50403,1,4.24782
50404,1,4.24774
50405,1,4.24765
50406,1,4.24757
50407,1,4.24749
50408,1,4.2474
50409,1,4.24732
50410,1,4.24723
50411,1,4.24715
50412,1,4.24706
50413,1,4.24698
50414,1,4.2469
50415,1,4.24681
50416,1,4.24673
50417,1,4.24664
50418,1,4.24656
50419,1,4.24647
50420,1,4.24639
50421,1,4.24631
50422,1,4.24622
50423,1,4.24614
50424,1,4.24605
50425,1,4.24597
50426,1,4.24589
50427,1,4.2458
50428,1,4.24572
50429,1,4.24563
50430,1,4.24555
50431,1,4.24546
50432,1,4.24538
50433,1,4.2453
50434,1,4.24521
50435,1,4.24513
50436,1,4.24504
50437,1,4.24496
50438,1,4.24487
50439,1,4.24479
50440,1,4.24471
50441,1,4.24462
50442,1,4.24454
50443,1,4.24445
50444,1,4.24437
50445,1,4.24429
50446,1,4.2442
50447,1,4.24412
50448,1,4.24403
50449,1,4.24395
50450,1,4.24387
50451,1,4.24378
50452,1,4.2437
50453,1,4.24361
50454,1,4.24353
50455,1,4.24344
50456,1,4.24336
50457,1,4.24328
50458,1,4.24319
50459,1,4.24311
50460,1,4.24302
50461,1,4.24294
50462,1,4.24286
50463,1,4.24277
50464,1,4.24269
50465,1,4.2426
50466,1,4.24252
50467,1,4.24244
50468,1,4.24235
50469,1,4.24227
50470,1,4.24218
50471,1,4.2421
50472,1,4.24202
50473,1,4.24193
50474,1,4.24185
50475,1,4.24176
50476,1,4.24168
50477,1,4.2416
50478,1,4.24151
50479,1,4.24143
50480,1,4.24134
50481,1,4.24126
50482,1,4.24118
50483,1,4.24109
50484,1,4.24101
50485,1,4.24092
50486,1,4.24084
50487,1,4.24076
50488,1,4.24067
50489,1,4.24059
50490,1,4.2405
50491,1,4.24042
50492,1,4.24034
50493,1,4.24025
50494,1,4.24017
50495,1,4.24008
50496,1,4.24
50497,1,4.23992
50498,1,4.23983
50499,1,4.23975
50500,1,4.23966
50501,1,4.23958
50502,1,4.2395
50503,1,4.23941
50504,1,4.23933
50505,1,4.23924
50506,1,4.23916
50507,1,4.23908
50508,1,4.23899
50509,1,4.23891
50510,1,4.23882
50511,1,4.23874
50512,1,4.23866
50513,1,4.23857
50514,1,4.23849
50515,1,4.2384
50516,1,4.23832
50517,1,4.23824
50518,1,4.23815
50519,1,4.23807
50520,1,4.23798
50521,1,4.2379
50522,1,4.23782
50523,1,4.23773
50524,1,4.23765
50525,1,4.23757
50526,1,4.23748
50527,1,4.2374
50528,1,4.23731
50529,1,4.23723
50530,1,4.23715
50531,1,4.23706
50532,1,4.23698
50533,1,4.23689
50534,1,4.23681
50535,1,4.23673
50536,1,4.23664
50537,1,4.23656
50538,1,4.23648
50539,1,4.23639
50540,1,4.23631
50541,1,4.23622
50542,1,4.23614
50543,1,4.23606
50544,1,4.23597
50545,1,4.23589
50546,1,4.23581
50547,1,4.23572
50548,1,4.23564
50549,1,4.23555
50550,1,4.23547
50551,1,4.23539
50552,1,4.2353
50553,1,4.23522
50554,1,4.23513
50555,1,4.23505
50556,1,4.23497
50557,1,4.23488
50558,1,4.2348
50559,1,4.23472
50560,1,4.23463
50561,1,4.23455
50562,1,4.23446
50563,1,4.23438
50564,1,4.2343
50565,1,4.23421
50566,1,4.23413
50567,1,4.23405
50568,1,4.23396
50569,1,4.23388
50570,1,4.23379
50571,1,4.23371
50572,1,4.23363
50573,1,4.23354
50574,1,4.23346
50575,1,4.23338
50576,1,4.23329
50577,1,4.23321
50578,1,4.23313
50579,1,4.23304
50580,1,4.23296
50581,1,4.23287
50582,1,4.23279
50583,1,4.23271
50584,1,4.23262
50585,1,4.23254
50586,1,4.23246
50587,1,4.23237
50588,1,4.23229
50589,1,4.2322
50590,1,4.23212
50591,1,4.23204
50592,1,4.23195
50593,1,4.23187
50594,1,4.23179
50595,1,4.2317
50596,1,4.23162
50597,1,4.23154
50598,1,4.23145
50599,1,4.23137
50600,1,4.23128
50601,1,4.2312
50602,1,4.23112
50603,1,4.23103
50604,1,4.23095
50605,1,4.23087
50606,1,4.23078
50607,1,4.2307
50608,1,4.23062
50609,1,4.23053
50610,1,4.23045
50611,1,4.23036
50612,1,4.23028
50613,1,4.2302
50614,1,4.23011
50615,1,4.23003
50616,1,4.22995
50617,1,4.22986
50618,1,4.22978
50619,1,4.2297
50620,1,4.22961
50621,1,4.22953
50622,1,4.22945
50623,1,4.22936
50624,1,4.22928
50625,1,4.2292
50626,1,4.22911
50627,1,4.22903
50628,1,4.22894
50629,1,4.22886
50630,1,4.22878
50631,1,4.22869
50632,1,4.22861
50633,1,4.22853
50634,1,4.22844
50635,1,4.22836
50636,1,4.22828
50637,1,4.22819
50638,1,4.22811
50639,1,4.22803
50640,1,4.22794
50641,1,4.22786
50642,1,4.22778
50643,1,4.22769
50644,1,4.22761
50645,1,4.22752
50646,1,4.22744
50647,1,4.22736
50648,1,4.22727
50649,1,4.22719
50650,1,4.22711
50651,1,4.22702
50652,1,4.22694
50653,1,4.22686
50654,1,4.22677
50655,1,4.22669
50656,1,4.22661
50657,1,4.22652
50658,1,4.22644
50659,1,4.22636
50660,1,4.22627
50661,1,4.22619
50662,1,4.22611
50663,1,4.22602
50664,1,4.22594
50665,1,4.22586
50666,1,4.22577
50667,1,4.22569
50668,1,4.22561
50669,1,4.22552
50670,1,4.22544
50671,1,4.22536
50672,1,4.22527
50673,1,4.22519
50674,1,4.22511
50675,1,4.22502
50676,1,4.22494
50677,1,4.22486
50678,1,4.22477
50679,1,4.22469
50680,1,4.22461
50681,1,4.22452
50682,1,4.22444
50683,1,4.22436
50684,1,4.22427
50685,1,4.22419
50686,1,4.22411
50687,1,4.22402
50688,1,4.22394
50689,1,4.22386
50690,1,4.22377
50691,1,4.22369
50692,1,4.22361
50693,1,4.22352
50694,1,4.22344
50695,1,4.22336
50696,1,4.22327
50697,1,4.22319
50698,1,4.22311
50699,1,4.22302
50700,1,4.22294
50701,1,4.22286
50702,1,4.22277
50703,1,4.22269
50704,1,4.22261
50705,1,4.22252
50706,1,4.22244
50707,1,4.22236
50708,1,4.22227
50709,1,4.22219
50710,1,4.22211
50711,1,4.22202
50712,1,4.22194
50713,1,4.22186
50714,1,4.22177
50715,1,4.22169
50716,1,4.22161
50717,1,4.22152
50718,1,4.22144
50719,1,4.22136
50720,1,4.22127
50721,1,4.22119
50722,1,4.22111
50723,1,4.22102
50724,1,4.22094
50725,1,4.22086
50726,1,4.22077
50727,1,4.22069
50728,1,4.22061
50729,1,4.22052
50730,1,4.22044
50731,1,4.22036
50732,1,4.22028
50733,1,4.22019
50734,1,4.22011
50735,1,4.22003
50736,1,4.21994
50737,1,4.21986
50738,1,4.21978
50739,1,4.21969
50740,1,4.21961
50741,1,4.21953
50742,1,4.21944
50743,1,4.21936
50744,1,4.21928
50745,1,4.21919
50746,1,4.21911
50747,1,4.21903
50748,1,4.21894
50749,1,4.21886
50750,1,4.21878
50751,1,4.2187
50752,1,4.21861
50753,1,4.21853
50754,1,4.21845
50755,1,4.21836
50756,1,4.21828
50757,1,4.2182
50758,1,4.21811
50759,1,4.21803
50760,1,4.21795
50761,1,4.21786
50762,1,4.21778
50763,1,4.2177
50764,1,4.21761
50765,1,4.21753
50766,1,4.21745
50767,1,4.21737
50768,1,4.21728
50769,1,4.2172
50770,1,4.21712
50771,1,4.21703
50772,1,4.21695
50773,1,4.21687
50774,1,4.21678
50775,1,4.2167
50776,1,4.21662
50777,1,4.21654
50778,1,4.21645
50779,1,4.21637
50780,1,4.21629
50781,1,4.2162
50782,1,4.21612
50783,1,4.21604
50784,1,4.21595
50785,1,4.21587
50786,1,4.21579
50787,1,4.2157
50788,1,4.21562
50789,1,4.21554
50790,1,4.21546
50791,1,4.21537
50792,1,4.21529
50793,1,4.21521
50794,1,4.21512
50795,1,4.21504
50796,1,4.21496
50797,1,4.21487
50798,1,4.21479
50799,1,4.21471
50800,1,4.21463
50801,1,4.21454
50802,1,4.21446
50803,1,4.21438
50804,1,4.21429
50805,1,4.21421
50806,1,4.21413
50807,1,4.21405
50808,1,4.21396
50809,1,4.21388
50810,1,4.2138
50811,1,4.21371
50812,1,4.21363
50813,1,4.21355
50814,1,4.21346
50815,1,4.21338
50816,1,4.2133
50817,1,4.21322
50818,1,4.21313
50819,1,4.21305
50820,1,4.21297
50821,1,4.21288
50822,1,4.2128
50823,1,4.21272
50824,1,4.21264
50825,1,4.21255
50826,1,4.21247
50827,1,4.21239
50828,1,4.2123
50829,1,4.21222
50830,1,4.21214
50831,1,4.21206
50832,1,4.21197
50833,1,4.21189
50834,1,4.21181
50835,1,4.21172
50836,1,4.21164
50837,1,4.21156
50838,1,4.21148
50839,1,4.21139
50840,1,4.21131
50841,1,4.21123
50842,1,4.21114
50843,1,4.21106
50844,1,4.21098
50845,1,4.2109
50846,1,4.21081
50847,1,4.21073
50848,1,4.21065
50849,1,4.21056
50850,1,4.21048
50851,1,4.2104
50852,1,4.21032
50853,1,4.21023
50854,1,4.21015
50855,1,4.21007
50856,1,4.20999
50857,1,4.2099
50858,1,4.20982
50859,1,4.20974
50860,1,4.20965
50861,1,4.20957
50862,1,4.20949
50863,1,4.20941
50864,1,4.20932
50865,1,4.20924
50866,1,4.20916
50867,1,4.20907
50868,1,4.20899
50869,1,4.20891
50870,1,4.20883
50871,1,4.20874
50872,1,4.20866
50873,1,4.20858
50874,1,4.2085
50875,1,4.20841
50876,1,4.20833
50877,1,4.20825
50878,1,4.20816
50879,1,4.20808
50880,1,4.208
50881,1,4.20792
50882,1,4.20783
50883,1,4.20775
50884,1,4.20767
50885,1,4.20759
50886,1,4.2075
50887,1,4.20742
50888,1,4.20734
50889,1,4.20726
50890,1,4.20717
50891,1,4.20709
50892,1,4.20701
50893,1,4.20692
50894,1,4.20684
50895,1,4.20676
50896,1,4.20668
50897,1,4.20659
50898,1,4.20651
50899,1,4.20643
50900,1,4.20635
50901,1,4.20626
50902,1,4.20618
50903,1,4.2061
50904,1,4.20602
50905,1,4.20593
50906,1,4.20585
50907,1,4.20577
50908,1,4.20568
50909,1,4.2056
50910,1,4.20552
50911,1,4.20544
50912,1,4.20535
50913,1,4.20527
50914,1,4.20519
50915,1,4.20511
50916,1,4.20502
50917,1,4.20494
50918,1,4.20486
50919,1,4.20478
50920,1,4.20469
50921,1,4.20461
50922,1,4.20453
50923,1,4.20445
50924,1,4.20436
50925,1,4.20428
50926,1,4.2042
50927,1,4.20412
50928,1,4.20403
50929,1,4.20395
50930,1,4.20387
50931,1,4.20379
50932,1,4.2037
50933,1,4.20362
50934,1,4.20354
50935,1,4.20346
50936,1,4.20337
50937,1,4.20329
50938,1,4.20321
50939,1,4.20313
50940,1,4.20304
50941,1,4.20296
50942,1,4.20288
50943,1,4.2028
50944,1,4.20271
50945,1,4.20263
50946,1,4.20255
50947,1,4.20247
50948,1,4.20238
50949,1,4.2023
50950,1,4.20222
50951,1,4.20214
50952,1,4.20205
50953,1,4.20197
50954,1,4.20189
50955,1,4.20181
50956,1,4.20172
50957,1,4.20164
50958,1,4.20156
50959,1,4.20148
50960,1,4.20139
50961,1,4.20131
50962,1,4.20123
50963,1,4.20115
50964,1,4.20106
50965,1,4.20098
50966,1,4.2009
50967,1,4.20082
50968,1,4.20073
50969,1,4.20065
50970,1,4.20057
50971,1,4.20049
50972,1,4.2004
50973,1,4.20032
50974,1,4.20024
50975,1,4.20016
50976,1,4.20007
50977,1,4.19999
50978,1,4.19991
50979,1,4.19983
50980,1,4.19974
50981,1,4.19966
50982,1,4.19958
50983,1,4.1995
50984,1,4.19942
50985,1,4.19933
50986,1,4.19925
50987,1,4.19917
50988,1,4.19909
50989,1,4.199
50990,1,4.19892
50991,1,4.19884
50992,1,4.19876
50993,1,4.19867
50994,1,4.19859
50995,1,4.19851
50996,1,4.19843
50997,1,4.19835
50998,1,4.19826
50999,1,4.19818
51000,1,4.1981
51001,1,4.19802
51002,1,4.19793
51003,1,4.19785
51004,1,4.19777
51005,1,4.19769
51006,1,4.1976
51007,1,4.19752
51008,1,4.19744
51009,1,4.19736
51010,1,4.19728
51011,1,4.19719
51012,1,4.19711
51013,1,4.19703
51014,1,4.19695
51015,1,4.19686
51016,1,4.19678
51017,1,4.1967
51018,1,4.19662
51019,1,4.19653
51020,1,4.19645
51021,1,4.19637
51022,1,4.19629
51023,1,4.19621
51024,1,4.19612
51025,1,4.19604
51026,1,4.19596
51027,1,4.19588
51028,1,4.19579
51029,1,4.19571
51030,1,4.19563
51031,1,4.19555
51032,1,4.19547
51033,1,4.19538
51034,1,4.1953
51035,1,4.19522
51036,1,4.19514
51037,1,4.19505
51038,1,4.19497
51039,1,4.19489
51040,1,4.19481
51041,1,4.19473
51042,1,4.19464
51043,1,4.19456
51044,1,4.19448
51045,1,4.1944
51046,1,4.19431
51047,1,4.19423
51048,1,4.19415
51049,1,4.19407
51050,1,4.19399
51051,1,4.1939
51052,1,4.19382
51053,1,4.19374
51054,1,4.19366
51055,1,4.19358
51056,1,4.19349
51057,1,4.19341
51058,1,4.19333
51059,1,4.19325
51060,1,4.19316
51061,1,4.19308
51062,1,4.193
51063,1,4.19292
51064,1,4.19284
51065,1,4.19275
51066,1,4.19267
51067,1,4.19259
51068,1,4.19251
51069,1,4.19243
51070,1,4.19234
51071,1,4.19226
51072,1,4.19218
51073,1,4.1921
51074,1,4.19202
51075,1,4.19193
51076,1,4.19185
51077,1,4.19177
51078,1,4.19169
51079,1,4.19161
51080,1,4.19152
51081,1,4.19144
51082,1,4.19136
51083,1,4.19128
51084,1,4.19119
51085,1,4.19111
51086,1,4.19103
51087,1,4.19095
51088,1,4.19087
51089,1,4.19078
51090,1,4.1907
51091,1,4.19062
51092,1,4.19054
51093,1,4.19046
51094,1,4.19037
51095,1,4.19029
51096,1,4.19021
51097,1,4.19013
51098,1,4.19005
51099,1,4.18996
51100,1,4.18988
51101,1,4.1898
51102,1,4.18972
51103,1,4.18964
51104,1,4.18955
51105,1,4.18947
51106,1,4.18939
51107,1,4.18931
51108,1,4.18923
51109,1,4.18914
51110,1,4.18906
51111,1,4.18898
51112,1,4.1889
51113,1,4.18882
51114,1,4.18873
51115,1,4.18865
51116,1,4.18857
51117,1,4.18849
51118,1,4.18841
51119,1,4.18833
51120,1,4.18824
51121,1,4.18816
51122,1,4.18808
51123,1,4.188
51124,1,4.18792
51125,1,4.18783
51126,1,4.18775
51127,1,4.18767
51128,1,4.18759
51129,1,4.18751
51130,1,4.18742
51131,1,4.18734
51132,1,4.18726
51133,1,4.18718
51134,1,4.1871
51135,1,4.18701
51136,1,4.18693
51137,1,4.18685
51138,1,4.18677
51139,1,4.18669
51140,1,4.18661
51141,1,4.18652
51142,1,4.18644
51143,1,4.18636
51144,1,4.18628
51145,1,4.1862
51146,1,4.18611
51147,1,4.18603
51148,1,4.18595
51149,1,4.18587
51150,1,4.18579
51151,1,4.18571
51152,1,4.18562
51153,1,4.18554
51154,1,4.18546
51155,1,4.18538
51156,1,4.1853
51157,1,4.18521
51158,1,4.18513
51159,1,4.18505
51160,1,4.18497
51161,1,4.18489
51162,1,4.18481
51163,1,4.18472
51164,1,4.18464
51165,1,4.18456
51166,1,4.18448
51167,1,4.1844
51168,1,4.18431
51169,1,4.18423
51170,1,4.18415
51171,1,4.18407
51172,1,4.18399
51173,1,4.18391
51174,1,4.18382
51175,1,4.18374
51176,1,4.18366
51177,1,4.18358
51178,1,4.1835
51179,1,4.18342
51180,1,4.18333
51181,1,4.18325
51182,1,4.18317
51183,1,4.18309
51184,1,4.18301
51185,1,4.18292
51186,1,4.18284
51187,1,4.18276
51188,1,4.18268
51189,1,4.1826
51190,1,4.18252
51191,1,4.18243
51192,1,4.18235
51193,1,4.18227
51194,1,4.18219
51195,1,4.18211
51196,1,4.18203
51197,1,4.18194
51198,1,4.18186
51199,1,4.18178
51200,1,4.1817
51201,1,4.18162
51202,1,4.18154
51203,1,4.18145
51204,1,4.18137
51205,1,4.18129
51206,1,4.18121
51207,1,4.18113
51208,1,4.18105
51209,1,4.18096
51210,1,4.18088
51211,1,4.1808
51212,1,4.18072
51213,1,4.18064
51214,1,4.18056
51215,1,4.18047
51216,1,4.18039
51217,1,4.18031
51218,1,4.18023
51219,1,4.18015
51220,1,4.18007
51221,1,4.17998
51222,1,4.1799
51223,1,4.17982
51224,1,4.17974
51225,1,4.17966
51226,1,4.17958
51227,1,4.1795
51228,1,4.17941
51229,1,4.17933
51230,1,4.17925
51231,1,4.17917
51232,1,4.17909
51233,1,4.17901
51234,1,4.17892
51235,1,4.17884
51236,1,4.17876
51237,1,4.17868
51238,1,4.1786
51239,1,4.17852
51240,1,4.17843
51241,1,4.17835
51242,1,4.17827
51243,1,4.17819
51244,1,4.17811
51245,1,4.17803
51246,1,4.17795
51247,1,4.17786
51248,1,4.17778
51249,1,4.1777
51250,1,4.17762
51251,1,4.17754
51252,1,4.17746
51253,1,4.17737
51254,1,4.17729
51255,1,4.17721
51256,1,4.17713
51257,1,4.17705
51258,1,4.17697
51259,1,4.17689
51260,1,4.1768
51261,1,4.17672
51262,1,4.17664
51263,1,4.17656
51264,1,4.17648
51265,1,4.1764
51266,1,4.17632
51267,1,4.17623
51268,1,4.17615
51269,1,4.17607
51270,1,4.17599
51271,1,4.17591
51272,1,4.17583
51273,1,4.17575
51274,1,4.17566
51275,1,4.17558
51276,1,4.1755
51277,1,4.17542
51278,1,4.17534
51279,1,4.17526
51280,1,4.17518
51281,1,4.17509
51282,1,4.17501
51283,1,4.17493
51284,1,4.17485
51285,1,4.17477
51286,1,4.17469
51287,1,4.17461
51288,1,4.17452
51289,1,4.17444
51290,1,4.17436
51291,1,4.17428
51292,1,4.1742
51293,1,4.17412
51294,1,4.17404
51295,1,4.17395
51296,1,4.17387
51297,1,4.17379
51298,1,4.17371
51299,1,4.17363
51300,1,4.17355
51301,1,4.17347
51302,1,4.17339
51303,1,4.1733
51304,1,4.17322
51305,1,4.17314
51306,1,4.17306
51307,1,4.17298
51308,1,4.1729
51309,1,4.17282
51310,1,4.17273
51311,1,4.17265
51312,1,4.17257
51313,1,4.17249
51314,1,4.17241
51315,1,4.17233
51316,1,4.17225
51317,1,4.17217
51318,1,4.17208
51319,1,4.172
51320,1,4.17192
51321,1,4.17184
51322,1,4.17176
51323,1,4.17168
51324,1,4.1716
51325,1,4.17151
51326,1,4.17143
51327,1,4.17135
51328,1,4.17127
51329,1,4.17119
51330,1,4.17111
51331,1,4.17103
51332,1,4.17095
51333,1,4.17086
51334,1,4.17078
51335,1,4.1707
51336,1,4.17062
51337,1,4.17054
51338,1,4.17046
51339,1,4.17038
51340,1,4.1703
51341,1,4.17021
51342,1,4.17013
51343,1,4.17005
51344,1,4.16997
51345,1,4.16989
51346,1,4.16981
51347,1,4.16973
51348,1,4.16965
51349,1,4.16957
51350,1,4.16948
51351,1,4.1694
51352,1,4.16932
51353,1,4.16924
51354,1,4.16916
51355,1,4.16908
51356,1,4.169
51357,1,4.16892
51358,1,4.16883
51359,1,4.16875
51360,1,4.16867
51361,1,4.16859
51362,1,4.16851
51363,1,4.16843
51364,1,4.16835
51365,1,4.16827
51366,1,4.16819
51367,1,4.1681
51368,1,4.16802
51369,1,4.16794
51370,1,4.16786
51371,1,4.16778
51372,1,4.1677
51373,1,4.16762
51374,1,4.16754
51375,1,4.16745
51376,1,4.16737
51377,1,4.16729
51378,1,4.16721
51379,1,4.16713
51380,1,4.16705
51381,1,4.16697
51382,1,4.16689
51383,1,4.16681
51384,1,4.16673
51385,1,4.16664
51386,1,4.16656
51387,1,4.16648
51388,1,4.1664
51389,1,4.16632
51390,1,4.16624
51391,1,4.16616
51392,1,4.16608
51393,1,4.166
51394,1,4.16591
51395,1,4.16583
51396,1,4.16575
51397,1,4.16567
51398,1,4.16559
51399,1,4.16551
51400,1,4.16543
51401,1,4.16535
51402,1,4.16527
51403,1,4.16518
51404,1,4.1651
51405,1,4.16502
51406,1,4.16494
51407,1,4.16486
51408,1,4.16478
51409,1,4.1647
51410,1,4.16462
51411,1,4.16454
51412,1,4.16446
51413,1,4.16437
51414,1,4.16429
51415,1,4.16421
51416,1,4.16413
51417,1,4.16405
51418,1,4.16397
51419,1,4.16389
51420,1,4.16381
51421,1,4.16373
51422,1,4.16365
51423,1,4.16356
51424,1,4.16348
51425,1,4.1634
51426,1,4.16332
51427,1,4.16324
51428,1,4.16316
51429,1,4.16308
51430,1,4.163
51431,1,4.16292
51432,1,4.16284
51433,1,4.16276
51434,1,4.16267
51435,1,4.16259
51436,1,4.16251
51437,1,4.16243
51438,1,4.16235
51439,1,4.16227
51440,1,4.16219
51441,1,4.16211
51442,1,4.16203
51443,1,4.16195
51444,1,4.16187
51445,1,4.16178
51446,1,4.1617
51447,1,4.16162
51448,1,4.16154
51449,1,4.16146
51450,1,4.16138
51451,1,4.1613
51452,1,4.16122
51453,1,4.16114
51454,1,4.16106
51455,1,4.16098
51456,1,4.16089
51457,1,4.16081
51458,1,4.16073
51459,1,4.16065
51460,1,4.16057
51461,1,4.16049
51462,1,4.16041
51463,1,4.16033
51464,1,4.16025
51465,1,4.16017
51466,1,4.16009
51467,1,4.16001
51468,1,4.15992
51469,1,4.15984
51470,1,4.15976
51471,1,4.15968
51472,1,4.1596
51473,1,4.15952
51474,1,4.15944
51475,1,4.15936
51476,1,4.15928
51477,1,4.1592
51478,1,4.15912
51479,1,4.15904
51480,1,4.15895
51481,1,4.15887
51482,1,4.15879
51483,1,4.15871
51484,1,4.15863
51485,1,4.15855
51486,1,4.15847
51487,1,4.15839
51488,1,4.15831
51489,1,4.15823
51490,1,4.15815
51491,1,4.15807
51492,1,4.15799
51493,1,4.1579
51494,1,4.15782
51495,1,4.15774
51496,1,4.15766
51497,1,4.15758
51498,1,4.1575
51499,1,4.15742
51500,1,4.15734
51501,1,4.15726
51502,1,4.15718
51503,1,4.1571
51504,1,4.15702
51505,1,4.15694
51506,1,4.15686
51507,1,4.15677
51508,1,4.15669
51509,1,4.15661
51510,1,4.15653
51511,1,4.15645
51512,1,4.15637
51513,1,4.15629
51514,1,4.15621
51515,1,4.15613
51516,1,4.15605
51517,1,4.15597
51518,1,4.15589
51519,1,4.15581
51520,1,4.15573
51521,1,4.15565
51522,1,4.15556
51523,1,4.15548
51524,1,4.1554
51525,1,4.15532
51526,1,4.15524
51527,1,4.15516
51528,1,4.15508
51529,1,4.155
51530,1,4.15492
51531,1,4.15484
51532,1,4.15476
51533,1,4.15468
51534,1,4.1546
51535,1,4.15452
51536,1,4.15444
51537,1,4.15436
51538,1,4.15427
51539,1,4.15419
51540,1,4.15411
51541,1,4.15403
51542,1,4.15395
51543,1,4.15387
51544,1,4.15379
51545,1,4.15371
51546,1,4.15363
51547,1,4.15355
51548,1,4.15347
51549,1,4.15339
51550,1,4.15331
51551,1,4.15323
51552,1,4.15315
51553,1,4.15307
51554,1,4.15299
51555,1,4.1529
51556,1,4.15282
51557,1,4.15274
51558,1,4.15266
51559,1,4.15258
51560,1,4.1525
51561,1,4.15242
51562,1,4.15234
51563,1,4.15226
51564,1,4.15218
51565,1,4.1521
51566,1,4.15202
51567,1,4.15194
51568,1,4.15186
51569,1,4.15178
51570,1,4.1517
51571,1,4.15162
51572,1,4.15154
51573,1,4.15146
51574,1,4.15137
51575,1,4.15129
51576,1,4.15121
51577,1,4.15113
51578,1,4.15105
51579,1,4.15097
51580,1,4.15089
51581,1,4.15081
51582,1,4.15073
51583,1,4.15065
51584,1,4.15057
51585,1,4.15049
51586,1,4.15041
51587,1,4.15033
51588,1,4.15025
51589,1,4.15017
51590,1,4.15009
51591,1,4.15001
51592,1,4.14993
51593,1,4.14985
51594,1,4.14977
51595,1,4.14969
51596,1,4.1496
51597,1,4.14952
51598,1,4.14944
51599,1,4.14936
51600,1,4.14928
51601,1,4.1492
51602,1,4.14912
51603,1,4.14904
51604,1,4.14896
51605,1,4.14888
51606,1,4.1488
51607,1,4.14872
51608,1,4.14864
51609,1,4.14856
51610,1,4.14848
51611,1,4.1484
51612,1,4.14832
51613,1,4.14824
51614,1,4.14816
51615,1,4.14808
51616,1,4.148
51617,1,4.14792
51618,1,4.14784
51619,1,4.14776
51620,1,4.14768
51621,1,4.14759
51622,1,4.14751
51623,1,4.14743
51624,1,4.14735
51625,1,4.14727
51626,1,4.14719
51627,1,4.14711
51628,1,4.14703
51629,1,4.14695
51630,1,4.14687
51631,1,4.14679
51632,1,4.14671
51633,1,4.14663
51634,1,4.14655
51635,1,4.14647
51636,1,4.14639
51637,1,4.14631
51638,1,4.14623
51639,1,4.14615
51640,1,4.14607
51641,1,4.14599
51642,1,4.14591
51643,1,4.14583
51644,1,4.14575
51645,1,4.14567
51646,1,4.14559
51647,1,4.14551
51648,1,4.14543
51649,1,4.14535
51650,1,4.14527
51651,1,4.14519
51652,1,4.14511
51653,1,4.14503
51654,1,4.14495
51655,1,4.14486
51656,1,4.14478
51657,1,4.1447
51658,1,4.14462
51659,1,4.14454
51660,1,4.14446
51661,1,4.14438
51662,1,4.1443
51663,1,4.14422
51664,1,4.14414
51665,1,4.14406
51666,1,4.14398
51667,1,4.1439
51668,1,4.14382
51669,1,4.14374
51670,1,4.14366
51671,1,4.14358
51672,1,4.1435
51673,1,4.14342
51674,1,4.14334
51675,1,4.14326
51676,1,4.14318
51677,1,4.1431
51678,1,4.14302
51679,1,4.14294
51680,1,4.14286
51681,1,4.14278
51682,1,4.1427
51683,1,4.14262
51684,1,4.14254
51685,1,4.14246
51686,1,4.14238
51687,1,4.1423
51688,1,4.14222
51689,1,4.14214
51690,1,4.14206
51691,1,4.14198
51692,1,4.1419
51693,1,4.14182
51694,1,4.14174
51695,1,4.14166
51696,1,4.14158
51697,1,4.1415
51698,1,4.14142
51699,1,4.14134
51700,1,4.14126
51701,1,4.14118
51702,1,4.1411
51703,1,4.14102
51704,1,4.14094
51705,1,4.14086
51706,1,4.14078
51707,1,4.1407
51708,1,4.14062
51709,1,4.14054
51710,1,4.14046
51711,1,4.14038
51712,1,4.1403
51713,1,4.14022
51714,1,4.14014
51715,1,4.14006
51716,1,4.13998
51717,1,4.1399
51718,1,4.13982
51719,1,4.13974
51720,1,4.13966
51721,1,4.13958
51722,1,4.1395
51723,1,4.13942
51724,1,4.13934
51725,1,4.13926
51726,1,4.13918
51727,1,4.1391
51728,1,4.13902
51729,1,4.13894
51730,1,4.13886
51731,1,4.13878
51732,1,4.1387
51733,1,4.13862
51734,1,4.13854
51735,1,4.13846
51736,1,4.13838
51737,1,4.1383
51738,1,4.13822
51739,1,4.13814
51740,1,4.13806
51741,1,4.13798
51742,1,4.1379
51743,1,4.13782
51744,1,4.13774
51745,1,4.13766
51746,1,4.13758
51747,1,4.1375
51748,1,4.13742
51749,1,4.13734
51750,1,4.13726
51751,1,4.13718
51752,1,4.1371
51753,1,4.13702
51754,1,4.13694
51755,1,4.13686
51756,1,4.13678
51757,1,4.1367
51758,1,4.13662
51759,1,4.13654
51760,1,4.13646
51761,1,4.13638
51762,1,4.1363
51763,1,4.13622
51764,1,4.13614
51765,1,4.13606
51766,1,4.13598
51767,1,4.1359
51768,1,4.13582
51769,1,4.13574
51770,1,4.13566
51771,1,4.13558
51772,1,4.1355
51773,1,4.13542
51774,1,4.13534
51775,1,4.13526
51776,1,4.13518
51777,1,4.1351
51778,1,4.13502
51779,1,4.13494
51780,1,4.13486
51781,1,4.13478
51782,1,4.1347
51783,1,4.13462
51784,1,4.13454
51785,1,4.13446
51786,1,4.13438
51787,1,4.1343
51788,1,4.13422
51789,1,4.13414
51790,1,4.13406
51791,1,4.13398
51792,1,4.1339
51793,1,4.13382
51794,1,4.13374
51795,1,4.13366
51796,1,4.13358
51797,1,4.1335
51798,1,4.13342
51799,1,4.13334
51800,1,4.13326
51801,1,4.13318
51802,1,4.1331
51803,1,4.13302
51804,1,4.13294
51805,1,4.13286
51806,1,4.13278
51807,1,4.1327
51808,1,4.13262
51809,1,4.13254
51810,1,4.13246
51811,1,4.13239
51812,1,4.13231
51813,1,4.13223
51814,1,4.13215
51815,1,4.13207
51816,1,4.13199
51817,1,4.13191
51818,1,4.13183
51819,1,4.13175
51820,1,4.13167
51821,1,4.13159
51822,1,4.13151
51823,1,4.13143
51824,1,4.13135
51825,1,4.13127
51826,1,4.13119
51827,1,4.13111
51828,1,4.13103
51829,1,4.13095
51830,1,4.13087
51831,1,4.13079
51832,1,4.13071
51833,1,4.13063
51834,1,4.13055
51835,1,4.13047
51836,1,4.13039
51837,1,4.13031
51838,1,4.13023
51839,1,4.13015
51840,1,4.13007
51841,1,4.12999
51842,1,4.12991
51843,1,4.12983
51844,1,4.12975
51845,1,4.12967
51846,1,4.1296
51847,1,4.12952
51848,1,4.12944
51849,1,4.12936
51850,1,4.12928
51851,1,4.1292
51852,1,4.12912
51853,1,4.12904
51854,1,4.12896
51855,1,4.12888
51856,1,4.1288
51857,1,4.12872
51858,1,4.12864
51859,1,4.12856
51860,1,4.12848
51861,1,4.1284
51862,1,4.12832
51863,1,4.12824
51864,1,4.12816
51865,1,4.12808
51866,1,4.128
51867,1,4.12792
51868,1,4.12784
51869,1,4.12776
51870,1,4.12768
51871,1,4.12761
51872,1,4.12753
51873,1,4.12745
51874,1,4.12737
51875,1,4.12729
51876,1,4.12721
51877,1,4.12713
51878,1,4.12705
51879,1,4.12697
51880,1,4.12689
51881,1,4.12681
51882,1,4.12673
51883,1,4.12665
51884,1,4.12657
51885,1,4.12649
51886,1,4.12641
51887,1,4.12633
51888,1,4.12625
51889,1,4.12617
51890,1,4.12609
51891,1,4.12601
51892,1,4.12593
51893,1,4.12586
51894,1,4.12578
51895,1,4.1257
51896,1,4.12562
51897,1,4.12554
51898,1,4.12546
51899,1,4.12538
51900,1,4.1253
51901,1,4.12522
51902,1,4.12514
51903,1,4.12506
51904,1,4.12498
51905,1,4.1249
51906,1,4.12482
51907,1,4.12474
51908,1,4.12466
51909,1,4.12458
51910,1,4.1245
51911,1,4.12442
51912,1,4.12435
51913,1,4.12427
51914,1,4.12419
51915,1,4.12411
51916,1,4.12403
51917,1,4.12395
51918,1,4.12387
51919,1,4.12379
51920,1,4.12371
51921,1,4.12363
51922,1,4.12355
51923,1,4.12347
51924,1,4.12339
51925,1,4.12331
51926,1,4.12323
51927,1,4.12315
51928,1,4.12307
51929,1,4.12299
51930,1,4.12292
51931,1,4.12284
51932,1,4.12276
51933,1,4.12268
51934,1,4.1226
51935,1,4.12252
51936,1,4.12244
51937,1,4.12236
51938,1,4.12228
51939,1,4.1222
51940,1,4.12212
51941,1,4.12204
51942,1,4.12196
51943,1,4.12188
51944,1,4.1218
51945,1,4.12172
51946,1,4.12165
51947,1,4.12157
51948,1,4.12149
51949,1,4.12141
51950,1,4.12133
51951,1,4.12125
51952,1,4.12117
51953,1,4.12109
51954,1,4.12101
51955,1,4.12093
51956,1,4.12085
51957,1,4.12077
51958,1,4.12069
51959,1,4.12061
51960,1,4.12054
51961,1,4.12046
51962,1,4.12038
51963,1,4.1203
51964,1,4.12022
51965,1,4.12014
51966,1,4.12006
51967,1,4.11998
51968,1,4.1199
51969,1,4.11982
51970,1,4.11974
51971,1,4.11966
51972,1,4.11958
51973,1,4.1195
51974,1,4.11943
51975,1,4.11935
51976,1,4.11927
51977,1,4.11919
51978,1,4.11911
51979,1,4.11903
51980,1,4.11895
51981,1,4.11887
51982,1,4.11879
51983,1,4.11871
51984,1,4.11863
51985,1,4.11855
51986,1,4.11847
51987,1,4.11839
51988,1,4.11832
51989,1,4.11824
51990,1,4.11816
51991,1,4.11808
51992,1,4.118
51993,1,4.11792
51994,1,4.11784
51995,1,4.11776
51996,1,4.11768
51997,1,4.1176
51998,1,4.11752
51999,1,4.11744
52000,1,4.11737
52001,1,4.11729
52002,1,4.11721
52003,1,4.11713
52004,1,4.11705
52005,1,4.11697
52006,1,4.11689
52007,1,4.11681
52008,1,4.11673
52009,1,4.11665
52010,1,4.11657
52011,1,4.11649
52012,1,4.11642
52013,1,4.11634
52014,1,4.11626
52015,1,4.11618
52016,1,4.1161
52017,1,4.11602
52018,1,4.11594
52019,1,4.11586
52020,1,4.11578
52021,1,4.1157
52022,1,4.11562
52023,1,4.11555
52024,1,4.11547
52025,1,4.11539
52026,1,4.11531
52027,1,4.11523
52028,1,4.11515
52029,1,4.11507
52030,1,4.11499
52031,1,4.11491
52032,1,4.11483
52033,1,4.11475
52034,1,4.11468
52035,1,4.1146
52036,1,4.11452
52037,1,4.11444
52038,1,4.11436
52039,1,4.11428
52040,1,4.1142
52041,1,4.11412
52042,1,4.11404
52043,1,4.11396
52044,1,4.11388
52045,1,4.11381
52046,1,4.11373
52047,1,4.11365
52048,1,4.11357
52049,1,4.11349
52050,1,4.11341
52051,1,4.11333
52052,1,4.11325
52053,1,4.11317
52054,1,4.11309
52055,1,4.11302
52056,1,4.11294
52057,1,4.11286
52058,1,4.11278
52059,1,4.1127
52060,1,4.11262
52061,1,4.11254
52062,1,4.11246
52063,1,4.11238
52064,1,4.1123
52065,1,4.11223
52066,1,4.11215
52067,1,4.11207
52068,1,4.11199
52069,1,4.11191
52070,1,4.11183
52071,1,4.11175
52072,1,4.11167
52073,1,4.11159
52074,1,4.11151
52075,1,4.11144
52076,1,4.11136
52077,1,4.11128
52078,1,4.1112
52079,1,4.11112
52080,1,4.11104
52081,1,4.11096
52082,1,4.11088
52083,1,4.1108
52084,1,4.11072
52085,1,4.11065
52086,1,4.11057
52087,1,4.11049
52088,1,4.11041
52089,1,4.11033
52090,1,4.11025
52091,1,4.11017
52092,1,4.11009
52093,1,4.11001
52094,1,4.10994
52095,1,4.10986
52096,1,4.10978
52097,1,4.1097
52098,1,4.10962
52099,1,4.10954
52100,1,4.10946
52101,1,4.10938
52102,1,4.1093
52103,1,4.10923
52104,1,4.10915
52105,1,4.10907
52106,1,4.10899
52107,1,4.10891
52108,1,4.10883
52109,1,4.10875
52110,1,4.10867
52111,1,4.1086
52112,1,4.10852
52113,1,4.10844
52114,1,4.10836
52115,1,4.10828
52116,1,4.1082
52117,1,4.10812
52118,1,4.10804
52119,1,4.10796
52120,1,4.10789
52121,1,4.10781
52122,1,4.10773
52123,1,4.10765
52124,1,4.10757
52125,1,4.10749
52126,1,4.10741
52127,1,4.10733
52128,1,4.10726
52129,1,4.10718
52130,1,4.1071
52131,1,4.10702
52132,1,4.10694
52133,1,4.10686
52134,1,4.10678
52135,1,4.1067
52136,1,4.10662
52137,1,4.10655
52138,1,4.10647
52139,1,4.10639
52140,1,4.10631
52141,1,4.10623
52142,1,4.10615
52143,1,4.10607
52144,1,4.10599
52145,1,4.10592
52146,1,4.10584
52147,1,4.10576
52148,1,4.10568
52149,1,4.1056
52150,1,4.10552
52151,1,4.10544
52152,1,4.10537
52153,1,4.10529
52154,1,4.10521
52155,1,4.10513
52156,1,4.10505
52157,1,4.10497
52158,1,4.10489
52159,1,4.10481
52160,1,4.10474
52161,1,4.10466
52162,1,4.10458
52163,1,4.1045
52164,1,4.10442
52165,1,4.10434
52166,1,4.10426
52167,1,4.10418
52168,1,4.10411
52169,1,4.10403
52170,1,4.10395
52171,1,4.10387
52172,1,4.10379
52173,1,4.10371
52174,1,4.10363
52175,1,4.10356
52176,1,4.10348
52177,1,4.1034
52178,1,4.10332
52179,1,4.10324
52180,1,4.10316
52181,1,4.10308
52182,1,4.103
52183,1,4.10293
52184,1,4.10285
52185,1,4.10277
52186,1,4.10269
52187,1,4.10261
52188,1,4.10253
52189,1,4.10245
52190,1,4.10238
52191,1,4.1023
52192,1,4.10222
52193,1,4.10214
52194,1,4.10206
52195,1,4.10198
52196,1,4.1019
52197,1,4.10183
52198,1,4.10175
52199,1,4.10167
52200,1,4.10159
52201,1,4.10151
52202,1,4.10143
52203,1,4.10135
52204,1,4.10128
52205,1,4.1012
52206,1,4.10112
52207,1,4.10104
52208,1,4.10096
52209,1,4.10088
52210,1,4.1008
52211,1,4.10073
52212,1,4.10065
52213,1,4.10057
52214,1,4.10049
52215,1,4.10041
52216,1,4.10033
52217,1,4.10025
52218,1,4.10018
52219,1,4.1001
52220,1,4.10002
52221,1,4.09994
52222,1,4.09986
52223,1,4.09978
52224,1,4.09971
52225,1,4.09963
52226,1,4.09955
52227,1,4.09947
52228,1,4.09939
52229,1,4.09931
52230,1,4.09923
52231,1,4.09916
52232,1,4.09908
52233,1,4.099
52234,1,4.09892
52235,1,4.09884
52236,1,4.09876
52237,1,4.09868
52238,1,4.09861
52239,1,4.09853
52240,1,4.09845
52241,1,4.09837
52242,1,4.09829
52243,1,4.09821
52244,1,4.09814
52245,1,4.09806
52246,1,4.09798
52247,1,4.0979
52248,1,4.09782
52249,1,4.09774
52250,1,4.09767
52251,1,4.09759
52252,1,4.09751
52253,1,4.09743
52254,1,4.09735
52255,1,4.09727
52256,1,4.09719
52257,1,4.09712
52258,1,4.09704
52259,1,4.09696
52260,1,4.09688
52261,1,4.0968
52262,1,4.09672
52263,1,4.09665
52264,1,4.09657
52265,1,4.09649
52266,1,4.09641
52267,1,4.09633
52268,1,4.09625
52269,1,4.09618
52270,1,4.0961
52271,1,4.09602
52272,1,4.09594
52273,1,4.09586
52274,1,4.09578
52275,1,4.09571
52276,1,4.09563
52277,1,4.09555
52278,1,4.09547
52279,1,4.09539
52280,1,4.09531
52281,1,4.09524
52282,1,4.09516
52283,1,4.09508
52284,1,4.095
52285,1,4.09492
52286,1,4.09484
52287,1,4.09477
52288,1,4.09469
52289,1,4.09461
52290,1,4.09453
52291,1,4.09445
52292,1,4.09437
52293,1,4.0943
52294,1,4.09422
52295,1,4.09414
52296,1,4.09406
52297,1,4.09398
52298,1,4.0939
52299,1,4.09383
52300,1,4.09375
52301,1,4.09367
52302,1,4.09359
52303,1,4.09351
52304,1,4.09343
52305,1,4.09336
52306,1,4.09328
52307,1,4.0932
52308,1,4.09312
52309,1,4.09304
52310,1,4.09297
52311,1,4.09289
52312,1,4.09281
52313,1,4.09273
52314,1,4.09265
52315,1,4.09257
52316,1,4.0925
52317,1,4.09242
52318,1,4.09234
52319,1,4.09226
52320,1,4.09218
52321,1,4.0921
52322,1,4.09203
52323,1,4.09195
52324,1,4.09187
52325,1,4.09179
52326,1,4.09171
52327,1,4.09164
52328,1,4.09156
52329,1,4.09148
52330,1,4.0914
52331,1,4.09132
52332,1,4.09124
52333,1,4.09117
52334,1,4.09109
52335,1,4.09101
52336,1,4.09093
52337,1,4.09085
52338,1,4.09078
52339,1,4.0907
52340,1,4.09062
52341,1,4.09054
52342,1,4.09046
52343,1,4.09038
52344,1,4.09031
52345,1,4.09023
52346,1,4.09015
52347,1,4.09007
52348,1,4.08999
52349,1,4.08992
52350,1,4.08984
52351,1,4.08976
52352,1,4.08968
52353,1,4.0896
52354,1,4.08953
52355,1,4.08945
52356,1,4.08937
52357,1,4.08929
52358,1,4.08921
52359,1,4.08913
52360,1,4.08906
52361,1,4.08898
52362,1,4.0889
52363,1,4.08882
52364,1,4.08874
52365,1,4.08867
52366,1,4.08859
52367,1,4.08851
52368,1,4.08843
52369,1,4.08835
52370,1,4.08828
52371,1,4.0882
52372,1,4.08812
52373,1,4.08804
52374,1,4.08796
52375,1,4.08789
52376,1,4.08781
52377,1,4.08773
52378,1,4.08765
52379,1,4.08757
52380,1,4.0875
52381,1,4.08742
52382,1,4.08734
52383,1,4.08726
52384,1,4.08718
52385,1,4.08711
52386,1,4.08703
52387,1,4.08695
52388,1,4.08687
52389,1,4.08679
52390,1,4.08672
52391,1,4.08664
52392,1,4.08656
52393,1,4.08648
52394,1,4.0864
52395,1,4.08633
52396,1,4.08625
52397,1,4.08617
52398,1,4.08609
52399,1,4.08601
52400,1,4.08594
52401,1,4.08586
52402,1,4.08578
52403,1,4.0857
52404,1,4.08562
52405,1,4.08555
52406,1,4.08547
52407,1,4.08539
52408,1,4.08531
52409,1,4.08523
52410,1,4.08516
52411,1,4.08508
52412,1,4.085
52413,1,4.08492
52414,1,4.08484
52415,1,4.08477
52416,1,4.08469
52417,1,4.08461
52418,1,4.08453
52419,1,4.08445
52420,1,4.08438
52421,1,4.0843
52422,1,4.08422
52423,1,4.08414
52424,1,4.08406
52425,1,4.08399
52426,1,4.08391
52427,1,4.08383
52428,1,4.08375
52429,1,4.08368
52430,1,4.0836
52431,1,4.08352
52432,1,4.08344
52433,1,4.08336
52434,1,4.08329
52435,1,4.08321
52436,1,4.08313
52437,1,4.08305
52438,1,4.08297
52439,1,4.0829
52440,1,4.08282
52441,1,4.08274
52442,1,4.08266
52443,1,4.08258
52444,1,4.08251
52445,1,4.08243
52446,1,4.08235
52447,1,4.08227
52448,1,4.0822
52449,1,4.08212
52450,1,4.08204
52451,1,4.08196
52452,1,4.08188
52453,1,4.08181
52454,1,4.08173
52455,1,4.08165
52456,1,4.08157
52457,1,4.0815
52458,1,4.08142
52459,1,4.08134
52460,1,4.08126
52461,1,4.08118
52462,1,4.08111
52463,1,4.08103
52464,1,4.08095
52465,1,4.08087
52466,1,4.0808
52467,1,4.08072
52468,1,4.08064
52469,1,4.08056
52470,1,4.08048
52471,1,4.08041
52472,1,4.08033
52473,1,4.08025
52474,1,4.08017
52475,1,4.0801
52476,1,4.08002
52477,1,4.07994
52478,1,4.07986
52479,1,4.07978
52480,1,4.07971
52481,1,4.07963
52482,1,4.07955
52483,1,4.07947
52484,1,4.0794
52485,1,4.07932
52486,1,4.07924
52487,1,4.07916
52488,1,4.07908
52489,1,4.07901
52490,1,4.07893
52491,1,4.07885
52492,1,4.07877
52493,1,4.0787
52494,1,4.07862
52495,1,4.07854
52496,1,4.07846
52497,1,4.07839
52498,1,4.07831
52499,1,4.07823
52500,1,4.07815
52501,1,4.07807
52502,1,4.078
52503,1,4.07792
52504,1,4.07784
52505,1,4.07776
52506,1,4.07769
52507,1,4.07761
52508,1,4.07753
52509,1,4.07745
52510,1,4.07738
52511,1,4.0773
52512,1,4.07722
52513,1,4.07714
52514,1,4.07707
52515,1,4.07699
52516,1,4.07691
52517,1,4.07683
52518,1,4.07675
52519,1,4.07668
52520,1,4.0766
52521,1,4.07652
52522,1,4.07644
52523,1,4.07637
52524,1,4.07629
52525,1,4.07621
52526,1,4.07613
52527,1,4.07606
52528,1,4.07598
52529,1,4.0759
52530,1,4.07582
52531,1,4.07575
52532,1,4.07567
52533,1,4.07559
52534,1,4.07551
52535,1,4.07544
52536,1,4.07536
52537,1,4.07528
52538,1,4.0752
52539,1,4.07513
52540,1,4.07505
52541,1,4.07497
52542,1,4.07489
52543,1,4.07481
52544,1,4.07474
52545,1,4.07466
52546,1,4.07458
52547,1,4.0745
52548,1,4.07443
52549,1,4.07435
52550,1,4.07427
52551,1,4.07419
52552,1,4.07412
52553,1,4.07404
52554,1,4.07396
52555,1,4.07388
52556,1,4.07381
52557,1,4.07373
52558,1,4.07365
52559,1,4.07357
52560,1,4.0735
52561,1,4.07342
52562,1,4.07334
52563,1,4.07326
52564,1,4.07319
52565,1,4.07311
52566,1,4.07303
52567,1,4.07295
52568,1,4.07288
52569,1,4.0728
52570,1,4.07272
52571,1,4.07264
52572,1,4.07257
52573,1,4.07249
52574,1,4.07241
52575,1,4.07233
52576,1,4.07226
52577,1,4.07218
52578,1,4.0721
52579,1,4.07202
52580,1,4.07195
52581,1,4.07187
52582,1,4.07179
52583,1,4.07172
52584,1,4.07164
52585,1,4.07156
52586,1,4.07148
52587,1,4.07141
52588,1,4.07133
52589,1,4.07125
52590,1,4.07117
52591,1,4.0711
52592,1,4.07102
52593,1,4.07094
52594,1,4.07086
52595,1,4.07079
52596,1,4.07071
52597,1,4.07063
52598,1,4.07055
52599,1,4.07048
52600,1,4.0704
52601,1,4.07032
52602,1,4.07024
52603,1,4.07017
52604,1,4.07009
52605,1,4.07001
52606,1,4.06993
52607,1,4.06986
52608,1,4.06978
52609,1,4.0697
52610,1,4.06963
52611,1,4.06955
52612,1,4.06947
52613,1,4.06939
52614,1,4.06932
52615,1,4.06924
52616,1,4.06916
52617,1,4.06908
52618,1,4.06901
52619,1,4.06893
52620,1,4.06885
52621,1,4.06877
52622,1,4.0687
52623,1,4.06862
52624,1,4.06854
52625,1,4.06847
52626,1,4.06839
52627,1,4.06831
52628,1,4.06823
52629,1,4.06816
52630,1,4.06808
52631,1,4.068
52632,1,4.06792
52633,1,4.06785
52634,1,4.06777
52635,1,4.06769
52636,1,4.06762
52637,1,4.06754
52638,1,4.06746
52639,1,4.06738
52640,1,4.06731
52641,1,4.06723
52642,1,4.06715
52643,1,4.06707
52644,1,4.067
52645,1,4.06692
52646,1,4.06684
52647,1,4.06677
52648,1,4.06669
52649,1,4.06661
52650,1,4.06653
52651,1,4.06646
52652,1,4.06638
52653,1,4.0663
52654,1,4.06622
52655,1,4.06615
52656,1,4.06607
52657,1,4.06599
52658,1,4.06592
52659,1,4.06584
52660,1,4.06576
52661,1,4.06568
52662,1,4.06561
52663,1,4.06553
52664,1,4.06545
52665,1,4.06538
52666,1,4.0653
52667,1,4.06522
52668,1,4.06514
52669,1,4.06507
52670,1,4.06499
52671,1,4.06491
52672,1,4.06484
52673,1,4.06476
52674,1,4.06468
52675,1,4.0646
52676,1,4.06453
52677,1,4.06445
52678,1,4.06437
52679,1,4.0643
52680,1,4.06422
52681,1,4.06414
52682,1,4.06406
52683,1,4.06399
52684,1,4.06391
52685,1,4.06383
52686,1,4.06376
52687,1,4.06368
52688,1,4.0636
52689,1,4.06352
52690,1,4.06345
52691,1,4.06337
52692,1,4.06329
52693,1,4.06322
52694,1,4.06314
52695,1,4.06306
52696,1,4.06298
52697,1,4.06291
52698,1,4.06283
52699,1,4.06275
52700,1,4.06268
52701,1,4.0626
52702,1,4.06252
52703,1,4.06244
52704,1,4.06237
52705,1,4.06229
52706,1,4.06221
52707,1,4.06214
52708,1,4.06206
52709,1,4.06198
52710,1,4.0619
52711,1,4.06183
52712,1,4.06175
52713,1,4.06167
52714,1,4.0616
52715,1,4.06152
52716,1,4.06144
52717,1,4.06137
52718,1,4.06129
52719,1,4.06121
52720,1,4.06113
52721,1,4.06106
52722,1,4.06098
52723,1,4.0609
52724,1,4.06083
52725,1,4.06075
52726,1,4.06067
52727,1,4.0606
52728,1,4.06052
52729,1,4.06044
52730,1,4.06036
52731,1,4.06029
52732,1,4.06021
52733,1,4.06013
52734,1,4.06006
52735,1,4.05998
52736,1,4.0599
52737,1,4.05983
52738,1,4.05975
52739,1,4.05967
52740,1,4.05959
52741,1,4.05952
52742,1,4.05944
52743,1,4.05936
52744,1,4.05929
52745,1,4.05921
52746,1,4.05913
52747,1,4.05906
52748,1,4.05898
52749,1,4.0589
52750,1,4.05882
52751,1,4.05875
52752,1,4.05867
52753,1,4.05859
52754,1,4.05852
52755,1,4.05844
52756,1,4.05836
52757,1,4.05829
52758,1,4.05821
52759,1,4.05813
52760,1,4.05806
52761,1,4.05798
52762,1,4.0579
52763,1,4.05782
52764,1,4.05775
52765,1,4.05767
52766,1,4.05759
52767,1,4.05752
52768,1,4.05744
52769,1,4.05736
52770,1,4.05729
52771,1,4.05721
52772,1,4.05713
52773,1,4.05706
52774,1,4.05698
52775,1,4.0569
52776,1,4.05683
52777,1,4.05675
52778,1,4.05667
52779,1,4.05659
52780,1,4.05652
52781,1,4.05644
52782,1,4.05636
52783,1,4.05629
52784,1,4.05621
52785,1,4.05613
52786,1,4.05606
52787,1,4.05598
52788,1,4.0559
52789,1,4.05583
52790,1,4.05575
52791,1,4.05567
52792,1,4.0556
52793,1,4.05552
52794,1,4.05544
52795,1,4.05537
52796,1,4.05529
52797,1,4.05521
52798,1,4.05513
52799,1,4.05506
52800,1,4.05498
52801,1,4.0549
52802,1,4.05483
52803,1,4.05475
52804,1,4.05467
52805,1,4.0546
52806,1,4.05452
52807,1,4.05444
52808,1,4.05437
52809,1,4.05429
52810,1,4.05421
52811,1,4.05414
52812,1,4.05406
52813,1,4.05398
52814,1,4.05391
52815,1,4.05383
52816,1,4.05375
52817,1,4.05368
52818,1,4.0536
52819,1,4.05352
52820,1,4.05345
52821,1,4.05337
52822,1,4.05329
52823,1,4.05322
52824,1,4.05314
52825,1,4.05306
52826,1,4.05299
52827,1,4.05291
52828,1,4.05283
52829,1,4.05276
52830,1,4.05268
52831,1,4.0526
52832,1,4.05252
52833,1,4.05245
52834,1,4.05237
52835,1,4.05229
52836,1,4.05222
52837,1,4.05214
52838,1,4.05206
52839,1,4.05199
52840,1,4.05191
52841,1,4.05183
52842,1,4.05176
52843,1,4.05168
52844,1,4.0516
52845,1,4.05153
52846,1,4.05145
52847,1,4.05137
52848,1,4.0513
52849,1,4.05122
52850,1,4.05114
52851,1,4.05107
52852,1,4.05099
52853,1,4.05091
52854,1,4.05084
52855,1,4.05076
52856,1,4.05068
52857,1,4.05061
52858,1,4.05053
52859,1,4.05045
52860,1,4.05038
52861,1,4.0503
52862,1,4.05023
52863,1,4.05015
52864,1,4.05007
52865,1,4.05
52866,1,4.04992
52867,1,4.04984
52868,1,4.04977
52869,1,4.04969
52870,1,4.04961
52871,1,4.04954
52872,1,4.04946
52873,1,4.04938
52874,1,4.04931
52875,1,4.04923
52876,1,4.04915
52877,1,4.04908
52878,1,4.049
52879,1,4.04892
52880,1,4.04885
52881,1,4.04877
52882,1,4.04869
52883,1,4.04862
52884,1,4.04854
52885,1,4.04846
52886,1,4.04839
52887,1,4.04831
52888,1,4.04823
52889,1,4.04816
52890,1,4.04808
52891,1,4.048
52892,1,4.04793
52893,1,4.04785
52894,1,4.04777
52895,1,4.0477
52896,1,4.04762
52897,1,4.04755
52898,1,4.04747
52899,1,4.04739
52900,1,4.04732
52901,1,4.04724
52902,1,4.04716
52903,1,4.04709
52904,1,4.04701
52905,1,4.04693
52906,1,4.04686
52907,1,4.04678
52908,1,4.0467
52909,1,4.04663
52910,1,4.04655
52911,1,4.04647
52912,1,4.0464
52913,1,4.04632
52914,1,4.04624
52915,1,4.04617
52916,1,4.04609
52917,1,4.04602
52918,1,4.04594
52919,1,4.04586
52920,1,4.04579
52921,1,4.04571
52922,1,4.04563
52923,1,4.04556
52924,1,4.04548
52925,1,4.0454
52926,1,4.04533
52927,1,4.04525
52928,1,4.04517
52929,1,4.0451
52930,1,4.04502
52931,1,4.04495
52932,1,4.04487
52933,1,4.04479
52934,1,4.04472
52935,1,4.04464
52936,1,4.04456
52937,1,4.04449
52938,1,4.04441
52939,1,4.04433
52940,1,4.04426
52941,1,4.04418
52942,1,4.0441
52943,1,4.04403
52944,1,4.04395
52945,1,4.04388
52946,1,4.0438
52947,1,4.04372
52948,1,4.04365
52949,1,4.04357
52950,1,4.04349
52951,1,4.04342
52952,1,4.04334
52953,1,4.04326
52954,1,4.04319
52955,1,4.04311
52956,1,4.04304
52957,1,4.04296
52958,1,4.04288
52959,1,4.04281
52960,1,4.04273
52961,1,4.04265
52962,1,4.04258
52963,1,4.0425
52964,1,4.04243
52965,1,4.04235
52966,1,4.04227
52967,1,4.0422
52968,1,4.04212
52969,1,4.04204
52970,1,4.04197
52971,1,4.04189
52972,1,4.04181
52973,1,4.04174
52974,1,4.04166
52975,1,4.04159
52976,1,4.04151
52977,1,4.04143
52978,1,4.04136
52979,1,4.04128
52980,1,4.0412
52981,1,4.04113
52982,1,4.04105
52983,1,4.04098
52984,1,4.0409
52985,1,4.04082
52986,1,4.04075
52987,1,4.04067
52988,1,4.04059
52989,1,4.04052
52990,1,4.04044
52991,1,4.04037
52992,1,4.04029
52993,1,4.04021
52994,1,4.04014
52995,1,4.04006
52996,1,4.03998
52997,1,4.03991
52998,1,4.03983
52999,1,4.03976
53000,1,4.03968
53001,1,4.0396
53002,1,4.03953
53003,1,4.03945
53004,1,4.03937
53005,1,4.0393
53006,1,4.03922
53007,1,4.03915
53008,1,4.03907
53009,1,4.03899
53010,1,4.03892
53011,1,4.03884
53012,1,4.03876
53013,1,4.03869
53014,1,4.03861
53015,1,4.03854
53016,1,4.03846
53017,1,4.03838
53018,1,4.03831
53019,1,4.03823
53020,1,4.03816
53021,1,4.03808
53022,1,4.038
53023,1,4.03793
53024,1,4.03785
53025,1,4.03777
53026,1,4.0377
53027,1,4.03762
53028,1,4.03755
53029,1,4.03747
53030,1,4.03739
53031,1,4.03732
53032,1,4.03724
53033,1,4.03717
53034,1,4.03709
53035,1,4.03701
53036,1,4.03694
53037,1,4.03686
53038,1,4.03678
53039,1,4.03671
53040,1,4.03663
53041,1,4.03656
53042,1,4.03648
53043,1,4.0364
53044,1,4.03633
53045,1,4.03625
53046,1,4.03618
53047,1,4.0361
53048,1,4.03602
53049,1,4.03595
53050,1,4.03587
53051,1,4.0358
53052,1,4.03572
53053,1,4.03564
53054,1,4.03557
53055,1,4.03549
53056,1,4.03542
53057,1,4.03534
53058,1,4.03526
53059,1,4.03519
53060,1,4.03511
53061,1,4.03504
53062,1,4.03496
53063,1,4.03488
53064,1,4.03481
53065,1,4.03473
53066,1,4.03465
53067,1,4.03458
53068,1,4.0345
53069,1,4.03443
53070,1,4.03435
53071,1,4.03427
53072,1,4.0342
53073,1,4.03412
53074,1,4.03405
53075,1,4.03397
53076,1,4.03389
53077,1,4.03382
53078,1,4.03374
53079,1,4.03367
53080,1,4.03359
53081,1,4.03351
53082,1,4.03344
53083,1,4.03336
53084,1,4.03329
53085,1,4.03321
53086,1,4.03313
53087,1,4.03306
53088,1,4.03298
53089,1,4.03291
53090,1,4.03283
53091,1,4.03276
53092,1,4.03268
53093,1,4.0326
53094,1,4.03253
53095,1,4.03245
53096,1,4.03238
53097,1,4.0323
53098,1,4.03222
53099,1,4.03215
53100,1,4.03207
53101,1,4.032
53102,1,4.03192
53103,1,4.03184
53104,1,4.03177
53105,1,4.03169
53106,1,4.03162
53107,1,4.03154
53108,1,4.03146
53109,1,4.03139
53110,1,4.03131
53111,1,4.03124
53112,1,4.03116
53113,1,4.03108
53114,1,4.03101
53115,1,4.03093
53116,1,4.03086
53117,1,4.03078
53118,1,4.03071
53119,1,4.03063
53120,1,4.03055
53121,1,4.03048
53122,1,4.0304
53123,1,4.03033
53124,1,4.03025
53125,1,4.03017
53126,1,4.0301
53127,1,4.03002
53128,1,4.02995
53129,1,4.02987
53130,1,4.02979
53131,1,4.02972
53132,1,4.02964
53133,1,4.02957
53134,1,4.02949
53135,1,4.02942
53136,1,4.02934
53137,1,4.02926
53138,1,4.02919
53139,1,4.02911
53140,1,4.02904
53141,1,4.02896
53142,1,4.02888
53143,1,4.02881
53144,1,4.02873
53145,1,4.02866
53146,1,4.02858
53147,1,4.02851
53148,1,4.02843
53149,1,4.02835
53150,1,4.02828
53151,1,4.0282
53152,1,4.02813
53153,1,4.02805
53154,1,4.02798
53155,1,4.0279
53156,1,4.02782
53157,1,4.02775
53158,1,4.02767
53159,1,4.0276
53160,1,4.02752
53161,1,4.02744
53162,1,4.02737
53163,1,4.02729
53164,1,4.02722
53165,1,4.02714
53166,1,4.02707
53167,1,4.02699
53168,1,4.02691
53169,1,4.02684
53170,1,4.02676
53171,1,4.02669
53172,1,4.02661
53173,1,4.02654
53174,1,4.02646
53175,1,4.02638
53176,1,4.02631
53177,1,4.02623
53178,1,4.02616
53179,1,4.02608
53180,1,4.02601
53181,1,4.02593
53182,1,4.02585
53183,1,4.02578
53184,1,4.0257
53185,1,4.02563
53186,1,4.02555
53187,1,4.02548
53188,1,4.0254
53189,1,4.02532
53190,1,4.02525
53191,1,4.02517
53192,1,4.0251
53193,1,4.02502
53194,1,4.02495
53195,1,4.02487
53196,1,4.0248
53197,1,4.02472
53198,1,4.02464
53199,1,4.02457
53200,1,4.02449
53201,1,4.02442
53202,1,4.02434
53203,1,4.02427
53204,1,4.02419
53205,1,4.02411
53206,1,4.02404
53207,1,4.02396
53208,1,4.02389
53209,1,4.02381
53210,1,4.02374
53211,1,4.02366
53212,1,4.02358
53213,1,4.02351
53214,1,4.02343
53215,1,4.02336
53216,1,4.02328
53217,1,4.02321
53218,1,4.02313
53219,1,4.02306
53220,1,4.02298
53221,1,4.0229
53222,1,4.02283
53223,1,4.02275
53224,1,4.02268
53225,1,4.0226
53226,1,4.02253
53227,1,4.02245
53228,1,4.02238
53229,1,4.0223
53230,1,4.02222
53231,1,4.02215
53232,1,4.02207
53233,1,4.022
53234,1,4.02192
53235,1,4.02185
53236,1,4.02177
53237,1,4.0217
53238,1,4.02162
53239,1,4.02154
53240,1,4.02147
53241,1,4.02139
53242,1,4.02132
53243,1,4.02124
53244,1,4.02117
53245,1,4.02109
53246,1,4.02102
53247,1,4.02094
53248,1,4.02086
53249,1,4.02079
53250,1,4.02071
53251,1,4.02064
53252,1,4.02056
53253,1,4.02049
53254,1,4.02041
53255,1,4.02034
53256,1,4.02026
53257,1,4.02019
53258,1,4.02011
53259,1,4.02003
53260,1,4.01996
53261,1,4.01988
53262,1,4.01981
53263,1,4.01973
53264,1,4.01966
53265,1,4.01958
53266,1,4.01951
53267,1,4.01943
53268,1,4.01935
53269,1,4.01928
53270,1,4.0192
53271,1,4.01913
53272,1,4.01905
53273,1,4.01898
53274,1,4.0189
53275,1,4.01883
53276,1,4.01875
53277,1,4.01868
53278,1,4.0186
53279,1,4.01853
53280,1,4.01845
53281,1,4.01837
53282,1,4.0183
53283,1,4.01822
53284,1,4.01815
53285,1,4.01807
53286,1,4.018
53287,1,4.01792
53288,1,4.01785
53289,1,4.01777
53290,1,4.0177
53291,1,4.01762
53292,1,4.01754
53293,1,4.01747
53294,1,4.01739
53295,1,4.01732
53296,1,4.01724
53297,1,4.01717
53298,1,4.01709
53299,1,4.01702
53300,1,4.01694
53301,1,4.01687
53302,1,4.01679
53303,1,4.01672
53304,1,4.01664
53305,1,4.01657
53306,1,4.01649
53307,1,4.01641
53308,1,4.01634
53309,1,4.01626
53310,1,4.01619
53311,1,4.01611
53312,1,4.01604
53313,1,4.01596
53314,1,4.01589
53315,1,4.01581
53316,1,4.01574
53317,1,4.01566
53318,1,4.01559
53319,1,4.01551
53320,1,4.01544
53321,1,4.01536
53322,1,4.01528
53323,1,4.01521
53324,1,4.01513
53325,1,4.01506
53326,1,4.01498
53327,1,4.01491
53328,1,4.01483
53329,1,4.01476
53330,1,4.01468
53331,1,4.01461
53332,1,4.01453
53333,1,4.01446
53334,1,4.01438
53335,1,4.01431
53336,1,4.01423
53337,1,4.01416
53338,1,4.01408
53339,1,4.014
53340,1,4.01393
53341,1,4.01385
53342,1,4.01378
53343,1,4.0137
53344,1,4.01363
53345,1,4.01355
53346,1,4.01348
53347,1,4.0134
53348,1,4.01333
53349,1,4.01325
53350,1,4.01318
53351,1,4.0131
53352,1,4.01303
53353,1,4.01295
53354,1,4.01288
53355,1,4.0128
53356,1,4.01273
53357,1,4.01265
53358,1,4.01258
53359,1,4.0125
53360,1,4.01243
53361,1,4.01235
53362,1,4.01227
53363,1,4.0122
53364,1,4.01212
53365,1,4.01205
53366,1,4.01197
53367,1,4.0119
53368,1,4.01182
53369,1,4.01175
53370,1,4.01167
53371,1,4.0116
53372,1,4.01152
53373,1,4.01145
53374,1,4.01137
53375,1,4.0113
53376,1,4.01122
53377,1,4.01115
53378,1,4.01107
53379,1,4.011
53380,1,4.01092
53381,1,4.01085
53382,1,4.01077
53383,1,4.0107
53384,1,4.01062
53385,1,4.01055
53386,1,4.01047
53387,1,4.0104
53388,1,4.01032
53389,1,4.01025
53390,1,4.01017
53391,1,4.0101
53392,1,4.01002
53393,1,4.00995
53394,1,4.00987
53395,1,4.00979
53396,1,4.00972
53397,1,4.00964
53398,1,4.00957
53399,1,4.00949
53400,1,4.00942
53401,1,4.00934
53402,1,4.00927
53403,1,4.00919
53404,1,4.00912
53405,1,4.00904
53406,1,4.00897
53407,1,4.00889
53408,1,4.00882
53409,1,4.00874
53410,1,4.00867
53411,1,4.00859
53412,1,4.00852
53413,1,4.00844
53414,1,4.00837
53415,1,4.00829
53416,1,4.00822
53417,1,4.00814
53418,1,4.00807
53419,1,4.00799
53420,1,4.00792
53421,1,4.00784
53422,1,4.00777
53423,1,4.00769
53424,1,4.00762
53425,1,4.00754
53426,1,4.00747
53427,1,4.00739
53428,1,4.00732
53429,1,4.00724
53430,1,4.00717
53431,1,4.00709
53432,1,4.00702
53433,1,4.00694
53434,1,4.00687
53435,1,4.00679
53436,1,4.00672
53437,1,4.00664
53438,1,4.00657
53439,1,4.00649
53440,1,4.00642
53441,1,4.00634
53442,1,4.00627
53443,1,4.00619
53444,1,4.00612
53445,1,4.00604
53446,1,4.00597
53447,1,4.00589
53448,1,4.00582
53449,1,4.00574
53450,1,4.00567
53451,1,4.00559
53452,1,4.00552
53453,1,4.00544
53454,1,4.00537
53455,1,4.00529
53456,1,4.00522
53457,1,4.00514
53458,1,4.00507
53459,1,4.00499
53460,1,4.00492
53461,1,4.00484
53462,1,4.00477
53463,1,4.00469
53464,1,4.00462
53465,1,4.00455
53466,1,4.00447
53467,1,4.0044
53468,1,4.00432
53469,1,4.00425
53470,1,4.00417
53471,1,4.0041
53472,1,4.00402
53473,1,4.00395
53474,1,4.00387
53475,1,4.0038
53476,1,4.00372
53477,1,4.00365
53478,1,4.00357
53479,1,4.0035
53480,1,4.00342
53481,1,4.00335
53482,1,4.00327
53483,1,4.0032
53484,1,4.00312
53485,1,4.00305
53486,1,4.00297
53487,1,4.0029
53488,1,4.00282
53489,1,4.00275
53490,1,4.00267
53491,1,4.0026
53492,1,4.00252
53493,1,4.00245
53494,1,4.00237
53495,1,4.0023
53496,1,4.00222
53497,1,4.00215
53498,1,4.00207
53499,1,4.002
53500,1,4.00193
53501,1,4.00185
53502,1,4.00178
53503,1,4.0017
53504,1,4.00163
53505,1,4.00155
53506,1,4.00148
53507,1,4.0014
53508,1,4.00133
53509,1,4.00125
53510,1,4.00118
53511,1,4.0011
53512,1,4.00103
53513,1,4.00095
53514,1,4.00088
53515,1,4.0008
53516,1,4.00073
53517,1,4.00065
53518,1,4.00058
53519,1,4.0005
53520,1,4.00043
53521,1,4.00036
53522,1,4.00028
53523,1,4.00021
53524,1,4.00013
53525,1,4.00006
53526,1,3.99998
53527,1,3.99991
53528,1,3.99983
53529,1,3.99976
53530,1,3.99968
53531,1,3.99961
53532,1,3.99953
53533,1,3.99946
53534,1,3.99938
53535,1,3.99931
53536,1,3.99923
53537,1,3.99916
53538,1,3.99908
53539,1,3.99901
53540,1,3.99894
53541,1,3.99886
53542,1,3.99879
53543,1,3.99871
53544,1,3.99864
53545,1,3.99856
53546,1,3.99849
53547,1,3.99841
53548,1,3.99834
53549,1,3.99826
53550,1,3.99819
53551,1,3.99811
53552,1,3.99804
53553,1,3.99796
53554,1,3.99789
53555,1,3.99782
53556,1,3.99774
53557,1,3.99767
53558,1,3.99759
53559,1,3.99752
53560,1,3.99744
53561,1,3.99737
53562,1,3.99729
53563,1,3.99722
53564,1,3.99714
53565,1,3.99707
53566,1,3.99699
53567,1,3.99692
53568,1,3.99685
53569,1,3.99677
53570,1,3.9967
53571,1,3.99662
53572,1,3.99655
53573,1,3.99647
53574,1,3.9964
53575,1,3.99632
53576,1,3.99625
53577,1,3.99617
53578,1,3.9961
53579,1,3.99602
53580,1,3.99595
53581,1,3.99588
53582,1,3.9958
53583,1,3.99573
53584,1,3.99565
53585,1,3.99558
53586,1,3.9955
53587,1,3.99543
53588,1,3.99535
53589,1,3.99528
53590,1,3.9952
53591,1,3.99513
53592,1,3.99506
53593,1,3.99498
53594,1,3.99491
53595,1,3.99483
53596,1,3.99476
53597,1,3.99468
53598,1,3.99461
53599,1,3.99453
53600,1,3.99446
53601,1,3.99438
53602,1,3.99431
53603,1,3.99424
53604,1,3.99416
53605,1,3.99409
53606,1,3.99401
53607,1,3.99394
53608,1,3.99386
53609,1,3.99379
53610,1,3.99371
53611,1,3.99364
53612,1,3.99356
53613,1,3.99349
53614,1,3.99342
53615,1,3.99334
53616,1,3.99327
53617,1,3.99319
53618,1,3.99312
53619,1,3.99304
53620,1,3.99297
53621,1,3.99289
53622,1,3.99282
53623,1,3.99275
53624,1,3.99267
53625,1,3.9926
53626,1,3.99252
53627,1,3.99245
53628,1,3.99237
53629,1,3.9923
53630,1,3.99222
53631,1,3.99215
53632,1,3.99208
53633,1,3.992
53634,1,3.99193
53635,1,3.99185
53636,1,3.99178
53637,1,3.9917
53638,1,3.99163
53639,1,3.99155
53640,1,3.99148
53641,1,3.99141
53642,1,3.99133
53643,1,3.99126
53644,1,3.99118
53645,1,3.99111
53646,1,3.99103
53647,1,3.99096
53648,1,3.99089
53649,1,3.99081
53650,1,3.99074
53651,1,3.99066
53652,1,3.99059
53653,1,3.99051
53654,1,3.99044
53655,1,3.99036
53656,1,3.99029
53657,1,3.99022
53658,1,3.99014
53659,1,3.99007
53660,1,3.98999
53661,1,3.98992
53662,1,3.98984
53663,1,3.98977
53664,1,3.9897
53665,1,3.98962
53666,1,3.98955
53667,1,3.98947
53668,1,3.9894
53669,1,3.98932
53670,1,3.98925
53671,1,3.98917
53672,1,3.9891
53673,1,3.98903
53674,1,3.98895
53675,1,3.98888
53676,1,3.9888
53677,1,3.98873
53678,1,3.98865
53679,1,3.98858
53680,1,3.98851
53681,1,3.98843
53682,1,3.98836
53683,1,3.98828
53684,1,3.98821
53685,1,3.98813
53686,1,3.98806
53687,1,3.98799
53688,1,3.98791
53689,1,3.98784
53690,1,3.98776
53691,1,3.98769
53692,1,3.98761
53693,1,3.98754
53694,1,3.98747
53695,1,3.98739
53696,1,3.98732
53697,1,3.98724
53698,1,3.98717
53699,1,3.98709
53700,1,3.98702
53701,1,3.98695
53702,1,3.98687
53703,1,3.9868
53704,1,3.98672
53705,1,3.98665
53706,1,3.98658
53707,1,3.9865
53708,1,3.98643
53709,1,3.98635
53710,1,3.98628
53711,1,3.9862
53712,1,3.98613
53713,1,3.98606
53714,1,3.98598
53715,1,3.98591
53716,1,3.98583
53717,1,3.98576
53718,1,3.98568
53719,1,3.98561
53720,1,3.98554
53721,1,3.98546
53722,1,3.98539
53723,1,3.98531
53724,1,3.98524
53725,1,3.98517
53726,1,3.98509
53727,1,3.98502
53728,1,3.98494
53729,1,3.98487
53730,1,3.98479
53731,1,3.98472
53732,1,3.98465
53733,1,3.98457
53734,1,3.9845
53735,1,3.98442
53736,1,3.98435
53737,1,3.98428
53738,1,3.9842
53739,1,3.98413
53740,1,3.98405
53741,1,3.98398
53742,1,3.9839
53743,1,3.98383
53744,1,3.98376
53745,1,3.98368
53746,1,3.98361
53747,1,3.98353
53748,1,3.98346
53749,1,3.98339
53750,1,3.98331
53751,1,3.98324
53752,1,3.98316
53753,1,3.98309
53754,1,3.98302
53755,1,3.98294
53756,1,3.98287
53757,1,3.98279
53758,1,3.98272
53759,1,3.98264
53760,1,3.98257
53761,1,3.9825
53762,1,3.98242
53763,1,3.98235
53764,1,3.98227
53765,1,3.9822
53766,1,3.98213
53767,1,3.98205
53768,1,3.98198
53769,1,3.9819
53770,1,3.98183
53771,1,3.98176
53772,1,3.98168
53773,1,3.98161
53774,1,3.98153
53775,1,3.98146
53776,1,3.98139
53777,1,3.98131
53778,1,3.98124
53779,1,3.98116
53780,1,3.98109
53781,1,3.98102
53782,1,3.98094
53783,1,3.98087
53784,1,3.98079
53785,1,3.98072
53786,1,3.98065
53787,1,3.98057
53788,1,3.9805
53789,1,3.98042
53790,1,3.98035
53791,1,3.98028
53792,1,3.9802
53793,1,3.98013
53794,1,3.98005
53795,1,3.97998
53796,1,3.97991
53797,1,3.97983
53798,1,3.97976
53799,1,3.97968
53800,1,3.97961
53801,1,3.97954
53802,1,3.97946
53803,1,3.97939
53804,1,3.97931
53805,1,3.97924
53806,1,3.97917
53807,1,3.97909
53808,1,3.97902
53809,1,3.97894
53810,1,3.97887
53811,1,3.9788
53812,1,3.97872
53813,1,3.97865
53814,1,3.97857
53815,1,3.9785
53816,1,3.97843
53817,1,3.97835
53818,1,3.97828
53819,1,3.9782
53820,1,3.97813
53821,1,3.97806
53822,1,3.97798
53823,1,3.97791
53824,1,3.97784
53825,1,3.97776
53826,1,3.97769
53827,1,3.97761
53828,1,3.97754
53829,1,3.97747
53830,1,3.97739
53831,1,3.97732
53832,1,3.97724
53833,1,3.97717
53834,1,3.9771
53835,1,3.97702
53836,1,3.97695
53837,1,3.97687
53838,1,3.9768
53839,1,3.97673
53840,1,3.97665
53841,1,3.97658
53842,1,3.97651
53843,1,3.97643
53844,1,3.97636
53845,1,3.97628
53846,1,3.97621
53847,1,3.97614
53848,1,3.97606
53849,1,3.97599
53850,1,3.97591
53851,1,3.97584
53852,1,3.97577
53853,1,3.97569
53854,1,3.97562
53855,1,3.97555
53856,1,3.97547
53857,1,3.9754
53858,1,3.97532
53859,1,3.97525
53860,1,3.97518
53861,1,3.9751
53862,1,3.97503
53863,1,3.97495
53864,1,3.97488
53865,1,3.97481
53866,1,3.97473
53867,1,3.97466
53868,1,3.97459
53869,1,3.97451
53870,1,3.97444
53871,1,3.97436
53872,1,3.97429
53873,1,3.97422
53874,1,3.97414
53875,1,3.97407
53876,1,3.974
53877,1,3.97392
53878,1,3.97385
53879,1,3.97377
53880,1,3.9737
53881,1,3.97363
53882,1,3.97355
53883,1,3.97348
53884,1,3.97341
53885,1,3.97333
53886,1,3.97326
53887,1,3.97318
53888,1,3.97311
53889,1,3.97304
53890,1,3.97296
53891,1,3.97289
53892,1,3.97282
53893,1,3.97274
53894,1,3.97267
53895,1,3.97259
53896,1,3.97252
53897,1,3.97245
53898,1,3.97237
53899,1,3.9723
53900,1,3.97223
53901,1,3.97215
53902,1,3.97208
53903,1,3.97201
53904,1,3.97193
53905,1,3.97186
53906,1,3.97178
53907,1,3.97171
53908,1,3.97164
53909,1,3.97156
53910,1,3.97149
53911,1,3.97142
53912,1,3.97134
53913,1,3.97127
53914,1,3.97119
53915,1,3.97112
53916,1,3.97105
53917,1,3.97097
53918,1,3.9709
53919,1,3.97083
53920,1,3.97075
53921,1,3.97068
53922,1,3.97061
53923,1,3.97053
53924,1,3.97046
53925,1,3.97038
53926,1,3.97031
53927,1,3.97024
53928,1,3.97016
53929,1,3.97009
53930,1,3.97002
53931,1,3.96994
53932,1,3.96987
53933,1,3.9698
53934,1,3.96972
53935,1,3.96965
53936,1,3.96958
53937,1,3.9695
53938,1,3.96943
53939,1,3.96935
53940,1,3.96928
53941,1,3.96921
53942,1,3.96913
53943,1,3.96906
53944,1,3.96899
53945,1,3.96891
53946,1,3.96884
53947,1,3.96877
53948,1,3.96869
53949,1,3.96862
53950,1,3.96854
53951,1,3.96847
53952,1,3.9684
53953,1,3.96832
53954,1,3.96825
53955,1,3.96818
53956,1,3.9681
53957,1,3.96803
53958,1,3.96796
53959,1,3.96788
53960,1,3.96781
53961,1,3.96774
53962,1,3.96766
53963,1,3.96759
53964,1,3.96752
53965,1,3.96744
53966,1,3.96737
53967,1,3.96729
53968,1,3.96722
53969,1,3.96715
53970,1,3.96707
53971,1,3.967
53972,1,3.96693
53973,1,3.96685
53974,1,3.96678
53975,1,3.96671
53976,1,3.96663
53977,1,3.96656
53978,1,3.96649
53979,1,3.96641
53980,1,3.96634
53981,1,3.96627
53982,1,3.96619
53983,1,3.96612
53984,1,3.96605
53985,1,3.96597
53986,1,3.9659
53987,1,3.96583
53988,1,3.96575
53989,1,3.96568
53990,1,3.9656
53991,1,3.96553
53992,1,3.96546
53993,1,3.96538
53994,1,3.96531
53995,1,3.96524
53996,1,3.96516
53997,1,3.96509
53998,1,3.96502
53999,1,3.96494
54000,1,3.96487
54001,1,3.9648
54002,1,3.96472
54003,1,3.96465
54004,1,3.96458
54005,1,3.9645
54006,1,3.96443
54007,1,3.96436
54008,1,3.96428
54009,1,3.96421
54010,1,3.96414
54011,1,3.96406
54012,1,3.96399
54013,1,3.96392
54014,1,3.96384
54015,1,3.96377
54016,1,3.9637
54017,1,3.96362
54018,1,3.96355
54019,1,3.96348
54020,1,3.9634
54021,1,3.96333
54022,1,3.96326
54023,1,3.96318
54024,1,3.96311
54025,1,3.96304
54026,1,3.96296
54027,1,3.96289
54028,1,3.96282
54029,1,3.96274
54030,1,3.96267
54031,1,3.9626
54032,1,3.96252
54033,1,3.96245
54034,1,3.96238
54035,1,3.9623
54036,1,3.96223
54037,1,3.96216
54038,1,3.96208
54039,1,3.96201
54040,1,3.96194
54041,1,3.96186
54042,1,3.96179
54043,1,3.96172
54044,1,3.96164
54045,1,3.96157
54046,1,3.9615
54047,1,3.96142
54048,1,3.96135
54049,1,3.96128
54050,1,3.9612
54051,1,3.96113
54052,1,3.96106
54053,1,3.96098
54054,1,3.96091
54055,1,3.96084
54056,1,3.96076
54057,1,3.96069
54058,1,3.96062
54059,1,3.96054
54060,1,3.96047
54061,1,3.9604
54062,1,3.96032
54063,1,3.96025
54064,1,3.96018
54065,1,3.9601
54066,1,3.96003
54067,1,3.95996
54068,1,3.95988
54069,1,3.95981
54070,1,3.95974
54071,1,3.95966
54072,1,3.95959
54073,1,3.95952
54074,1,3.95944
54075,1,3.95937
54076,1,3.9593
54077,1,3.95922
54078,1,3.95915
54079,1,3.95908
54080,1,3.95901
54081,1,3.95893
54082,1,3.95886
54083,1,3.95879
54084,1,3.95871
54085,1,3.95864
54086,1,3.95857
54087,1,3.95849
54088,1,3.95842
54089,1,3.95835
54090,1,3.95827
54091,1,3.9582
54092,1,3.95813
54093,1,3.95805
54094,1,3.95798
54095,1,3.95791
54096,1,3.95783
54097,1,3.95776
54098,1,3.95769
54099,1,3.95761
54100,1,3.95754
54101,1,3.95747
54102,1,3.9574
54103,1,3.95732
54104,1,3.95725
54105,1,3.95718
54106,1,3.9571
54107,1,3.95703
54108,1,3.95696
54109,1,3.95688
54110,1,3.95681
54111,1,3.95674
54112,1,3.95666
54113,1,3.95659
54114,1,3.95652
54115,1,3.95644
54116,1,3.95637
54117,1,3.9563
54118,1,3.95623
54119,1,3.95615
54120,1,3.95608
54121,1,3.95601
54122,1,3.95593
54123,1,3.95586
54124,1,3.95579
54125,1,3.95571
54126,1,3.95564
54127,1,3.95557
54128,1,3.95549
54129,1,3.95542
54130,1,3.95535
54131,1,3.95528
54132,1,3.9552
54133,1,3.95513
54134,1,3.95506
54135,1,3.95498
54136,1,3.95491
54137,1,3.95484
54138,1,3.95476
54139,1,3.95469
54140,1,3.95462
54141,1,3.95454
54142,1,3.95447
54143,1,3.9544
54144,1,3.95433
54145,1,3.95425
54146,1,3.95418
54147,1,3.95411
54148,1,3.95403
54149,1,3.95396
54150,1,3.95389
54151,1,3.95381
54152,1,3.95374
54153,1,3.95367
54154,1,3.9536
54155,1,3.95352
54156,1,3.95345
54157,1,3.95338
54158,1,3.9533
54159,1,3.95323
54160,1,3.95316
54161,1,3.95308
54162,1,3.95301
54163,1,3.95294
54164,1,3.95287
54165,1,3.95279
54166,1,3.95272
54167,1,3.95265
54168,1,3.95257
54169,1,3.9525
54170,1,3.95243
54171,1,3.95235
54172,1,3.95228
54173,1,3.95221
54174,1,3.95214
54175,1,3.95206
54176,1,3.95199
54177,1,3.95192
54178,1,3.95184
54179,1,3.95177
54180,1,3.9517
54181,1,3.95163
54182,1,3.95155
54183,1,3.95148
54184,1,3.95141
54185,1,3.95133
54186,1,3.95126
54187,1,3.95119
54188,1,3.95111
54189,1,3.95104
54190,1,3.95097
54191,1,3.9509
54192,1,3.95082
54193,1,3.95075
54194,1,3.95068
54195,1,3.9506
54196,1,3.95053
54197,1,3.95046
54198,1,3.95039
54199,1,3.95031
54200,1,3.95024
54201,1,3.95017
54202,1,3.95009
54203,1,3.95002
54204,1,3.94995
54205,1,3.94988
54206,1,3.9498
54207,1,3.94973
54208,1,3.94966
54209,1,3.94958
54210,1,3.94951
54211,1,3.94944
54212,1,3.94937
54213,1,3.94929
54214,1,3.94922
54215,1,3.94915
54216,1,3.94907
54217,1,3.949
54218,1,3.94893
54219,1,3.94886
54220,1,3.94878
54221,1,3.94871
54222,1,3.94864
54223,1,3.94856
54224,1,3.94849
54225,1,3.94842
54226,1,3.94835
54227,1,3.94827
54228,1,3.9482
54229,1,3.94813
54230,1,3.94805
54231,1,3.94798
54232,1,3.94791
54233,1,3.94784
54234,1,3.94776
54235,1,3.94769
54236,1,3.94762
54237,1,3.94755
54238,1,3.94747
54239,1,3.9474
54240,1,3.94733
54241,1,3.94725
54242,1,3.94718
54243,1,3.94711
54244,1,3.94704
54245,1,3.94696
54246,1,3.94689
54247,1,3.94682
54248,1,3.94674
54249,1,3.94667
54250,1,3.9466
54251,1,3.94653
54252,1,3.94645
54253,1,3.94638
54254,1,3.94631
54255,1,3.94624
54256,1,3.94616
54257,1,3.94609
54258,1,3.94602
54259,1,3.94594
54260,1,3.94587
54261,1,3.9458
54262,1,3.94573
54263,1,3.94565
54264,1,3.94558
54265,1,3.94551
54266,1,3.94544
54267,1,3.94536
54268,1,3.94529
54269,1,3.94522
54270,1,3.94514
54271,1,3.94507
54272,1,3.945
54273,1,3.94493
54274,1,3.94485
54275,1,3.94478
54276,1,3.94471
54277,1,3.94464
54278,1,3.94456
54279,1,3.94449
54280,1,3.94442
54281,1,3.94435
54282,1,3.94427
54283,1,3.9442
54284,1,3.94413
54285,1,3.94405
54286,1,3.94398
54287,1,3.94391
54288,1,3.94384
54289,1,3.94376
54290,1,3.94369
54291,1,3.94362
54292,1,3.94355
54293,1,3.94347
54294,1,3.9434
54295,1,3.94333
54296,1,3.94326
54297,1,3.94318
54298,1,3.94311
54299,1,3.94304
54300,1,3.94297
54301,1,3.94289
54302,1,3.94282
54303,1,3.94275
54304,1,3.94267
54305,1,3.9426
54306,1,3.94253
54307,1,3.94246
54308,1,3.94238
54309,1,3.94231
54310,1,3.94224
54311,1,3.94217
54312,1,3.94209
54313,1,3.94202
54314,1,3.94195
54315,1,3.94188
54316,1,3.9418
54317,1,3.94173
54318,1,3.94166
54319,1,3.94159
54320,1,3.94151
54321,1,3.94144
54322,1,3.94137
54323,1,3.9413
54324,1,3.94122
54325,1,3.94115
54326,1,3.94108
54327,1,3.94101
54328,1,3.94093
54329,1,3.94086
54330,1,3.94079
54331,1,3.94072
54332,1,3.94064
54333,1,3.94057
54334,1,3.9405
54335,1,3.94043
54336,1,3.94035
54337,1,3.94028
54338,1,3.94021
54339,1,3.94014
54340,1,3.94006
54341,1,3.93999
54342,1,3.93992
54343,1,3.93985
54344,1,3.93977
54345,1,3.9397
54346,1,3.93963
54347,1,3.93956
54348,1,3.93948
54349,1,3.93941
54350,1,3.93934
54351,1,3.93927
54352,1,3.93919
54353,1,3.93912
54354,1,3.93905
54355,1,3.93898
54356,1,3.9389
54357,1,3.93883
54358,1,3.93876
54359,1,3.93869
54360,1,3.93861
54361,1,3.93854
54362,1,3.93847
54363,1,3.9384
54364,1,3.93832
54365,1,3.93825
54366,1,3.93818
54367,1,3.93811
54368,1,3.93803
54369,1,3.93796
54370,1,3.93789
54371,1,3.93782
54372,1,3.93774
54373,1,3.93767
54374,1,3.9376
54375,1,3.93753
54376,1,3.93745
54377,1,3.93738
54378,1,3.93731
54379,1,3.93724
54380,1,3.93716
54381,1,3.93709
54382,1,3.93702
54383,1,3.93695
54384,1,3.93687
54385,1,3.9368
54386,1,3.93673
54387,1,3.93666
54388,1,3.93659
54389,1,3.93651
54390,1,3.93644
54391,1,3.93637
54392,1,3.9363
54393,1,3.93622
54394,1,3.93615
54395,1,3.93608
54396,1,3.93601
54397,1,3.93593
54398,1,3.93586
54399,1,3.93579
54400,1,3.93572
54401,1,3.93564
54402,1,3.93557
54403,1,3.9355
54404,1,3.93543
54405,1,3.93536
54406,1,3.93528
54407,1,3.93521
54408,1,3.93514
54409,1,3.93507
54410,1,3.93499
54411,1,3.93492
54412,1,3.93485
54413,1,3.93478
54414,1,3.9347
54415,1,3.93463
54416,1,3.93456
54417,1,3.93449
54418,1,3.93442
54419,1,3.93434
54420,1,3.93427
54421,1,3.9342
54422,1,3.93413
54423,1,3.93405
54424,1,3.93398
54425,1,3.93391
54426,1,3.93384
54427,1,3.93376
54428,1,3.93369
54429,1,3.93362
54430,1,3.93355
54431,1,3.93348
54432,1,3.9334
54433,1,3.93333
54434,1,3.93326
54435,1,3.93319
54436,1,3.93311
54437,1,3.93304
54438,1,3.93297
54439,1,3.9329
54440,1,3.93283
54441,1,3.93275
54442,1,3.93268
54443,1,3.93261
54444,1,3.93254
54445,1,3.93246
54446,1,3.93239
54447,1,3.93232
54448,1,3.93225
54449,1,3.93218
54450,1,3.9321
54451,1,3.93203
54452,1,3.93196
54453,1,3.93189
54454,1,3.93181
54455,1,3.93174
54456,1,3.93167
54457,1,3.9316
54458,1,3.93153
54459,1,3.93145
54460,1,3.93138
54461,1,3.93131
54462,1,3.93124
54463,1,3.93116
54464,1,3.93109
54465,1,3.93102
54466,1,3.93095
54467,1,3.93088
54468,1,3.9308
54469,1,3.93073
54470,1,3.93066
54471,1,3.93059
54472,1,3.93051
54473,1,3.93044
54474,1,3.93037
54475,1,3.9303
54476,1,3.93023
54477,1,3.93015
54478,1,3.93008
54479,1,3.93001
54480,1,3.92994
54481,1,3.92987
54482,1,3.92979
54483,1,3.92972
54484,1,3.92965
54485,1,3.92958
54486,1,3.9295
54487,1,3.92943
54488,1,3.92936
54489,1,3.92929
54490,1,3.92922
54491,1,3.92914
54492,1,3.92907
54493,1,3.929
54494,1,3.92893
54495,1,3.92886
54496,1,3.92878
54497,1,3.92871
54498,1,3.92864
54499,1,3.92857
54500,1,3.9285
54501,1,3.92842
54502,1,3.92835
54503,1,3.92828
54504,1,3.92821
54505,1,3.92814
54506,1,3.92806
54507,1,3.92799
54508,1,3.92792
54509,1,3.92785
54510,1,3.92777
54511,1,3.9277
54512,1,3.92763
54513,1,3.92756
54514,1,3.92749
54515,1,3.92741
54516,1,3.92734
54517,1,3.92727
54518,1,3.9272
54519,1,3.92713
54520,1,3.92705
54521,1,3.92698
54522,1,3.92691
54523,1,3.92684
54524,1,3.92677
54525,1,3.92669
54526,1,3.92662
54527,1,3.92655
54528,1,3.92648
54529,1,3.92641
54530,1,3.92633
54531,1,3.92626
54532,1,3.92619
54533,1,3.92612
54534,1,3.92605
54535,1,3.92597
54536,1,3.9259
54537,1,3.92583
54538,1,3.92576
54539,1,3.92569
54540,1,3.92561
54541,1,3.92554
54542,1,3.92547
54543,1,3.9254
54544,1,3.92533
54545,1,3.92525
54546,1,3.92518
54547,1,3.92511
54548,1,3.92504
54549,1,3.92497
54550,1,3.92489
54551,1,3.92482
54552,1,3.92475
54553,1,3.92468
54554,1,3.92461
54555,1,3.92453
54556,1,3.92446
54557,1,3.92439
54558,1,3.92432
54559,1,3.92425
54560,1,3.92418
54561,1,3.9241
54562,1,3.92403
54563,1,3.92396
54564,1,3.92389
54565,1,3.92382
54566,1,3.92374
54567,1,3.92367
54568,1,3.9236
54569,1,3.92353
54570,1,3.92346
54571,1,3.92338
54572,1,3.92331
54573,1,3.92324
54574,1,3.92317
54575,1,3.9231
54576,1,3.92302
54577,1,3.92295
54578,1,3.92288
54579,1,3.92281
54580,1,3.92274
54581,1,3.92267
54582,1,3.92259
54583,1,3.92252
54584,1,3.92245
54585,1,3.92238
54586,1,3.92231
54587,1,3.92223
54588,1,3.92216
54589,1,3.92209
54590,1,3.92202
54591,1,3.92195
54592,1,3.92188
54593,1,3.9218
54594,1,3.92173
54595,1,3.92166
54596,1,3.92159
54597,1,3.92152
54598,1,3.92144
54599,1,3.92137
54600,1,3.9213
54601,1,3.92123
54602,1,3.92116
54603,1,3.92108
54604,1,3.92101
54605,1,3.92094
54606,1,3.92087
54607,1,3.9208
54608,1,3.92073
54609,1,3.92065
54610,1,3.92058
54611,1,3.92051
54612,1,3.92044
54613,1,3.92037
54614,1,3.9203
54615,1,3.92022
54616,1,3.92015
54617,1,3.92008
54618,1,3.92001
54619,1,3.91994
54620,1,3.91986
54621,1,3.91979
54622,1,3.91972
54623,1,3.91965
54624,1,3.91958
54625,1,3.91951
54626,1,3.91943
54627,1,3.91936
54628,1,3.91929
54629,1,3.91922
54630,1,3.91915
54631,1,3.91908
54632,1,3.919
54633,1,3.91893
54634,1,3.91886
54635,1,3.91879
54636,1,3.91872
54637,1,3.91864
54638,1,3.91857
54639,1,3.9185
54640,1,3.91843
54641,1,3.91836
54642,1,3.91829
54643,1,3.91821
54644,1,3.91814
54645,1,3.91807
54646,1,3.918
54647,1,3.91793
54648,1,3.91786
54649,1,3.91778
54650,1,3.91771
54651,1,3.91764
54652,1,3.91757
54653,1,3.9175
54654,1,3.91743
54655,1,3.91735
54656,1,3.91728
54657,1,3.91721
54658,1,3.91714
54659,1,3.91707
54660,1,3.917
54661,1,3.91692
54662,1,3.91685
54663,1,3.91678
54664,1,3.91671
54665,1,3.91664
54666,1,3.91657
54667,1,3.91649
54668,1,3.91642
54669,1,3.91635
54670,1,3.91628
54671,1,3.91621
54672,1,3.91614
54673,1,3.91606
54674,1,3.91599
54675,1,3.91592
54676,1,3.91585
54677,1,3.91578
54678,1,3.91571
54679,1,3.91563
54680,1,3.91556
54681,1,3.91549
54682,1,3.91542
54683,1,3.91535
54684,1,3.91528
54685,1,3.91521
54686,1,3.91513
54687,1,3.91506
54688,1,3.91499
54689,1,3.91492
54690,1,3.91485
54691,1,3.91478
54692,1,3.9147
54693,1,3.91463
54694,1,3.91456
54695,1,3.91449
54696,1,3.91442
54697,1,3.91435
54698,1,3.91427
54699,1,3.9142
54700,1,3.91413
54701,1,3.91406
54702,1,3.91399
54703,1,3.91392
54704,1,3.91385
54705,1,3.91377
54706,1,3.9137
54707,1,3.91363
54708,1,3.91356
54709,1,3.91349
54710,1,3.91342
54711,1,3.91334
54712,1,3.91327
54713,1,3.9132
54714,1,3.91313
54715,1,3.91306
54716,1,3.91299
54717,1,3.91292
54718,1,3.91284
54719,1,3.91277
54720,1,3.9127
54721,1,3.91263
54722,1,3.91256
54723,1,3.91249
54724,1,3.91242
54725,1,3.91234
54726,1,3.91227
54727,1,3.9122
54728,1,3.91213
54729,1,3.91206
54730,1,3.91199
54731,1,3.91191
54732,1,3.91184
54733,1,3.91177
54734,1,3.9117
54735,1,3.91163
54736,1,3.91156
54737,1,3.91149
54738,1,3.91141
54739,1,3.91134
54740,1,3.91127
54741,1,3.9112
54742,1,3.91113
54743,1,3.91106
54744,1,3.91099
54745,1,3.91091
54746,1,3.91084
54747,1,3.91077
54748,1,3.9107
54749,1,3.91063
54750,1,3.91056
54751,1,3.91049
54752,1,3.91041
54753,1,3.91034
54754,1,3.91027
54755,1,3.9102
54756,1,3.91013
54757,1,3.91006
54758,1,3.90999
54759,1,3.90991
54760,1,3.90984
54761,1,3.90977
54762,1,3.9097
54763,1,3.90963
54764,1,3.90956
54765,1,3.90949
54766,1,3.90941
54767,1,3.90934
54768,1,3.90927
54769,1,3.9092
54770,1,3.90913
54771,1,3.90906
54772,1,3.90899
54773,1,3.90891
54774,1,3.90884
54775,1,3.90877
54776,1,3.9087
54777,1,3.90863
54778,1,3.90856
54779,1,3.90849
54780,1,3.90842
54781,1,3.90834
54782,1,3.90827
54783,1,3.9082
54784,1,3.90813
54785,1,3.90806
54786,1,3.90799
54787,1,3.90792
54788,1,3.90784
54789,1,3.90777
54790,1,3.9077
54791,1,3.90763
54792,1,3.90756
54793,1,3.90749
54794,1,3.90742
54795,1,3.90735
54796,1,3.90727
54797,1,3.9072
54798,1,3.90713
54799,1,3.90706
54800,1,3.90699
54801,1,3.90692
54802,1,3.90685
54803,1,3.90678
54804,1,3.9067
54805,1,3.90663
54806,1,3.90656
54807,1,3.90649
54808,1,3.90642
54809,1,3.90635
54810,1,3.90628
54811,1,3.9062
54812,1,3.90613
54813,1,3.90606
54814,1,3.90599
54815,1,3.90592
54816,1,3.90585
54817,1,3.90578
54818,1,3.90571
54819,1,3.90563
54820,1,3.90556
54821,1,3.90549
54822,1,3.90542
54823,1,3.90535
54824,1,3.90528
54825,1,3.90521
54826,1,3.90514
54827,1,3.90507
54828,1,3.90499
54829,1,3.90492
54830,1,3.90485
54831,1,3.90478
54832,1,3.90471
54833,1,3.90464
54834,1,3.90457
54835,1,3.9045
54836,1,3.90442
54837,1,3.90435
54838,1,3.90428
54839,1,3.90421
54840,1,3.90414
54841,1,3.90407
54842,1,3.904
54843,1,3.90393
54844,1,3.90385
54845,1,3.90378
54846,1,3.90371
54847,1,3.90364
54848,1,3.90357
54849,1,3.9035
54850,1,3.90343
54851,1,3.90336
54852,1,3.90329
54853,1,3.90321
54854,1,3.90314
54855,1,3.90307
54856,1,3.903
54857,1,3.90293
54858,1,3.90286
54859,1,3.90279
54860,1,3.90272
54861,1,3.90264
54862,1,3.90257
54863,1,3.9025
54864,1,3.90243
54865,1,3.90236
54866,1,3.90229
54867,1,3.90222
54868,1,3.90215
54869,1,3.90208
54870,1,3.902
54871,1,3.90193
54872,1,3.90186
54873,1,3.90179
54874,1,3.90172
54875,1,3.90165
54876,1,3.90158
54877,1,3.90151
54878,1,3.90144
54879,1,3.90136
54880,1,3.90129
54881,1,3.90122
54882,1,3.90115
54883,1,3.90108
54884,1,3.90101
54885,1,3.90094
54886,1,3.90087
54887,1,3.9008
54888,1,3.90073
54889,1,3.90065
54890,1,3.90058
54891,1,3.90051
54892,1,3.90044
54893,1,3.90037
54894,1,3.9003
54895,1,3.90023
54896,1,3.90016
54897,1,3.90009
54898,1,3.90001
54899,1,3.89994
54900,1,3.89987
54901,1,3.8998
54902,1,3.89973
54903,1,3.89966
54904,1,3.89959
54905,1,3.89952
54906,1,3.89945
54907,1,3.89938
54908,1,3.8993
54909,1,3.89923
54910,1,3.89916
54911,1,3.89909
54912,1,3.89902
54913,1,3.89895
54914,1,3.89888
54915,1,3.89881
54916,1,3.89874
54917,1,3.89867
54918,1,3.89859
54919,1,3.89852
54920,1,3.89845
54921,1,3.89838
54922,1,3.89831
54923,1,3.89824
54924,1,3.89817
54925,1,3.8981
54926,1,3.89803
54927,1,3.89796
54928,1,3.89788
54929,1,3.89781
54930,1,3.89774
54931,1,3.89767
54932,1,3.8976
54933,1,3.89753
54934,1,3.89746
54935,1,3.89739
54936,1,3.89732
54937,1,3.89725
54938,1,3.89717
54939,1,3.8971
54940,1,3.89703
54941,1,3.89696
54942,1,3.89689
54943,1,3.89682
54944,1,3.89675
54945,1,3.89668
54946,1,3.89661
54947,1,3.89654
54948,1,3.89647
54949,1,3.89639
54950,1,3.89632
54951,1,3.89625
54952,1,3.89618
54953,1,3.89611
54954,1,3.89604
54955,1,3.89597
54956,1,3.8959
54957,1,3.89583
54958,1,3.89576
54959,1,3.89569
54960,1,3.89561
54961,1,3.89554
54962,1,3.89547
54963,1,3.8954
54964,1,3.89533
54965,1,3.89526
54966,1,3.89519
54967,1,3.89512
54968,1,3.89505
54969,1,3.89498
54970,1,3.89491
54971,1,3.89484
54972,1,3.89476
54973,1,3.89469
54974,1,3.89462
54975,1,3.89455
54976,1,3.89448
54977,1,3.89441
54978,1,3.89434
54979,1,3.89427
54980,1,3.8942
54981,1,3.89413
54982,1,3.89406
54983,1,3.89399
54984,1,3.89391
54985,1,3.89384
54986,1,3.89377
54987,1,3.8937
54988,1,3.89363
54989,1,3.89356
54990,1,3.89349
54991,1,3.89342
54992,1,3.89335
54993,1,3.89328
54994,1,3.89321
54995,1,3.89314
54996,1,3.89306
54997,1,3.89299
54998,1,3.89292
54999,1,3.89285
55000,1,3.89278
55001,1,3.89271
55002,1,3.89264
55003,1,3.89257
55004,1,3.8925
55005,1,3.89243
55006,1,3.89236
55007,1,3.89229
55008,1,3.89222
55009,1,3.89214
55010,1,3.89207
55011,1,3.892
55012,1,3.89193
55013,1,3.89186
55014,1,3.89179
55015,1,3.89172
55016,1,3.89165
55017,1,3.89158
55018,1,3.89151
55019,1,3.89144
55020,1,3.89137
55021,1,3.8913
55022,1,3.89123
55023,1,3.89115
55024,1,3.89108
55025,1,3.89101
55026,1,3.89094
55027,1,3.89087
55028,1,3.8908
55029,1,3.89073
55030,1,3.89066
55031,1,3.89059
55032,1,3.89052
55033,1,3.89045
55034,1,3.89038
55035,1,3.89031
55036,1,3.89024
55037,1,3.89016
55038,1,3.89009
55039,1,3.89002
55040,1,3.88995
55041,1,3.88988
55042,1,3.88981
55043,1,3.88974
55044,1,3.88967
55045,1,3.8896
55046,1,3.88953
55047,1,3.88946
55048,1,3.88939
55049,1,3.88932
55050,1,3.88925
55051,1,3.88918
55052,1,3.8891
55053,1,3.88903
55054,1,3.88896
55055,1,3.88889
55056,1,3.88882
55057,1,3.88875
55058,1,3.88868
55059,1,3.88861
55060,1,3.88854
55061,1,3.88847
55062,1,3.8884
55063,1,3.88833
55064,1,3.88826
55065,1,3.88819
55066,1,3.88812
55067,1,3.88805
55068,1,3.88797
55069,1,3.8879
55070,1,3.88783
55071,1,3.88776
55072,1,3.88769
55073,1,3.88762
55074,1,3.88755
55075,1,3.88748
55076,1,3.88741
55077,1,3.88734
55078,1,3.88727
55079,1,3.8872
55080,1,3.88713
55081,1,3.88706
55082,1,3.88699
55083,1,3.88692
55084,1,3.88685
55085,1,3.88677
55086,1,3.8867
55087,1,3.88663
55088,1,3.88656
55089,1,3.88649
55090,1,3.88642
55091,1,3.88635
55092,1,3.88628
55093,1,3.88621
55094,1,3.88614
55095,1,3.88607
55096,1,3.886
55097,1,3.88593
55098,1,3.88586
55099,1,3.88579
55100,1,3.88572
55101,1,3.88565
55102,1,3.88558
55103,1,3.88551
55104,1,3.88543
55105,1,3.88536
55106,1,3.88529
55107,1,3.88522
55108,1,3.88515
55109,1,3.88508
55110,1,3.88501
55111,1,3.88494
55112,1,3.88487
55113,1,3.8848
55114,1,3.88473
55115,1,3.88466
55116,1,3.88459
55117,1,3.88452
55118,1,3.88445
55119,1,3.88438
55120,1,3.88431
55121,1,3.88424
55122,1,3.88417
55123,1,3.8841
55124,1,3.88403
55125,1,3.88395
55126,1,3.88388
55127,1,3.88381
55128,1,3.88374
55129,1,3.88367
55130,1,3.8836
55131,1,3.88353
55132,1,3.88346
55133,1,3.88339
55134,1,3.88332
55135,1,3.88325
55136,1,3.88318
55137,1,3.88311
55138,1,3.88304
55139,1,3.88297
55140,1,3.8829
55141,1,3.88283
55142,1,3.88276
55143,1,3.88269
55144,1,3.88262
55145,1,3.88255
55146,1,3.88248
55147,1,3.88241
55148,1,3.88233
55149,1,3.88226
55150,1,3.88219
55151,1,3.88212
55152,1,3.88205
55153,1,3.88198
55154,1,3.88191
55155,1,3.88184
55156,1,3.88177
55157,1,3.8817
55158,1,3.88163
55159,1,3.88156
55160,1,3.88149
55161,1,3.88142
55162,1,3.88135
55163,1,3.88128
55164,1,3.88121
55165,1,3.88114
55166,1,3.88107
55167,1,3.881
55168,1,3.88093
55169,1,3.88086
55170,1,3.88079
55171,1,3.88072
55172,1,3.88065
55173,1,3.88058
55174,1,3.88051
55175,1,3.88043
55176,1,3.88036
55177,1,3.88029
55178,1,3.88022
55179,1,3.88015
55180,1,3.88008
55181,1,3.88001
55182,1,3.87994
55183,1,3.87987
55184,1,3.8798
55185,1,3.87973
55186,1,3.87966
55187,1,3.87959
55188,1,3.87952
55189,1,3.87945
55190,1,3.87938
55191,1,3.87931
55192,1,3.87924
55193,1,3.87917
55194,1,3.8791
55195,1,3.87903
55196,1,3.87896
55197,1,3.87889
55198,1,3.87882
55199,1,3.87875
55200,1,3.87868
55201,1,3.87861
55202,1,3.87854
55203,1,3.87847
55204,1,3.8784
55205,1,3.87833
55206,1,3.87826
55207,1,3.87819
55208,1,3.87812
55209,1,3.87805
55210,1,3.87798
55211,1,3.8779
55212,1,3.87783
55213,1,3.87776
55214,1,3.87769
55215,1,3.87762
55216,1,3.87755
55217,1,3.87748
55218,1,3.87741
55219,1,3.87734
55220,1,3.87727
55221,1,3.8772
55222,1,3.87713
55223,1,3.87706
55224,1,3.87699
55225,1,3.87692
55226,1,3.87685
55227,1,3.87678
55228,1,3.87671
55229,1,3.87664
55230,1,3.87657
55231,1,3.8765
55232,1,3.87643
55233,1,3.87636
55234,1,3.87629
55235,1,3.87622
55236,1,3.87615
55237,1,3.87608
55238,1,3.87601
55239,1,3.87594
55240,1,3.87587
55241,1,3.8758
55242,1,3.87573
55243,1,3.87566
55244,1,3.87559
55245,1,3.87552
55246,1,3.87545
55247,1,3.87538
55248,1,3.87531
55249,1,3.87524
55250,1,3.87517
55251,1,3.8751
55252,1,3.87503
55253,1,3.87496
55254,1,3.87489
55255,1,3.87482
55256,1,3.87475
55257,1,3.87468
55258,1,3.87461
55259,1,3.87454
55260,1,3.87447
55261,1,3.8744
55262,1,3.87433
55263,1,3.87426
55264,1,3.87419
55265,1,3.87412
55266,1,3.87405
55267,1,3.87398
55268,1,3.87391
55269,1,3.87384
55270,1,3.87377
55271,1,3.8737
55272,1,3.87362
55273,1,3.87355
55274,1,3.87348
55275,1,3.87341
55276,1,3.87334
55277,1,3.87327
55278,1,3.8732
55279,1,3.87313
55280,1,3.87306
55281,1,3.87299
55282,1,3.87292
55283,1,3.87285
55284,1,3.87278
55285,1,3.87271
55286,1,3.87264
55287,1,3.87257
55288,1,3.8725
55289,1,3.87243
55290,1,3.87236
55291,1,3.87229
55292,1,3.87222
55293,1,3.87215
55294,1,3.87208
55295,1,3.87201
55296,1,3.87194
55297,1,3.87187
55298,1,3.8718
55299,1,3.87173
55300,1,3.87166
55301,1,3.87159
55302,1,3.87152
55303,1,3.87145
55304,1,3.87138
55305,1,3.87131
55306,1,3.87124
55307,1,3.87117
55308,1,3.8711
55309,1,3.87103
55310,1,3.87096
55311,1,3.87089
55312,1,3.87082
55313,1,3.87075
55314,1,3.87068
55315,1,3.87061
55316,1,3.87054
55317,1,3.87047
55318,1,3.8704
55319,1,3.87033
55320,1,3.87026
55321,1,3.87019
55322,1,3.87012
55323,1,3.87005
55324,1,3.86998
55325,1,3.86991
55326,1,3.86984
55327,1,3.86977
55328,1,3.8697
55329,1,3.86963
55330,1,3.86956
55331,1,3.86949
55332,1,3.86942
55333,1,3.86935
55334,1,3.86928
55335,1,3.86921
55336,1,3.86914
55337,1,3.86907
55338,1,3.86901
55339,1,3.86894
55340,1,3.86887
55341,1,3.8688
55342,1,3.86873
55343,1,3.86866
55344,1,3.86859
55345,1,3.86852
55346,1,3.86845
55347,1,3.86838
55348,1,3.86831
55349,1,3.86824
55350,1,3.86817
55351,1,3.8681
55352,1,3.86803
55353,1,3.86796
55354,1,3.86789
55355,1,3.86782
55356,1,3.86775
55357,1,3.86768
55358,1,3.86761
55359,1,3.86754
55360,1,3.86747
55361,1,3.8674
55362,1,3.86733
55363,1,3.86726
55364,1,3.86719
55365,1,3.86712
55366,1,3.86705
55367,1,3.86698
55368,1,3.86691
55369,1,3.86684
55370,1,3.86677
55371,1,3.8667
55372,1,3.86663
55373,1,3.86656
55374,1,3.86649
55375,1,3.86642
55376,1,3.86635
55377,1,3.86628
55378,1,3.86621
55379,1,3.86614
55380,1,3.86607
55381,1,3.866
55382,1,3.86593
55383,1,3.86586
55384,1,3.86579
55385,1,3.86572
55386,1,3.86565
55387,1,3.86558
55388,1,3.86551
55389,1,3.86544
55390,1,3.86537
55391,1,3.8653
55392,1,3.86523
55393,1,3.86516
55394,1,3.86509
55395,1,3.86502
55396,1,3.86495
55397,1,3.86488
55398,1,3.86481
55399,1,3.86474
55400,1,3.86468
55401,1,3.86461
55402,1,3.86454
55403,1,3.86447
55404,1,3.8644
55405,1,3.86433
55406,1,3.86426
55407,1,3.86419
55408,1,3.86412
55409,1,3.86405
55410,1,3.86398
55411,1,3.86391
55412,1,3.86384
55413,1,3.86377
55414,1,3.8637
55415,1,3.86363
55416,1,3.86356
55417,1,3.86349
55418,1,3.86342
55419,1,3.86335
55420,1,3.86328
55421,1,3.86321
55422,1,3.86314
55423,1,3.86307
55424,1,3.863
55425,1,3.86293
55426,1,3.86286
55427,1,3.86279
55428,1,3.86272
55429,1,3.86265
55430,1,3.86258
55431,1,3.86251
55432,1,3.86244
55433,1,3.86237
55434,1,3.8623
55435,1,3.86224
55436,1,3.86217
55437,1,3.8621
55438,1,3.86203
55439,1,3.86196
55440,1,3.86189
55441,1,3.86182
55442,1,3.86175
55443,1,3.86168
55444,1,3.86161
55445,1,3.86154
55446,1,3.86147
55447,1,3.8614
55448,1,3.86133
55449,1,3.86126
55450,1,3.86119
55451,1,3.86112
55452,1,3.86105
55453,1,3.86098
55454,1,3.86091
55455,1,3.86084
55456,1,3.86077
55457,1,3.8607
55458,1,3.86063
55459,1,3.86056
55460,1,3.86049
55461,1,3.86042
55462,1,3.86035
55463,1,3.86029
55464,1,3.86022
55465,1,3.86015
55466,1,3.86008
55467,1,3.86001
55468,1,3.85994
55469,1,3.85987
55470,1,3.8598
55471,1,3.85973
55472,1,3.85966
55473,1,3.85959
55474,1,3.85952
55475,1,3.85945
55476,1,3.85938
55477,1,3.85931
55478,1,3.85924
55479,1,3.85917
55480,1,3.8591
55481,1,3.85903
55482,1,3.85896
55483,1,3.85889
55484,1,3.85882
55485,1,3.85875
55486,1,3.85869
55487,1,3.85862
55488,1,3.85855
55489,1,3.85848
55490,1,3.85841
55491,1,3.85834
55492,1,3.85827
55493,1,3.8582
55494,1,3.85813
55495,1,3.85806
55496,1,3.85799
55497,1,3.85792
55498,1,3.85785
55499,1,3.85778
55500,1,3.85771
55501,1,3.85764
55502,1,3.85757
55503,1,3.8575
55504,1,3.85743
55505,1,3.85736
55506,1,3.85729
55507,1,3.85723
55508,1,3.85716
55509,1,3.85709
55510,1,3.85702
55511,1,3.85695
55512,1,3.85688
55513,1,3.85681
55514,1,3.85674
55515,1,3.85667
55516,1,3.8566
55517,1,3.85653
55518,1,3.85646
55519,1,3.85639
55520,1,3.85632
55521,1,3.85625
55522,1,3.85618
55523,1,3.85611
55524,1,3.85604
55525,1,3.85597
55526,1,3.85591
55527,1,3.85584
55528,1,3.85577
55529,1,3.8557
55530,1,3.85563
55531,1,3.85556
55532,1,3.85549
55533,1,3.85542
55534,1,3.85535
55535,1,3.85528
55536,1,3.85521
55537,1,3.85514
55538,1,3.85507
55539,1,3.855
55540,1,3.85493
55541,1,3.85486
55542,1,3.85479
55543,1,3.85473
55544,1,3.85466
55545,1,3.85459
55546,1,3.85452
55547,1,3.85445
55548,1,3.85438
55549,1,3.85431
55550,1,3.85424
55551,1,3.85417
55552,1,3.8541
55553,1,3.85403
55554,1,3.85396
55555,1,3.85389
55556,1,3.85382
55557,1,3.85375
55558,1,3.85368
55559,1,3.85362
55560,1,3.85355
55561,1,3.85348
55562,1,3.85341
55563,1,3.85334
55564,1,3.85327
55565,1,3.8532
55566,1,3.85313
55567,1,3.85306
55568,1,3.85299
55569,1,3.85292
55570,1,3.85285
55571,1,3.85278
55572,1,3.85271
55573,1,3.85264
55574,1,3.85257
55575,1,3.85251
55576,1,3.85244
55577,1,3.85237
55578,1,3.8523
55579,1,3.85223
55580,1,3.85216
55581,1,3.85209
55582,1,3.85202
55583,1,3.85195
55584,1,3.85188
55585,1,3.85181
55586,1,3.85174
55587,1,3.85167
55588,1,3.8516
55589,1,3.85154
55590,1,3.85147
55591,1,3.8514
55592,1,3.85133
55593,1,3.85126
55594,1,3.85119
55595,1,3.85112
55596,1,3.85105
55597,1,3.85098
55598,1,3.85091
55599,1,3.85084
55600,1,3.85077
55601,1,3.8507
55602,1,3.85063
55603,1,3.85057
55604,1,3.8505
55605,1,3.85043
55606,1,3.85036
55607,1,3.85029
55608,1,3.85022
55609,1,3.85015
55610,1,3.85008
55611,1,3.85001
55612,1,3.84994
55613,1,3.84987
55614,1,3.8498
55615,1,3.84973
55616,1,3.84967
55617,1,3.8496
55618,1,3.84953
55619,1,3.84946
55620,1,3.84939
55621,1,3.84932
55622,1,3.84925
55623,1,3.84918
55624,1,3.84911
55625,1,3.84904
55626,1,3.84897
55627,1,3.8489
55628,1,3.84884
55629,1,3.84877
55630,1,3.8487
55631,1,3.84863
55632,1,3.84856
55633,1,3.84849
55634,1,3.84842
55635,1,3.84835
55636,1,3.84828
55637,1,3.84821
55638,1,3.84814
55639,1,3.84807
55640,1,3.84801
55641,1,3.84794
55642,1,3.84787
55643,1,3.8478
55644,1,3.84773
55645,1,3.84766
55646,1,3.84759
55647,1,3.84752
55648,1,3.84745
55649,1,3.84738
55650,1,3.84731
55651,1,3.84724
55652,1,3.84718
55653,1,3.84711
55654,1,3.84704
55655,1,3.84697
55656,1,3.8469
55657,1,3.84683
55658,1,3.84676
55659,1,3.84669
55660,1,3.84662
55661,1,3.84655
55662,1,3.84648
55663,1,3.84642
55664,1,3.84635
55665,1,3.84628
55666,1,3.84621
55667,1,3.84614
55668,1,3.84607
55669,1,3.846
55670,1,3.84593
55671,1,3.84586
55672,1,3.84579
55673,1,3.84572
55674,1,3.84566
55675,1,3.84559
55676,1,3.84552
55677,1,3.84545
55678,1,3.84538
55679,1,3.84531
55680,1,3.84524
55681,1,3.84517
55682,1,3.8451
55683,1,3.84503
55684,1,3.84496
55685,1,3.8449
55686,1,3.84483
55687,1,3.84476
55688,1,3.84469
55689,1,3.84462
55690,1,3.84455
55691,1,3.84448
55692,1,3.84441
55693,1,3.84434
55694,1,3.84427
55695,1,3.84421
55696,1,3.84414
55697,1,3.84407
55698,1,3.844
55699,1,3.84393
55700,1,3.84386
55701,1,3.84379
55702,1,3.84372
55703,1,3.84365
55704,1,3.84358
55705,1,3.84351
55706,1,3.84345
55707,1,3.84338
55708,1,3.84331
55709,1,3.84324
55710,1,3.84317
55711,1,3.8431
55712,1,3.84303
55713,1,3.84296
55714,1,3.84289
55715,1,3.84283
55716,1,3.84276
55717,1,3.84269
55718,1,3.84262
55719,1,3.84255
55720,1,3.84248
55721,1,3.84241
55722,1,3.84234
55723,1,3.84227
55724,1,3.8422
55725,1,3.84214
55726,1,3.84207
55727,1,3.842
55728,1,3.84193
55729,1,3.84186
55730,1,3.84179
55731,1,3.84172
55732,1,3.84165
55733,1,3.84158
55734,1,3.84152
55735,1,3.84145
55736,1,3.84138
55737,1,3.84131
55738,1,3.84124
55739,1,3.84117
55740,1,3.8411
55741,1,3.84103
55742,1,3.84096
55743,1,3.84089
55744,1,3.84083
55745,1,3.84076
55746,1,3.84069
55747,1,3.84062
55748,1,3.84055
55749,1,3.84048
55750,1,3.84041
55751,1,3.84034
55752,1,3.84027
55753,1,3.84021
55754,1,3.84014
55755,1,3.84007
55756,1,3.84
55757,1,3.83993
55758,1,3.83986
55759,1,3.83979
55760,1,3.83972
55761,1,3.83965
55762,1,3.83959
55763,1,3.83952
55764,1,3.83945
55765,1,3.83938
55766,1,3.83931
55767,1,3.83924
55768,1,3.83917
55769,1,3.8391
55770,1,3.83904
55771,1,3.83897
55772,1,3.8389
55773,1,3.83883
55774,1,3.83876
55775,1,3.83869
55776,1,3.83862
55777,1,3.83855
55778,1,3.83848
55779,1,3.83842
55780,1,3.83835
55781,1,3.83828
55782,1,3.83821
55783,1,3.83814
55784,1,3.83807
55785,1,3.838
55786,1,3.83793
55787,1,3.83787
55788,1,3.8378
55789,1,3.83773
55790,1,3.83766
55791,1,3.83759
55792,1,3.83752
55793,1,3.83745
55794,1,3.83738
55795,1,3.83732
55796,1,3.83725
55797,1,3.83718
55798,1,3.83711
55799,1,3.83704
55800,1,3.83697
55801,1,3.8369
55802,1,3.83683
55803,1,3.83677
55804,1,3.8367
55805,1,3.83663
55806,1,3.83656
55807,1,3.83649
55808,1,3.83642
55809,1,3.83635
55810,1,3.83628
55811,1,3.83622
55812,1,3.83615
55813,1,3.83608
55814,1,3.83601
55815,1,3.83594
55816,1,3.83587
55817,1,3.8358
55818,1,3.83573
55819,1,3.83567
55820,1,3.8356
55821,1,3.83553
55822,1,3.83546
55823,1,3.83539
55824,1,3.83532
55825,1,3.83525
55826,1,3.83518
55827,1,3.83512
55828,1,3.83505
55829,1,3.83498
55830,1,3.83491
55831,1,3.83484
55832,1,3.83477
55833,1,3.8347
55834,1,3.83463
55835,1,3.83457
55836,1,3.8345
55837,1,3.83443
55838,1,3.83436
55839,1,3.83429
55840,1,3.83422
55841,1,3.83415
55842,1,3.83409
55843,1,3.83402
55844,1,3.83395
55845,1,3.83388
55846,1,3.83381
55847,1,3.83374
55848,1,3.83367
55849,1,3.8336
55850,1,3.83354
55851,1,3.83347
55852,1,3.8334
55853,1,3.83333
55854,1,3.83326
55855,1,3.83319
55856,1,3.83312
55857,1,3.83306
55858,1,3.83299
55859,1,3.83292
55860,1,3.83285
55861,1,3.83278
55862,1,3.83271
55863,1,3.83264
55864,1,3.83258
55865,1,3.83251
55866,1,3.83244
55867,1,3.83237
55868,1,3.8323
55869,1,3.83223
55870,1,3.83216
55871,1,3.8321
55872,1,3.83203
55873,1,3.83196
55874,1,3.83189
55875,1,3.83182
55876,1,3.83175
55877,1,3.83168
55878,1,3.83162
55879,1,3.83155
55880,1,3.83148
55881,1,3.83141
55882,1,3.83134
55883,1,3.83127
55884,1,3.8312
55885,1,3.83114
55886,1,3.83107
55887,1,3.831
55888,1,3.83093
55889,1,3.83086
55890,1,3.83079
55891,1,3.83072
55892,1,3.83066
55893,1,3.83059
55894,1,3.83052
55895,1,3.83045
55896,1,3.83038
55897,1,3.83031
55898,1,3.83024
55899,1,3.83018
55900,1,3.83011
55901,1,3.83004
55902,1,3.82997
55903,1,3.8299
55904,1,3.82983
55905,1,3.82976
55906,1,3.8297
55907,1,3.82963
55908,1,3.82956
55909,1,3.82949
55910,1,3.82942
55911,1,3.82935
55912,1,3.82929
55913,1,3.82922
55914,1,3.82915
55915,1,3.82908
55916,1,3.82901
55917,1,3.82894
55918,1,3.82887
55919,1,3.82881
55920,1,3.82874
55921,1,3.82867
55922,1,3.8286
55923,1,3.82853
55924,1,3.82846
55925,1,3.8284
55926,1,3.82833
55927,1,3.82826
55928,1,3.82819
55929,1,3.82812
55930,1,3.82805
55931,1,3.82798
55932,1,3.82792
55933,1,3.82785
55934,1,3.82778
55935,1,3.82771
55936,1,3.82764
55937,1,3.82757
55938,1,3.82751
55939,1,3.82744
55940,1,3.82737
55941,1,3.8273
55942,1,3.82723
55943,1,3.82716
55944,1,3.82709
55945,1,3.82703
55946,1,3.82696
55947,1,3.82689
55948,1,3.82682
55949,1,3.82675
55950,1,3.82668
55951,1,3.82662
55952,1,3.82655
55953,1,3.82648
55954,1,3.82641
55955,1,3.82634
55956,1,3.82627
55957,1,3.82621
55958,1,3.82614
55959,1,3.82607
55960,1,3.826
55961,1,3.82593
55962,1,3.82586
55963,1,3.8258
55964,1,3.82573
55965,1,3.82566
55966,1,3.82559
55967,1,3.82552
55968,1,3.82545
55969,1,3.82539
55970,1,3.82532
55971,1,3.82525
55972,1,3.82518
55973,1,3.82511
55974,1,3.82504
55975,1,3.82498
55976,1,3.82491
55977,1,3.82484
55978,1,3.82477
55979,1,3.8247
55980,1,3.82463
55981,1,3.82457
55982,1,3.8245
55983,1,3.82443
55984,1,3.82436
55985,1,3.82429
55986,1,3.82422
55987,1,3.82416
55988,1,3.82409
55989,1,3.82402
55990,1,3.82395
55991,1,3.82388
55992,1,3.82381
55993,1,3.82375
55994,1,3.82368
55995,1,3.82361
55996,1,3.82354
55997,1,3.82347
55998,1,3.8234
55999,1,3.82334
56000,1,3.82327
56001,1,3.8232
56002,1,3.82313
56003,1,3.82306
56004,1,3.82299
56005,1,3.82293
56006,1,3.82286
56007,1,3.82279
56008,1,3.82272
56009,1,3.82265
56010,1,3.82259
56011,1,3.82252
56012,1,3.82245
56013,1,3.82238
56014,1,3.82231
56015,1,3.82224
56016,1,3.82218
56017,1,3.82211
56018,1,3.82204
56019,1,3.82197
56020,1,3.8219
56021,1,3.82183
56022,1,3.82177
56023,1,3.8217
56024,1,3.82163
56025,1,3.82156
56026,1,3.82149
56027,1,3.82143
56028,1,3.82136
56029,1,3.82129
56030,1,3.82122
56031,1,3.82115
56032,1,3.82108
56033,1,3.82102
56034,1,3.82095
56035,1,3.82088
56036,1,3.82081
56037,1,3.82074
56038,1,3.82068
56039,1,3.82061
56040,1,3.82054
56041,1,3.82047
56042,1,3.8204
56043,1,3.82033
56044,1,3.82027
56045,1,3.8202
56046,1,3.82013
56047,1,3.82006
56048,1,3.81999
56049,1,3.81993
56050,1,3.81986
56051,1,3.81979
56052,1,3.81972
56053,1,3.81965
56054,1,3.81958
56055,1,3.81952
56056,1,3.81945
56057,1,3.81938
56058,1,3.81931
56059,1,3.81924
56060,1,3.81918
56061,1,3.81911
56062,1,3.81904
56063,1,3.81897
56064,1,3.8189
56065,1,3.81884
56066,1,3.81877
56067,1,3.8187
56068,1,3.81863
56069,1,3.81856
56070,1,3.81849
56071,1,3.81843
56072,1,3.81836
56073,1,3.81829
56074,1,3.81822
56075,1,3.81815
56076,1,3.81809
56077,1,3.81802
56078,1,3.81795
56079,1,3.81788
56080,1,3.81781
56081,1,3.81775
56082,1,3.81768
56083,1,3.81761
56084,1,3.81754
56085,1,3.81747
56086,1,3.81741
56087,1,3.81734
56088,1,3.81727
56089,1,3.8172
56090,1,3.81713
56091,1,3.81707
56092,1,3.817
56093,1,3.81693
56094,1,3.81686
56095,1,3.81679
56096,1,3.81672
56097,1,3.81666
56098,1,3.81659
56099,1,3.81652
56100,1,3.81645
56101,1,3.81638
56102,1,3.81632
56103,1,3.81625
56104,1,3.81618
56105,1,3.81611
56106,1,3.81604
56107,1,3.81598
56108,1,3.81591
56109,1,3.81584
56110,1,3.81577
56111,1,3.8157
56112,1,3.81564
56113,1,3.81557
56114,1,3.8155
56115,1,3.81543
56116,1,3.81536
56117,1,3.8153
56118,1,3.81523
56119,1,3.81516
56120,1,3.81509
56121,1,3.81502
56122,1,3.81496
56123,1,3.81489
56124,1,3.81482
56125,1,3.81475
56126,1,3.81468
56127,1,3.81462
56128,1,3.81455
56129,1,3.81448
56130,1,3.81441
56131,1,3.81435
56132,1,3.81428
56133,1,3.81421
56134,1,3.81414
56135,1,3.81407
56136,1,3.81401
56137,1,3.81394
56138,1,3.81387
56139,1,3.8138
56140,1,3.81373
56141,1,3.81367
56142,1,3.8136
56143,1,3.81353
56144,1,3.81346
56145,1,3.81339
56146,1,3.81333
56147,1,3.81326
56148,1,3.81319
56149,1,3.81312
56150,1,3.81305
56151,1,3.81299
56152,1,3.81292
56153,1,3.81285
56154,1,3.81278
56155,1,3.81271
56156,1,3.81265
56157,1,3.81258
56158,1,3.81251
56159,1,3.81244
56160,1,3.81238
56161,1,3.81231
56162,1,3.81224
56163,1,3.81217
56164,1,3.8121
56165,1,3.81204
56166,1,3.81197
56167,1,3.8119
56168,1,3.81183
56169,1,3.81176
56170,1,3.8117
56171,1,3.81163
56172,1,3.81156
56173,1,3.81149
56174,1,3.81143
56175,1,3.81136
56176,1,3.81129
56177,1,3.81122
56178,1,3.81115
56179,1,3.81109
56180,1,3.81102
56181,1,3.81095
56182,1,3.81088
56183,1,3.81081
56184,1,3.81075
56185,1,3.81068
56186,1,3.81061
56187,1,3.81054
56188,1,3.81048
56189,1,3.81041
56190,1,3.81034
56191,1,3.81027
56192,1,3.8102
56193,1,3.81014
56194,1,3.81007
56195,1,3.81
56196,1,3.80993
56197,1,3.80987
56198,1,3.8098
56199,1,3.80973
56200,1,3.80966
56201,1,3.80959
56202,1,3.80953
56203,1,3.80946
56204,1,3.80939
56205,1,3.80932
56206,1,3.80926
56207,1,3.80919
56208,1,3.80912
56209,1,3.80905
56210,1,3.80898
56211,1,3.80892
56212,1,3.80885
56213,1,3.80878
56214,1,3.80871
56215,1,3.80865
56216,1,3.80858
56217,1,3.80851
56218,1,3.80844
56219,1,3.80837
56220,1,3.80831
56221,1,3.80824
56222,1,3.80817
56223,1,3.8081
56224,1,3.80804
56225,1,3.80797
56226,1,3.8079
56227,1,3.80783
56228,1,3.80776
56229,1,3.8077
56230,1,3.80763
56231,1,3.80756
56232,1,3.80749
56233,1,3.80743
56234,1,3.80736
56235,1,3.80729
56236,1,3.80722
56237,1,3.80716
56238,1,3.80709
56239,1,3.80702
56240,1,3.80695
56241,1,3.80688
56242,1,3.80682
56243,1,3.80675
56244,1,3.80668
56245,1,3.80661
56246,1,3.80655
56247,1,3.80648
56248,1,3.80641
56249,1,3.80634
56250,1,3.80628
56251,1,3.80621
56252,1,3.80614
56253,1,3.80607
56254,1,3.806
56255,1,3.80594
56256,1,3.80587
56257,1,3.8058
56258,1,3.80573
56259,1,3.80567
56260,1,3.8056
56261,1,3.80553
56262,1,3.80546
56263,1,3.8054
56264,1,3.80533
56265,1,3.80526
56266,1,3.80519
56267,1,3.80513
56268,1,3.80506
56269,1,3.80499
56270,1,3.80492
56271,1,3.80486
56272,1,3.80479
56273,1,3.80472
56274,1,3.80465
56275,1,3.80458
56276,1,3.80452
56277,1,3.80445
56278,1,3.80438
56279,1,3.80431
56280,1,3.80425
56281,1,3.80418
56282,1,3.80411
56283,1,3.80404
56284,1,3.80398
56285,1,3.80391
56286,1,3.80384
56287,1,3.80377
56288,1,3.80371
56289,1,3.80364
56290,1,3.80357
56291,1,3.8035
56292,1,3.80344
56293,1,3.80337
56294,1,3.8033
56295,1,3.80323
56296,1,3.80317
56297,1,3.8031
56298,1,3.80303
56299,1,3.80296
56300,1,3.8029
56301,1,3.80283
56302,1,3.80276
56303,1,3.80269
56304,1,3.80263
56305,1,3.80256
56306,1,3.80249
56307,1,3.80242
56308,1,3.80235
56309,1,3.80229
56310,1,3.80222
56311,1,3.80215
56312,1,3.80208
56313,1,3.80202
56314,1,3.80195
56315,1,3.80188
56316,1,3.80181
56317,1,3.80175
56318,1,3.80168
56319,1,3.80161
56320,1,3.80154
56321,1,3.80148
56322,1,3.80141
56323,1,3.80134
56324,1,3.80127
56325,1,3.80121
56326,1,3.80114
56327,1,3.80107
56328,1,3.801
56329,1,3.80094
56330,1,3.80087
56331,1,3.8008
56332,1,3.80073
56333,1,3.80067
56334,1,3.8006
56335,1,3.80053
56336,1,3.80047
56337,1,3.8004
56338,1,3.80033
56339,1,3.80026
56340,1,3.8002
56341,1,3.80013
56342,1,3.80006
56343,1,3.79999
56344,1,3.79993
56345,1,3.79986
56346,1,3.79979
56347,1,3.79972
56348,1,3.79966
56349,1,3.79959
56350,1,3.79952
56351,1,3.79945
56352,1,3.79939
56353,1,3.79932
56354,1,3.79925
56355,1,3.79918
56356,1,3.79912
56357,1,3.79905
56358,1,3.79898
56359,1,3.79891
56360,1,3.79885
56361,1,3.79878
56362,1,3.79871
56363,1,3.79864
56364,1,3.79858
56365,1,3.79851
56366,1,3.79844
56367,1,3.79837
56368,1,3.79831
56369,1,3.79824
56370,1,3.79817
56371,1,3.79811
56372,1,3.79804
56373,1,3.79797
56374,1,3.7979
56375,1,3.79784
56376,1,3.79777
56377,1,3.7977
56378,1,3.79763
56379,1,3.79757
56380,1,3.7975
56381,1,3.79743
56382,1,3.79736
56383,1,3.7973
56384,1,3.79723
56385,1,3.79716
56386,1,3.7971
56387,1,3.79703
56388,1,3.79696
56389,1,3.79689
56390,1,3.79683
56391,1,3.79676
56392,1,3.79669
56393,1,3.79662
56394,1,3.79656
56395,1,3.79649
56396,1,3.79642
56397,1,3.79635
56398,1,3.79629
56399,1,3.79622
56400,1,3.79615
56401,1,3.79609
56402,1,3.79602
56403,1,3.79595
56404,1,3.79588
56405,1,3.79582
56406,1,3.79575
56407,1,3.79568
56408,1,3.79561
56409,1,3.79555
56410,1,3.79548
56411,1,3.79541
56412,1,3.79534
56413,1,3.79528
56414,1,3.79521
56415,1,3.79514
56416,1,3.79508
56417,1,3.79501
56418,1,3.79494
56419,1,3.79487
56420,1,3.79481
56421,1,3.79474
56422,1,3.79467
56423,1,3.79461
56424,1,3.79454
56425,1,3.79447
56426,1,3.7944
56427,1,3.79434
56428,1,3.79427
56429,1,3.7942
56430,1,3.79413
56431,1,3.79407
56432,1,3.794
56433,1,3.79393
56434,1,3.79387
56435,1,3.7938
56436,1,3.79373
56437,1,3.79366
56438,1,3.7936
56439,1,3.79353
56440,1,3.79346
56441,1,3.79339
56442,1,3.79333
56443,1,3.79326
56444,1,3.79319
56445,1,3.79313
56446,1,3.79306
56447,1,3.79299
56448,1,3.79292
56449,1,3.79286
56450,1,3.79279
56451,1,3.79272
56452,1,3.79266
56453,1,3.79259
56454,1,3.79252
56455,1,3.79245
56456,1,3.79239
56457,1,3.79232
56458,1,3.79225
56459,1,3.79219
56460,1,3.79212
56461,1,3.79205
56462,1,3.79198
56463,1,3.79192
56464,1,3.79185
56465,1,3.79178
56466,1,3.79172
56467,1,3.79165
56468,1,3.79158
56469,1,3.79151
56470,1,3.79145
56471,1,3.79138
56472,1,3.79131
56473,1,3.79125
56474,1,3.79118
56475,1,3.79111
56476,1,3.79104
56477,1,3.79098
56478,1,3.79091
56479,1,3.79084
56480,1,3.79078
56481,1,3.79071
56482,1,3.79064
56483,1,3.79057
56484,1,3.79051
56485,1,3.79044
56486,1,3.79037
56487,1,3.79031
56488,1,3.79024
56489,1,3.79017
56490,1,3.7901
56491,1,3.79004
56492,1,3.78997
56493,1,3.7899
56494,1,3.78984
56495,1,3.78977
56496,1,3.7897
56497,1,3.78963
56498,1,3.78957
56499,1,3.7895
56500,1,3.78943
56501,1,3.78937
56502,1,3.7893
56503,1,3.78923
56504,1,3.78917
56505,1,3.7891
56506,1,3.78903
56507,1,3.78896
56508,1,3.7889
56509,1,3.78883
56510,1,3.78876
56511,1,3.7887
56512,1,3.78863
56513,1,3.78856
56514,1,3.78849
56515,1,3.78843
56516,1,3.78836
56517,1,3.78829
56518,1,3.78823
56519,1,3.78816
56520,1,3.78809
56521,1,3.78803
56522,1,3.78796
56523,1,3.78789
56524,1,3.78782
56525,1,3.78776
56526,1,3.78769
56527,1,3.78762
56528,1,3.78756
56529,1,3.78749
56530,1,3.78742
56531,1,3.78736
56532,1,3.78729
56533,1,3.78722
56534,1,3.78715
56535,1,3.78709
56536,1,3.78702
56537,1,3.78695
56538,1,3.78689
56539,1,3.78682
56540,1,3.78675
56541,1,3.78669
56542,1,3.78662
56543,1,3.78655
56544,1,3.78648
56545,1,3.78642
56546,1,3.78635
56547,1,3.78628
56548,1,3.78622
56549,1,3.78615
56550,1,3.78608
56551,1,3.78602
56552,1,3.78595
56553,1,3.78588
56554,1,3.78582
56555,1,3.78575
56556,1,3.78568
56557,1,3.78561
56558,1,3.78555
56559,1,3.78548
56560,1,3.78541
56561,1,3.78535
56562,1,3.78528
56563,1,3.78521
56564,1,3.78515
56565,1,3.78508
56566,1,3.78501
56567,1,3.78495
56568,1,3.78488
56569,1,3.78481
56570,1,3.78474
56571,1,3.78468
56572,1,3.78461
56573,1,3.78454
56574,1,3.78448
56575,1,3.78441
56576,1,3.78434
56577,1,3.78428
56578,1,3.78421
56579,1,3.78414
56580,1,3.78408
56581,1,3.78401
56582,1,3.78394
56583,1,3.78388
56584,1,3.78381
56585,1,3.78374
56586,1,3.78367
56587,1,3.78361
56588,1,3.78354
56589,1,3.78347
56590,1,3.78341
56591,1,3.78334
56592,1,3.78327
56593,1,3.78321
56594,1,3.78314
56595,1,3.78307
56596,1,3.78301
56597,1,3.78294
56598,1,3.78287
56599,1,3.78281
56600,1,3.78274
56601,1,3.78267
56602,1,3.7826
56603,1,3.78254
56604,1,3.78247
56605,1,3.7824
56606,1,3.78234
56607,1,3.78227
56608,1,3.7822
56609,1,3.78214
56610,1,3.78207
56611,1,3.782
56612,1,3.78194
56613,1,3.78187
56614,1,3.7818
56615,1,3.78174
56616,1,3.78167
56617,1,3.7816
56618,1,3.78154
56619,1,3.78147
56620,1,3.7814
56621,1,3.78134
56622,1,3.78127
56623,1,3.7812
56624,1,3.78114
56625,1,3.78107
56626,1,3.781
56627,1,3.78093
56628,1,3.78087
56629,1,3.7808
56630,1,3.78073
56631,1,3.78067
56632,1,3.7806
56633,1,3.78053
56634,1,3.78047
56635,1,3.7804
56636,1,3.78033
56637,1,3.78027
56638,1,3.7802
56639,1,3.78013
56640,1,3.78007
56641,1,3.78
56642,1,3.77993
56643,1,3.77987
56644,1,3.7798
56645,1,3.77973
56646,1,3.77967
56647,1,3.7796
56648,1,3.77953
56649,1,3.77947
56650,1,3.7794
56651,1,3.77933
56652,1,3.77927
56653,1,3.7792
56654,1,3.77913
56655,1,3.77907
56656,1,3.779
56657,1,3.77893
56658,1,3.77887
56659,1,3.7788
56660,1,3.77873
56661,1,3.77867
56662,1,3.7786
56663,1,3.77853
56664,1,3.77847
56665,1,3.7784
56666,1,3.77833
56667,1,3.77827
56668,1,3.7782
56669,1,3.77813
56670,1,3.77807
56671,1,3.778
56672,1,3.77793
56673,1,3.77787
56674,1,3.7778
56675,1,3.77773
56676,1,3.77767
56677,1,3.7776
56678,1,3.77753
56679,1,3.77747
56680,1,3.7774
56681,1,3.77733
56682,1,3.77727
56683,1,3.7772
56684,1,3.77713
56685,1,3.77707
56686,1,3.777
56687,1,3.77693
56688,1,3.77687
56689,1,3.7768
56690,1,3.77673
56691,1,3.77667
56692,1,3.7766
56693,1,3.77653
56694,1,3.77647
56695,1,3.7764
56696,1,3.77633
56697,1,3.77627
56698,1,3.7762
56699,1,3.77613
56700,1,3.77607
56701,1,3.776
56702,1,3.77593
56703,1,3.77587
56704,1,3.7758
56705,1,3.77573
56706,1,3.77567
56707,1,3.7756
56708,1,3.77553
56709,1,3.77547
56710,1,3.7754
56711,1,3.77533
56712,1,3.77527
56713,1,3.7752
56714,1,3.77513
56715,1,3.77507
56716,1,3.775
56717,1,3.77494
56718,1,3.77487
56719,1,3.7748
56720,1,3.77474
56721,1,3.77467
56722,1,3.7746
56723,1,3.77454
56724,1,3.77447
56725,1,3.7744
56726,1,3.77434
56727,1,3.77427
56728,1,3.7742
56729,1,3.77414
56730,1,3.77407
56731,1,3.774
56732,1,3.77394
56733,1,3.77387
56734,1,3.7738
56735,1,3.77374
56736,1,3.77367
56737,1,3.7736
56738,1,3.77354
56739,1,3.77347
56740,1,3.77341
56741,1,3.77334
56742,1,3.77327
56743,1,3.77321
56744,1,3.77314
56745,1,3.77307
56746,1,3.77301
56747,1,3.77294
56748,1,3.77287
56749,1,3.77281
56750,1,3.77274
56751,1,3.77267
56752,1,3.77261
56753,1,3.77254
56754,1,3.77247
56755,1,3.77241
56756,1,3.77234
56757,1,3.77227
56758,1,3.77221
56759,1,3.77214
56760,1,3.77208
56761,1,3.77201
56762,1,3.77194
56763,1,3.77188
56764,1,3.77181
56765,1,3.77174
56766,1,3.77168
56767,1,3.77161
56768,1,3.77154
56769,1,3.77148
56770,1,3.77141
56771,1,3.77134
56772,1,3.77128
56773,1,3.77121
56774,1,3.77115
56775,1,3.77108
56776,1,3.77101
56777,1,3.77095
56778,1,3.77088
56779,1,3.77081
56780,1,3.77075
56781,1,3.77068
56782,1,3.77061
56783,1,3.77055
56784,1,3.77048
56785,1,3.77041
56786,1,3.77035
56787,1,3.77028
56788,1,3.77022
56789,1,3.77015
56790,1,3.77008
56791,1,3.77002
56792,1,3.76995
56793,1,3.76988
56794,1,3.76982
56795,1,3.76975
56796,1,3.76968
56797,1,3.76962
56798,1,3.76955
56799,1,3.76949
56800,1,3.76942
56801,1,3.76935
56802,1,3.76929
56803,1,3.76922
56804,1,3.76915
56805,1,3.76909
56806,1,3.76902
56807,1,3.76895
56808,1,3.76889
56809,1,3.76882
56810,1,3.76876
56811,1,3.76869
56812,1,3.76862
56813,1,3.76856
56814,1,3.76849
56815,1,3.76842
56816,1,3.76836
56817,1,3.76829
56818,1,3.76822
56819,1,3.76816
56820,1,3.76809
56821,1,3.76803
56822,1,3.76796
56823,1,3.76789
56824,1,3.76783
56825,1,3.76776
56826,1,3.76769
56827,1,3.76763
56828,1,3.76756
56829,1,3.7675
56830,1,3.76743
56831,1,3.76736
56832,1,3.7673
56833,1,3.76723
56834,1,3.76716
56835,1,3.7671
56836,1,3.76703
56837,1,3.76697
56838,1,3.7669
56839,1,3.76683
56840,1,3.76677
56841,1,3.7667
56842,1,3.76663
56843,1,3.76657
56844,1,3.7665
56845,1,3.76644
56846,1,3.76637
56847,1,3.7663
56848,1,3.76624
56849,1,3.76617
56850,1,3.7661
56851,1,3.76604
56852,1,3.76597
56853,1,3.76591
56854,1,3.76584
56855,1,3.76577
56856,1,3.76571
56857,1,3.76564
56858,1,3.76557
56859,1,3.76551
56860,1,3.76544
56861,1,3.76538
56862,1,3.76531
56863,1,3.76524
56864,1,3.76518
56865,1,3.76511
56866,1,3.76504
56867,1,3.76498
56868,1,3.76491
56869,1,3.76485
56870,1,3.76478
56871,1,3.76471
56872,1,3.76465
56873,1,3.76458
56874,1,3.76451
56875,1,3.76445
56876,1,3.76438
56877,1,3.76432
56878,1,3.76425
56879,1,3.76418
56880,1,3.76412
56881,1,3.76405
56882,1,3.76399
56883,1,3.76392
56884,1,3.76385
56885,1,3.76379
56886,1,3.76372
56887,1,3.76365
56888,1,3.76359
56889,1,3.76352
56890,1,3.76346
56891,1,3.76339
56892,1,3.76332
56893,1,3.76326
56894,1,3.76319
56895,1,3.76313
56896,1,3.76306
56897,1,3.76299
56898,1,3.76293
56899,1,3.76286
56900,1,3.76279
56901,1,3.76273
56902,1,3.76266
56903,1,3.7626
56904,1,3.76253
56905,1,3.76246
56906,1,3.7624
56907,1,3.76233
56908,1,3.76227
56909,1,3.7622
56910,1,3.76213
56911,1,3.76207
56912,1,3.762
56913,1,3.76193
56914,1,3.76187
56915,1,3.7618
56916,1,3.76174
56917,1,3.76167
56918,1,3.7616
56919,1,3.76154
56920,1,3.76147
56921,1,3.76141
56922,1,3.76134
56923,1,3.76127
56924,1,3.76121
56925,1,3.76114
56926,1,3.76108
56927,1,3.76101
56928,1,3.76094
56929,1,3.76088
56930,1,3.76081
56931,1,3.76075
56932,1,3.76068
56933,1,3.76061
56934,1,3.76055
56935,1,3.76048
56936,1,3.76042
56937,1,3.76035
56938,1,3.76028
56939,1,3.76022
56940,1,3.76015
56941,1,3.76009
56942,1,3.76002
56943,1,3.75995
56944,1,3.75989
56945,1,3.75982
56946,1,3.75975
56947,1,3.75969
56948,1,3.75962
56949,1,3.75956
56950,1,3.75949
56951,1,3.75942
56952,1,3.75936
56953,1,3.75929
56954,1,3.75923
56955,1,3.75916
56956,1,3.75909
56957,1,3.75903
56958,1,3.75896
56959,1,3.7589
56960,1,3.75883
56961,1,3.75876
56962,1,3.7587
56963,1,3.75863
56964,1,3.75857
56965,1,3.7585
56966,1,3.75843
56967,1,3.75837
56968,1,3.7583
56969,1,3.75824
56970,1,3.75817
56971,1,3.75811
56972,1,3.75804
56973,1,3.75797
56974,1,3.75791
56975,1,3.75784
56976,1,3.75778
56977,1,3.75771
56978,1,3.75764
56979,1,3.75758
56980,1,3.75751
56981,1,3.75745
56982,1,3.75738
56983,1,3.75731
56984,1,3.75725
56985,1,3.75718
56986,1,3.75712
56987,1,3.75705
56988,1,3.75698
56989,1,3.75692
56990,1,3.75685
56991,1,3.75679
56992,1,3.75672
56993,1,3.75665
56994,1,3.75659
56995,1,3.75652
56996,1,3.75646
56997,1,3.75639
56998,1,3.75632
56999,1,3.75626
57000,1,3.75619
57001,1,3.75613
57002,1,3.75606
57003,1,3.756
57004,1,3.75593
57005,1,3.75586
57006,1,3.7558
57007,1,3.75573
57008,1,3.75567
57009,1,3.7556
57010,1,3.75553
57011,1,3.75547
57012,1,3.7554
57013,1,3.75534
57014,1,3.75527
57015,1,3.7552
57016,1,3.75514
57017,1,3.75507
57018,1,3.75501
57019,1,3.75494
57020,1,3.75488
57021,1,3.75481
57022,1,3.75474
57023,1,3.75468
57024,1,3.75461
57025,1,3.75455
57026,1,3.75448
57027,1,3.75441
57028,1,3.75435
57029,1,3.75428
57030,1,3.75422
57031,1,3.75415
57032,1,3.75409
57033,1,3.75402
57034,1,3.75395
57035,1,3.75389
57036,1,3.75382
57037,1,3.75376
57038,1,3.75369
57039,1,3.75362
57040,1,3.75356
57041,1,3.75349
57042,1,3.75343
57043,1,3.75336
57044,1,3.7533
57045,1,3.75323
57046,1,3.75316
57047,1,3.7531
57048,1,3.75303
57049,1,3.75297
57050,1,3.7529
57051,1,3.75284
57052,1,3.75277
57053,1,3.7527
57054,1,3.75264
57055,1,3.75257
57056,1,3.75251
57057,1,3.75244
57058,1,3.75237
57059,1,3.75231
57060,1,3.75224
57061,1,3.75218
57062,1,3.75211
57063,1,3.75205
57064,1,3.75198
57065,1,3.75191
57066,1,3.75185
57067,1,3.75178
57068,1,3.75172
57069,1,3.75165
57070,1,3.75159
57071,1,3.75152
57072,1,3.75145
57073,1,3.75139
57074,1,3.75132
57075,1,3.75126
57076,1,3.75119
57077,1,3.75113
57078,1,3.75106
57079,1,3.75099
57080,1,3.75093
57081,1,3.75086
57082,1,3.7508
57083,1,3.75073
57084,1,3.75067
57085,1,3.7506
57086,1,3.75053
57087,1,3.75047
57088,1,3.7504
57089,1,3.75034
57090,1,3.75027
57091,1,3.75021
57092,1,3.75014
57093,1,3.75007
57094,1,3.75001
57095,1,3.74994
57096,1,3.74988
57097,1,3.74981
57098,1,3.74975
57099,1,3.74968
57100,1,3.74961
57101,1,3.74955
57102,1,3.74948
57103,1,3.74942
57104,1,3.74935
57105,1,3.74929
57106,1,3.74922
57107,1,3.74916
57108,1,3.74909
57109,1,3.74902
57110,1,3.74896
57111,1,3.74889
57112,1,3.74883
57113,1,3.74876
57114,1,3.7487
57115,1,3.74863
57116,1,3.74856
57117,1,3.7485
57118,1,3.74843
57119,1,3.74837
57120,1,3.7483
57121,1,3.74824
57122,1,3.74817
57123,1,3.7481
57124,1,3.74804
57125,1,3.74797
57126,1,3.74791
57127,1,3.74784
57128,1,3.74778
57129,1,3.74771
57130,1,3.74765
57131,1,3.74758
57132,1,3.74751
57133,1,3.74745
57134,1,3.74738
57135,1,3.74732
57136,1,3.74725
57137,1,3.74719
57138,1,3.74712
57139,1,3.74706
57140,1,3.74699
57141,1,3.74692
57142,1,3.74686
57143,1,3.74679
57144,1,3.74673
57145,1,3.74666
57146,1,3.7466
57147,1,3.74653
57148,1,3.74647
57149,1,3.7464
57150,1,3.74633
57151,1,3.74627
57152,1,3.7462
57153,1,3.74614
57154,1,3.74607
57155,1,3.74601
57156,1,3.74594
57157,1,3.74588
57158,1,3.74581
57159,1,3.74574
57160,1,3.74568
57161,1,3.74561
57162,1,3.74555
57163,1,3.74548
57164,1,3.74542
57165,1,3.74535
57166,1,3.74529
57167,1,3.74522
57168,1,3.74515
57169,1,3.74509
57170,1,3.74502
57171,1,3.74496
57172,1,3.74489
57173,1,3.74483
57174,1,3.74476
57175,1,3.7447
57176,1,3.74463
57177,1,3.74457
57178,1,3.7445
57179,1,3.74443
57180,1,3.74437
57181,1,3.7443
57182,1,3.74424
57183,1,3.74417
57184,1,3.74411
57185,1,3.74404
57186,1,3.74398
57187,1,3.74391
57188,1,3.74384
57189,1,3.74378
57190,1,3.74371
57191,1,3.74365
57192,1,3.74358
57193,1,3.74352
57194,1,3.74345
57195,1,3.74339
57196,1,3.74332
57197,1,3.74326
57198,1,3.74319
57199,1,3.74312
57200,1,3.74306
57201,1,3.74299
57202,1,3.74293
57203,1,3.74286
57204,1,3.7428
57205,1,3.74273
57206,1,3.74267
57207,1,3.7426
57208,1,3.74254
57209,1,3.74247
57210,1,3.74241
57211,1,3.74234
57212,1,3.74227
57213,1,3.74221
57214,1,3.74214
57215,1,3.74208
57216,1,3.74201
57217,1,3.74195
57218,1,3.74188
57219,1,3.74182
57220,1,3.74175
57221,1,3.74169
57222,1,3.74162
57223,1,3.74155
57224,1,3.74149
57225,1,3.74142
57226,1,3.74136
57227,1,3.74129
57228,1,3.74123
57229,1,3.74116
57230,1,3.7411
57231,1,3.74103
57232,1,3.74097
57233,1,3.7409
57234,1,3.74084
57235,1,3.74077
57236,1,3.74071
57237,1,3.74064
57238,1,3.74057
57239,1,3.74051
57240,1,3.74044
57241,1,3.74038
57242,1,3.74031
57243,1,3.74025
57244,1,3.74018
57245,1,3.74012
57246,1,3.74005
57247,1,3.73999
57248,1,3.73992
57249,1,3.73986
57250,1,3.73979
57251,1,3.73973
57252,1,3.73966
57253,1,3.73959
57254,1,3.73953
57255,1,3.73946
57256,1,3.7394
57257,1,3.73933
57258,1,3.73927
57259,1,3.7392
57260,1,3.73914
57261,1,3.73907
57262,1,3.73901
57263,1,3.73894
57264,1,3.73888
57265,1,3.73881
57266,1,3.73875
57267,1,3.73868
57268,1,3.73861
57269,1,3.73855
57270,1,3.73848
57271,1,3.73842
57272,1,3.73835
57273,1,3.73829
57274,1,3.73822
57275,1,3.73816
57276,1,3.73809
57277,1,3.73803
57278,1,3.73796
57279,1,3.7379
57280,1,3.73783
57281,1,3.73777
57282,1,3.7377
57283,1,3.73764
57284,1,3.73757
57285,1,3.73751
57286,1,3.73744
57287,1,3.73737
57288,1,3.73731
57289,1,3.73724
57290,1,3.73718
57291,1,3.73711
57292,1,3.73705
57293,1,3.73698
57294,1,3.73692
57295,1,3.73685
57296,1,3.73679
57297,1,3.73672
57298,1,3.73666
57299,1,3.73659
57300,1,3.73653
57301,1,3.73646
57302,1,3.7364
57303,1,3.73633
57304,1,3.73627
57305,1,3.7362
57306,1,3.73614
57307,1,3.73607
57308,1,3.73601
57309,1,3.73594
57310,1,3.73588
57311,1,3.73581
57312,1,3.73574
57313,1,3.73568
57314,1,3.73561
57315,1,3.73555
57316,1,3.73548
57317,1,3.73542
57318,1,3.73535
57319,1,3.73529
57320,1,3.73522
57321,1,3.73516
57322,1,3.73509
57323,1,3.73503
57324,1,3.73496
57325,1,3.7349
57326,1,3.73483
57327,1,3.73477
57328,1,3.7347
57329,1,3.73464
57330,1,3.73457
57331,1,3.73451
57332,1,3.73444
57333,1,3.73438
57334,1,3.73431
57335,1,3.73425
57336,1,3.73418
57337,1,3.73412
57338,1,3.73405
57339,1,3.73399
57340,1,3.73392
57341,1,3.73386
57342,1,3.73379
57343,1,3.73373
57344,1,3.73366
57345,1,3.73359
57346,1,3.73353
57347,1,3.73346
57348,1,3.7334
57349,1,3.73333
57350,1,3.73327
57351,1,3.7332
57352,1,3.73314
57353,1,3.73307
57354,1,3.73301
57355,1,3.73294
57356,1,3.73288
57357,1,3.73281
57358,1,3.73275
57359,1,3.73268
57360,1,3.73262
57361,1,3.73255
57362,1,3.73249
57363,1,3.73242
57364,1,3.73236
57365,1,3.73229
57366,1,3.73223
57367,1,3.73216
57368,1,3.7321
57369,1,3.73203
57370,1,3.73197
57371,1,3.7319
57372,1,3.73184
57373,1,3.73177
57374,1,3.73171
57375,1,3.73164
57376,1,3.73158
57377,1,3.73151
57378,1,3.73145
57379,1,3.73138
57380,1,3.73132
57381,1,3.73125
57382,1,3.73119
57383,1,3.73112
57384,1,3.73106
57385,1,3.73099
57386,1,3.73093
57387,1,3.73086
57388,1,3.7308
57389,1,3.73073
57390,1,3.73067
57391,1,3.7306
57392,1,3.73054
57393,1,3.73047
57394,1,3.73041
57395,1,3.73034
57396,1,3.73028
57397,1,3.73021
57398,1,3.73015
57399,1,3.73008
57400,1,3.73002
57401,1,3.72995
57402,1,3.72989
57403,1,3.72982
57404,1,3.72976
57405,1,3.72969
57406,1,3.72963
57407,1,3.72956
57408,1,3.7295
57409,1,3.72943
57410,1,3.72937
57411,1,3.7293
57412,1,3.72924
57413,1,3.72917
57414,1,3.72911
57415,1,3.72904
57416,1,3.72898
57417,1,3.72891
57418,1,3.72885
57419,1,3.72878
57420,1,3.72872
57421,1,3.72865
57422,1,3.72859
57423,1,3.72852
57424,1,3.72846
57425,1,3.72839
57426,1,3.72833
57427,1,3.72826
57428,1,3.7282
57429,1,3.72813
57430,1,3.72807
57431,1,3.728
57432,1,3.72794
57433,1,3.72787
57434,1,3.72781
57435,1,3.72774
57436,1,3.72768
57437,1,3.72761
57438,1,3.72755
57439,1,3.72748
57440,1,3.72742
57441,1,3.72736
57442,1,3.72729
57443,1,3.72723
57444,1,3.72716
57445,1,3.7271
57446,1,3.72703
57447,1,3.72697
57448,1,3.7269
57449,1,3.72684
57450,1,3.72677
57451,1,3.72671
57452,1,3.72664
57453,1,3.72658
57454,1,3.72651
57455,1,3.72645
57456,1,3.72638
57457,1,3.72632
57458,1,3.72625
57459,1,3.72619
57460,1,3.72612
57461,1,3.72606
57462,1,3.72599
57463,1,3.72593
57464,1,3.72586
57465,1,3.7258
57466,1,3.72573
57467,1,3.72567
57468,1,3.7256
57469,1,3.72554
57470,1,3.72547
57471,1,3.72541
57472,1,3.72534
57473,1,3.72528
57474,1,3.72521
57475,1,3.72515
57476,1,3.72509
57477,1,3.72502
57478,1,3.72496
57479,1,3.72489
57480,1,3.72483
57481,1,3.72476
57482,1,3.7247
57483,1,3.72463
57484,1,3.72457
57485,1,3.7245
57486,1,3.72444
57487,1,3.72437
57488,1,3.72431
57489,1,3.72424
57490,1,3.72418
57491,1,3.72411
57492,1,3.72405
57493,1,3.72398
57494,1,3.72392
57495,1,3.72385
57496,1,3.72379
57497,1,3.72372
57498,1,3.72366
57499,1,3.7236
57500,1,3.72353
57501,1,3.72347
57502,1,3.7234
57503,1,3.72334
57504,1,3.72327
57505,1,3.72321
57506,1,3.72314
57507,1,3.72308
57508,1,3.72301
57509,1,3.72295
57510,1,3.72288
57511,1,3.72282
57512,1,3.72275
57513,1,3.72269
57514,1,3.72262
57515,1,3.72256
57516,1,3.72249
57517,1,3.72243
57518,1,3.72237
57519,1,3.7223
57520,1,3.72224
57521,1,3.72217
57522,1,3.72211
57523,1,3.72204
57524,1,3.72198
57525,1,3.72191
57526,1,3.72185
57527,1,3.72178
57528,1,3.72172
57529,1,3.72165
57530,1,3.72159
57531,1,3.72152
57532,1,3.72146
57533,1,3.72139
57534,1,3.72133
57535,1,3.72127
57536,1,3.7212
57537,1,3.72114
57538,1,3.72107
57539,1,3.72101
57540,1,3.72094
57541,1,3.72088
57542,1,3.72081
57543,1,3.72075
57544,1,3.72068
57545,1,3.72062
57546,1,3.72055
57547,1,3.72049
57548,1,3.72042
57549,1,3.72036
57550,1,3.7203
57551,1,3.72023
57552,1,3.72017
57553,1,3.7201
57554,1,3.72004
57555,1,3.71997
57556,1,3.71991
57557,1,3.71984
57558,1,3.71978
57559,1,3.71971
57560,1,3.71965
57561,1,3.71958
57562,1,3.71952
57563,1,3.71946
57564,1,3.71939
57565,1,3.71933
57566,1,3.71926
57567,1,3.7192
57568,1,3.71913
57569,1,3.71907
57570,1,3.719
57571,1,3.71894
57572,1,3.71887
57573,1,3.71881
57574,1,3.71874
57575,1,3.71868
57576,1,3.71862
57577,1,3.71855
57578,1,3.71849
57579,1,3.71842
57580,1,3.71836
57581,1,3.71829
57582,1,3.71823
57583,1,3.71816
57584,1,3.7181
57585,1,3.71803
57586,1,3.71797
57587,1,3.71791
57588,1,3.71784
57589,1,3.71778
57590,1,3.71771
57591,1,3.71765
57592,1,3.71758
57593,1,3.71752
57594,1,3.71745
57595,1,3.71739
57596,1,3.71732
57597,1,3.71726
57598,1,3.7172
57599,1,3.71713
57600,1,3.71707
57601,1,3.717
57602,1,3.71694
57603,1,3.71687
57604,1,3.71681
57605,1,3.71674
57606,1,3.71668
57607,1,3.71661
57608,1,3.71655
57609,1,3.71649
57610,1,3.71642
57611,1,3.71636
57612,1,3.71629
57613,1,3.71623
57614,1,3.71616
57615,1,3.7161
57616,1,3.71603
57617,1,3.71597
57618,1,3.7159
57619,1,3.71584
57620,1,3.71578
57621,1,3.71571
57622,1,3.71565
57623,1,3.71558
57624,1,3.71552
57625,1,3.71545
57626,1,3.71539
57627,1,3.71532
57628,1,3.71526
57629,1,3.7152
57630,1,3.71513
57631,1,3.71507
57632,1,3.715
57633,1,3.71494
57634,1,3.71487
57635,1,3.71481
57636,1,3.71474
57637,1,3.71468
57638,1,3.71462
57639,1,3.71455
57640,1,3.71449
57641,1,3.71442
57642,1,3.71436
57643,1,3.71429
57644,1,3.71423
57645,1,3.71416
57646,1,3.7141
57647,1,3.71404
57648,1,3.71397
57649,1,3.71391
57650,1,3.71384
57651,1,3.71378
57652,1,3.71371
57653,1,3.71365
57654,1,3.71358
57655,1,3.71352
57656,1,3.71346
57657,1,3.71339
57658,1,3.71333
57659,1,3.71326
57660,1,3.7132
57661,1,3.71313
57662,1,3.71307
57663,1,3.713
57664,1,3.71294
57665,1,3.71288
57666,1,3.71281
57667,1,3.71275
57668,1,3.71268
57669,1,3.71262
57670,1,3.71255
57671,1,3.71249
57672,1,3.71243
57673,1,3.71236
57674,1,3.7123
57675,1,3.71223
57676,1,3.71217
57677,1,3.7121
57678,1,3.71204
57679,1,3.71197
57680,1,3.71191
57681,1,3.71185
57682,1,3.71178
57683,1,3.71172
57684,1,3.71165
57685,1,3.71159
57686,1,3.71152
57687,1,3.71146
57688,1,3.7114
57689,1,3.71133
57690,1,3.71127
57691,1,3.7112
57692,1,3.71114
57693,1,3.71107
57694,1,3.71101
57695,1,3.71095
57696,1,3.71088
57697,1,3.71082
57698,1,3.71075
57699,1,3.71069
57700,1,3.71062
57701,1,3.71056
57702,1,3.7105
57703,1,3.71043
57704,1,3.71037
57705,1,3.7103
57706,1,3.71024
57707,1,3.71017
57708,1,3.71011
57709,1,3.71005
57710,1,3.70998
57711,1,3.70992
57712,1,3.70985
57713,1,3.70979
57714,1,3.70972
57715,1,3.70966
57716,1,3.7096
57717,1,3.70953
57718,1,3.70947
57719,1,3.7094
57720,1,3.70934
57721,1,3.70927
57722,1,3.70921
57723,1,3.70915
57724,1,3.70908
57725,1,3.70902
57726,1,3.70895
57727,1,3.70889
57728,1,3.70882
57729,1,3.70876
57730,1,3.7087
57731,1,3.70863
57732,1,3.70857
57733,1,3.7085
57734,1,3.70844
57735,1,3.70837
57736,1,3.70831
57737,1,3.70825
57738,1,3.70818
57739,1,3.70812
57740,1,3.70805
57741,1,3.70799
57742,1,3.70792
57743,1,3.70786
57744,1,3.7078
57745,1,3.70773
57746,1,3.70767
57747,1,3.7076
57748,1,3.70754
57749,1,3.70748
57750,1,3.70741
57751,1,3.70735
57752,1,3.70728
57753,1,3.70722
57754,1,3.70715
57755,1,3.70709
57756,1,3.70703
57757,1,3.70696
57758,1,3.7069
57759,1,3.70683
57760,1,3.70677
57761,1,3.70671
57762,1,3.70664
57763,1,3.70658
57764,1,3.70651
57765,1,3.70645
57766,1,3.70638
57767,1,3.70632
57768,1,3.70626
57769,1,3.70619
57770,1,3.70613
57771,1,3.70606
57772,1,3.706
57773,1,3.70594
57774,1,3.70587
57775,1,3.70581
57776,1,3.70574
57777,1,3.70568
57778,1,3.70561
57779,1,3.70555
57780,1,3.70549
57781,1,3.70542
57782,1,3.70536
57783,1,3.70529
57784,1,3.70523
57785,1,3.70517
57786,1,3.7051
57787,1,3.70504
57788,1,3.70497
57789,1,3.70491
57790,1,3.70485
57791,1,3.70478
57792,1,3.70472
57793,1,3.70465
57794,1,3.70459
57795,1,3.70452
57796,1,3.70446
57797,1,3.7044
57798,1,3.70433
57799,1,3.70427
57800,1,3.7042
57801,1,3.70414
57802,1,3.70408
57803,1,3.70401
57804,1,3.70395
57805,1,3.70388
57806,1,3.70382
57807,1,3.70376
57808,1,3.70369
57809,1,3.70363
57810,1,3.70356
57811,1,3.7035
57812,1,3.70344
57813,1,3.70337
57814,1,3.70331
57815,1,3.70324
57816,1,3.70318
57817,1,3.70312
57818,1,3.70305
57819,1,3.70299
57820,1,3.70292
57821,1,3.70286
57822,1,3.70279
57823,1,3.70273
57824,1,3.70267
57825,1,3.7026
57826,1,3.70254
57827,1,3.70247
57828,1,3.70241
57829,1,3.70235
57830,1,3.70228
57831,1,3.70222
57832,1,3.70215
57833,1,3.70209
57834,1,3.70203
57835,1,3.70196
57836,1,3.7019
57837,1,3.70183
57838,1,3.70177
57839,1,3.70171
57840,1,3.70164
57841,1,3.70158
57842,1,3.70151
57843,1,3.70145
57844,1,3.70139
57845,1,3.70132
57846,1,3.70126
57847,1,3.70119
57848,1,3.70113
57849,1,3.70107
57850,1,3.701
57851,1,3.70094
57852,1,3.70087
57853,1,3.70081
57854,1,3.70075
57855,1,3.70068
57856,1,3.70062
57857,1,3.70055
57858,1,3.70049
57859,1,3.70043
57860,1,3.70036
57861,1,3.7003
57862,1,3.70024
57863,1,3.70017
57864,1,3.70011
57865,1,3.70004
57866,1,3.69998
57867,1,3.69992
57868,1,3.69985
57869,1,3.69979
57870,1,3.69972
57871,1,3.69966
57872,1,3.6996
57873,1,3.69953
57874,1,3.69947
57875,1,3.6994
57876,1,3.69934
57877,1,3.69928
57878,1,3.69921
57879,1,3.69915
57880,1,3.69908
57881,1,3.69902
57882,1,3.69896
57883,1,3.69889
57884,1,3.69883
57885,1,3.69876
57886,1,3.6987
57887,1,3.69864
57888,1,3.69857
57889,1,3.69851
57890,1,3.69845
57891,1,3.69838
57892,1,3.69832
57893,1,3.69825
57894,1,3.69819
57895,1,3.69813
57896,1,3.69806
57897,1,3.698
57898,1,3.69793
57899,1,3.69787
57900,1,3.69781
57901,1,3.69774
57902,1,3.69768
57903,1,3.69761
57904,1,3.69755
57905,1,3.69749
57906,1,3.69742
57907,1,3.69736
57908,1,3.6973
57909,1,3.69723
57910,1,3.69717
57911,1,3.6971
57912,1,3.69704
57913,1,3.69698
57914,1,3.69691
57915,1,3.69685
57916,1,3.69678
57917,1,3.69672
57918,1,3.69666
57919,1,3.69659
57920,1,3.69653
57921,1,3.69647
57922,1,3.6964
57923,1,3.69634
57924,1,3.69627
57925,1,3.69621
57926,1,3.69615
57927,1,3.69608
57928,1,3.69602
57929,1,3.69596
57930,1,3.69589
57931,1,3.69583
57932,1,3.69576
57933,1,3.6957
57934,1,3.69564
57935,1,3.69557
57936,1,3.69551
57937,1,3.69545
57938,1,3.69538
57939,1,3.69532
57940,1,3.69525
57941,1,3.69519
57942,1,3.69513
57943,1,3.69506
57944,1,3.695
57945,1,3.69493
57946,1,3.69487
57947,1,3.69481
57948,1,3.69474
57949,1,3.69468
57950,1,3.69462
57951,1,3.69455
57952,1,3.69449
57953,1,3.69442
57954,1,3.69436
57955,1,3.6943
57956,1,3.69423
57957,1,3.69417
57958,1,3.69411
57959,1,3.69404
57960,1,3.69398
57961,1,3.69391
57962,1,3.69385
57963,1,3.69379
57964,1,3.69372
57965,1,3.69366
57966,1,3.6936
57967,1,3.69353
57968,1,3.69347
57969,1,3.69341
57970,1,3.69334
57971,1,3.69328
57972,1,3.69321
57973,1,3.69315
57974,1,3.69309
57975,1,3.69302
57976,1,3.69296
57977,1,3.6929
57978,1,3.69283
57979,1,3.69277
57980,1,3.6927
57981,1,3.69264
57982,1,3.69258
57983,1,3.69251
57984,1,3.69245
57985,1,3.69239
57986,1,3.69232
57987,1,3.69226
57988,1,3.69219
57989,1,3.69213
57990,1,3.69207
57991,1,3.692
57992,1,3.69194
57993,1,3.69188
57994,1,3.69181
57995,1,3.69175
57996,1,3.69169
57997,1,3.69162
57998,1,3.69156
57999,1,3.69149
58000,1,3.69143
58001,1,3.69137
58002,1,3.6913
58003,1,3.69124
58004,1,3.69118
58005,1,3.69111
58006,1,3.69105
58007,1,3.69099
58008,1,3.69092
58009,1,3.69086
58010,1,3.69079
58011,1,3.69073
58012,1,3.69067
58013,1,3.6906
58014,1,3.69054
58015,1,3.69048
58016,1,3.69041
58017,1,3.69035
58018,1,3.69029
58019,1,3.69022
58020,1,3.69016
58021,1,3.69009
58022,1,3.69003
58023,1,3.68997
58024,1,3.6899
58025,1,3.68984
58026,1,3.68978
58027,1,3.68971
58028,1,3.68965
58029,1,3.68959
58030,1,3.68952
58031,1,3.68946
58032,1,3.6894
58033,1,3.68933
58034,1,3.68927
58035,1,3.6892
58036,1,3.68914
58037,1,3.68908
58038,1,3.68901
58039,1,3.68895
58040,1,3.68889
58041,1,3.68882
58042,1,3.68876
58043,1,3.6887
58044,1,3.68863
58045,1,3.68857
58046,1,3.68851
58047,1,3.68844
58048,1,3.68838
58049,1,3.68832
58050,1,3.68825
58051,1,3.68819
58052,1,3.68812
58053,1,3.68806
58054,1,3.688
58055,1,3.68793
58056,1,3.68787
58057,1,3.68781
58058,1,3.68774
58059,1,3.68768
58060,1,3.68762
58061,1,3.68755
58062,1,3.68749
58063,1,3.68743
58064,1,3.68736
58065,1,3.6873
58066,1,3.68724
58067,1,3.68717
58068,1,3.68711
58069,1,3.68704
58070,1,3.68698
58071,1,3.68692
58072,1,3.68685
58073,1,3.68679
58074,1,3.68673
58075,1,3.68666
58076,1,3.6866
58077,1,3.68654
58078,1,3.68647
58079,1,3.68641
58080,1,3.68635
58081,1,3.68628
58082,1,3.68622
58083,1,3.68616
58084,1,3.68609
58085,1,3.68603
58086,1,3.68597
58087,1,3.6859
58088,1,3.68584
58089,1,3.68578
58090,1,3.68571
58091,1,3.68565
58092,1,3.68558
58093,1,3.68552
58094,1,3.68546
58095,1,3.68539
58096,1,3.68533
58097,1,3.68527
58098,1,3.6852
58099,1,3.68514
58100,1,3.68508
58101,1,3.68501
58102,1,3.68495
58103,1,3.68489
58104,1,3.68482
58105,1,3.68476
58106,1,3.6847
58107,1,3.68463
58108,1,3.68457
58109,1,3.68451
58110,1,3.68444
58111,1,3.68438
58112,1,3.68432
58113,1,3.68425
58114,1,3.68419
58115,1,3.68413
58116,1,3.68406
58117,1,3.684
58118,1,3.68394
58119,1,3.68387
58120,1,3.68381
58121,1,3.68375
58122,1,3.68368
58123,1,3.68362
58124,1,3.68356
58125,1,3.68349
58126,1,3.68343
58127,1,3.68337
58128,1,3.6833
58129,1,3.68324
58130,1,3.68318
58131,1,3.68311
58132,1,3.68305
58133,1,3.68299
58134,1,3.68292
58135,1,3.68286
58136,1,3.6828
58137,1,3.68273
58138,1,3.68267
58139,1,3.68261
58140,1,3.68254
58141,1,3.68248
58142,1,3.68242
58143,1,3.68235
58144,1,3.68229
58145,1,3.68223
58146,1,3.68216
58147,1,3.6821
58148,1,3.68204
58149,1,3.68197
58150,1,3.68191
58151,1,3.68185
58152,1,3.68178
58153,1,3.68172
58154,1,3.68166
58155,1,3.68159
58156,1,3.68153
58157,1,3.68147
58158,1,3.6814
58159,1,3.68134
58160,1,3.68128
58161,1,3.68121
58162,1,3.68115
58163,1,3.68109
58164,1,3.68102
58165,1,3.68096
58166,1,3.6809
58167,1,3.68083
58168,1,3.68077
58169,1,3.68071
58170,1,3.68064
58171,1,3.68058
58172,1,3.68052
58173,1,3.68045
58174,1,3.68039
58175,1,3.68033
58176,1,3.68026
58177,1,3.6802
58178,1,3.68014
58179,1,3.68007
58180,1,3.68001
58181,1,3.67995
58182,1,3.67988
58183,1,3.67982
58184,1,3.67976
58185,1,3.67969
58186,1,3.67963
58187,1,3.67957
58188,1,3.6795
58189,1,3.67944
58190,1,3.67938
58191,1,3.67931
58192,1,3.67925
58193,1,3.67919
58194,1,3.67912
58195,1,3.67906
58196,1,3.679
58197,1,3.67894
58198,1,3.67887
58199,1,3.67881
58200,1,3.67875
58201,1,3.67868
58202,1,3.67862
58203,1,3.67856
58204,1,3.67849
58205,1,3.67843
58206,1,3.67837
58207,1,3.6783
58208,1,3.67824
58209,1,3.67818
58210,1,3.67811
58211,1,3.67805
58212,1,3.67799
58213,1,3.67792
58214,1,3.67786
58215,1,3.6778
58216,1,3.67773
58217,1,3.67767
58218,1,3.67761
58219,1,3.67755
58220,1,3.67748
58221,1,3.67742
58222,1,3.67736
58223,1,3.67729
58224,1,3.67723
58225,1,3.67717
58226,1,3.6771
58227,1,3.67704
58228,1,3.67698
58229,1,3.67691
58230,1,3.67685
58231,1,3.67679
58232,1,3.67672
58233,1,3.67666
58234,1,3.6766
58235,1,3.67653
58236,1,3.67647
58237,1,3.67641
58238,1,3.67635
58239,1,3.67628
58240,1,3.67622
58241,1,3.67616
58242,1,3.67609
58243,1,3.67603
58244,1,3.67597
58245,1,3.6759
58246,1,3.67584
58247,1,3.67578
58248,1,3.67571
58249,1,3.67565
58250,1,3.67559
58251,1,3.67552
58252,1,3.67546
58253,1,3.6754
58254,1,3.67534
58255,1,3.67527
58256,1,3.67521
58257,1,3.67515
58258,1,3.67508
58259,1,3.67502
58260,1,3.67496
58261,1,3.67489
58262,1,3.67483
58263,1,3.67477
58264,1,3.6747
58265,1,3.67464
58266,1,3.67458
58267,1,3.67452
58268,1,3.67445
58269,1,3.67439
58270,1,3.67433
58271,1,3.67426
58272,1,3.6742
58273,1,3.67414
58274,1,3.67407
58275,1,3.67401
58276,1,3.67395
58277,1,3.67389
58278,1,3.67382
58279,1,3.67376
58280,1,3.6737
58281,1,3.67363
58282,1,3.67357
58283,1,3.67351
58284,1,3.67344
58285,1,3.67338
58286,1,3.67332
58287,1,3.67325
58288,1,3.67319
58289,1,3.67313
58290,1,3.67307
58291,1,3.673
58292,1,3.67294
58293,1,3.67288
58294,1,3.67281
58295,1,3.67275
58296,1,3.67269
58297,1,3.67262
58298,1,3.67256
58299,1,3.6725
58300,1,3.67244
58301,1,3.67237
58302,1,3.67231
58303,1,3.67225
58304,1,3.67218
58305,1,3.67212
58306,1,3.67206
58307,1,3.67199
58308,1,3.67193
58309,1,3.67187
58310,1,3.67181
58311,1,3.67174
58312,1,3.67168
58313,1,3.67162
58314,1,3.67155
58315,1,3.67149
58316,1,3.67143
58317,1,3.67137
58318,1,3.6713
58319,1,3.67124
58320,1,3.67118
58321,1,3.67111
58322,1,3.67105
58323,1,3.67099
58324,1,3.67092
58325,1,3.67086
58326,1,3.6708
58327,1,3.67074
58328,1,3.67067
58329,1,3.67061
58330,1,3.67055
58331,1,3.67048
58332,1,3.67042
58333,1,3.67036
58334,1,3.6703
58335,1,3.67023
58336,1,3.67017
58337,1,3.67011
58338,1,3.67004
58339,1,3.66998
58340,1,3.66992
58341,1,3.66985
58342,1,3.66979
58343,1,3.66973
58344,1,3.66967
58345,1,3.6696
58346,1,3.66954
58347,1,3.66948
58348,1,3.66941
58349,1,3.66935
58350,1,3.66929
58351,1,3.66923
58352,1,3.66916
58353,1,3.6691
58354,1,3.66904
58355,1,3.66897
58356,1,3.66891
58357,1,3.66885
58358,1,3.66879
58359,1,3.66872
58360,1,3.66866
58361,1,3.6686
58362,1,3.66853
58363,1,3.66847
58364,1,3.66841
58365,1,3.66835
58366,1,3.66828
58367,1,3.66822
58368,1,3.66816
58369,1,3.66809
58370,1,3.66803
58371,1,3.66797
58372,1,3.66791
58373,1,3.66784
58374,1,3.66778
58375,1,3.66772
58376,1,3.66765
58377,1,3.66759
58378,1,3.66753
58379,1,3.66747
58380,1,3.6674
58381,1,3.66734
58382,1,3.66728
58383,1,3.66721
58384,1,3.66715
58385,1,3.66709
58386,1,3.66703
58387,1,3.66696
58388,1,3.6669
58389,1,3.66684
58390,1,3.66678
58391,1,3.66671
58392,1,3.66665
58393,1,3.66659
58394,1,3.66652
58395,1,3.66646
58396,1,3.6664
58397,1,3.66634
58398,1,3.66627
58399,1,3.66621
58400,1,3.66615
58401,1,3.66608
58402,1,3.66602
58403,1,3.66596
58404,1,3.6659
58405,1,3.66583
58406,1,3.66577
58407,1,3.66571
58408,1,3.66565
58409,1,3.66558
58410,1,3.66552
58411,1,3.66546
58412,1,3.66539
58413,1,3.66533
58414,1,3.66527
58415,1,3.66521
58416,1,3.66514
58417,1,3.66508
58418,1,3.66502
58419,1,3.66495
58420,1,3.66489
58421,1,3.66483
58422,1,3.66477
58423,1,3.6647
58424,1,3.66464
58425,1,3.66458
58426,1,3.66452
58427,1,3.66445
58428,1,3.66439
58429,1,3.66433
58430,1,3.66426
58431,1,3.6642
58432,1,3.66414
58433,1,3.66408
58434,1,3.66401
58435,1,3.66395
58436,1,3.66389
58437,1,3.66383
58438,1,3.66376
58439,1,3.6637
58440,1,3.66364
58441,1,3.66358
58442,1,3.66351
58443,1,3.66345
58444,1,3.66339
58445,1,3.66332
58446,1,3.66326
58447,1,3.6632
58448,1,3.66314
58449,1,3.66307
58450,1,3.66301
58451,1,3.66295
58452,1,3.66289
58453,1,3.66282
58454,1,3.66276
58455,1,3.6627
58456,1,3.66264
58457,1,3.66257
58458,1,3.66251
58459,1,3.66245
58460,1,3.66238
58461,1,3.66232
58462,1,3.66226
58463,1,3.6622
58464,1,3.66213
58465,1,3.66207
58466,1,3.66201
58467,1,3.66195
58468,1,3.66188
58469,1,3.66182
58470,1,3.66176
58471,1,3.6617
58472,1,3.66163
58473,1,3.66157
58474,1,3.66151
58475,1,3.66145
58476,1,3.66138
58477,1,3.66132
58478,1,3.66126
58479,1,3.66119
58480,1,3.66113
58481,1,3.66107
58482,1,3.66101
58483,1,3.66094
58484,1,3.66088
58485,1,3.66082
58486,1,3.66076
58487,1,3.66069
58488,1,3.66063
58489,1,3.66057
58490,1,3.66051
58491,1,3.66044
58492,1,3.66038
58493,1,3.66032
58494,1,3.66026
58495,1,3.66019
58496,1,3.66013
58497,1,3.66007
58498,1,3.66001
58499,1,3.65994
58500,1,3.65988
58501,1,3.65982
58502,1,3.65976
58503,1,3.65969
58504,1,3.65963
58505,1,3.65957
58506,1,3.65951
58507,1,3.65944
58508,1,3.65938
58509,1,3.65932
58510,1,3.65925
58511,1,3.65919
58512,1,3.65913
58513,1,3.65907
58514,1,3.659
58515,1,3.65894
58516,1,3.65888
58517,1,3.65882
58518,1,3.65875
58519,1,3.65869
58520,1,3.65863
58521,1,3.65857
58522,1,3.6585
58523,1,3.65844
58524,1,3.65838
58525,1,3.65832
58526,1,3.65825
58527,1,3.65819
58528,1,3.65813
58529,1,3.65807
58530,1,3.658
58531,1,3.65794
58532,1,3.65788
58533,1,3.65782
58534,1,3.65775
58535,1,3.65769
58536,1,3.65763
58537,1,3.65757
58538,1,3.6575
58539,1,3.65744
58540,1,3.65738
58541,1,3.65732
58542,1,3.65725
58543,1,3.65719
58544,1,3.65713
58545,1,3.65707
58546,1,3.657
58547,1,3.65694
58548,1,3.65688
58549,1,3.65682
58550,1,3.65675
58551,1,3.65669
58552,1,3.65663
58553,1,3.65657
58554,1,3.65651
58555,1,3.65644
58556,1,3.65638
58557,1,3.65632
58558,1,3.65626
58559,1,3.65619
58560,1,3.65613
58561,1,3.65607
58562,1,3.65601
58563,1,3.65594
58564,1,3.65588
58565,1,3.65582
58566,1,3.65576
58567,1,3.65569
58568,1,3.65563
58569,1,3.65557
58570,1,3.65551
58571,1,3.65544
58572,1,3.65538
58573,1,3.65532
58574,1,3.65526
58575,1,3.65519
58576,1,3.65513
58577,1,3.65507
58578,1,3.65501
58579,1,3.65494
58580,1,3.65488
58581,1,3.65482
58582,1,3.65476
58583,1,3.6547
58584,1,3.65463
58585,1,3.65457
58586,1,3.65451
58587,1,3.65445
58588,1,3.65438
58589,1,3.65432
58590,1,3.65426
58591,1,3.6542
58592,1,3.65413
58593,1,3.65407
58594,1,3.65401
58595,1,3.65395
58596,1,3.65388
58597,1,3.65382
58598,1,3.65376
58599,1,3.6537
58600,1,3.65363
58601,1,3.65357
58602,1,3.65351
58603,1,3.65345
58604,1,3.65339
58605,1,3.65332
58606,1,3.65326
58607,1,3.6532
58608,1,3.65314
58609,1,3.65307
58610,1,3.65301
58611,1,3.65295
58612,1,3.65289
58613,1,3.65282
58614,1,3.65276
58615,1,3.6527
58616,1,3.65264
58617,1,3.65258
58618,1,3.65251
58619,1,3.65245
58620,1,3.65239
58621,1,3.65233
58622,1,3.65226
58623,1,3.6522
58624,1,3.65214
58625,1,3.65208
58626,1,3.65201
58627,1,3.65195
58628,1,3.65189
58629,1,3.65183
58630,1,3.65177
58631,1,3.6517
58632,1,3.65164
58633,1,3.65158
58634,1,3.65152
58635,1,3.65145
58636,1,3.65139
58637,1,3.65133
58638,1,3.65127
58639,1,3.6512
58640,1,3.65114
58641,1,3.65108
58642,1,3.65102
58643,1,3.65096
58644,1,3.65089
58645,1,3.65083
58646,1,3.65077
58647,1,3.65071
58648,1,3.65064
58649,1,3.65058
58650,1,3.65052
58651,1,3.65046
58652,1,3.6504
58653,1,3.65033
58654,1,3.65027
58655,1,3.65021
58656,1,3.65015
58657,1,3.65008
58658,1,3.65002
58659,1,3.64996
58660,1,3.6499
58661,1,3.64984
58662,1,3.64977
58663,1,3.64971
58664,1,3.64965
58665,1,3.64959
58666,1,3.64952
58667,1,3.64946
58668,1,3.6494
58669,1,3.64934
58670,1,3.64928
58671,1,3.64921
58672,1,3.64915
58673,1,3.64909
58674,1,3.64903
58675,1,3.64896
58676,1,3.6489
58677,1,3.64884
58678,1,3.64878
58679,1,3.64872
58680,1,3.64865
58681,1,3.64859
58682,1,3.64853
58683,1,3.64847
58684,1,3.64841
58685,1,3.64834
58686,1,3.64828
58687,1,3.64822
58688,1,3.64816
58689,1,3.64809
58690,1,3.64803
58691,1,3.64797
58692,1,3.64791
58693,1,3.64785
58694,1,3.64778
58695,1,3.64772
58696,1,3.64766
58697,1,3.6476
58698,1,3.64753
58699,1,3.64747
58700,1,3.64741
58701,1,3.64735
58702,1,3.64729
58703,1,3.64722
58704,1,3.64716
58705,1,3.6471
58706,1,3.64704
58707,1,3.64698
58708,1,3.64691
58709,1,3.64685
58710,1,3.64679
58711,1,3.64673
58712,1,3.64667
58713,1,3.6466
58714,1,3.64654
58715,1,3.64648
58716,1,3.64642
58717,1,3.64635
58718,1,3.64629
58719,1,3.64623
58720,1,3.64617
58721,1,3.64611
58722,1,3.64604
58723,1,3.64598
58724,1,3.64592
58725,1,3.64586
58726,1,3.6458
58727,1,3.64573
58728,1,3.64567
58729,1,3.64561
58730,1,3.64555
58731,1,3.64549
58732,1,3.64542
58733,1,3.64536
58734,1,3.6453
58735,1,3.64524
58736,1,3.64518
58737,1,3.64511
58738,1,3.64505
58739,1,3.64499
58740,1,3.64493
58741,1,3.64486
58742,1,3.6448
58743,1,3.64474
58744,1,3.64468
58745,1,3.64462
58746,1,3.64455
58747,1,3.64449
58748,1,3.64443
58749,1,3.64437
58750,1,3.64431
58751,1,3.64424
58752,1,3.64418
58753,1,3.64412
58754,1,3.64406
58755,1,3.644
58756,1,3.64393
58757,1,3.64387
58758,1,3.64381
58759,1,3.64375
58760,1,3.64369
58761,1,3.64362
58762,1,3.64356
58763,1,3.6435
58764,1,3.64344
58765,1,3.64338
58766,1,3.64331
58767,1,3.64325
58768,1,3.64319
58769,1,3.64313
58770,1,3.64307
58771,1,3.643
58772,1,3.64294
58773,1,3.64288
58774,1,3.64282
58775,1,3.64276
58776,1,3.64269
58777,1,3.64263
58778,1,3.64257
58779,1,3.64251
58780,1,3.64245
58781,1,3.64238
58782,1,3.64232
58783,1,3.64226
58784,1,3.6422
58785,1,3.64214
58786,1,3.64207
58787,1,3.64201
58788,1,3.64195
58789,1,3.64189
58790,1,3.64183
58791,1,3.64176
58792,1,3.6417
58793,1,3.64164
58794,1,3.64158
58795,1,3.64152
58796,1,3.64146
58797,1,3.64139
58798,1,3.64133
58799,1,3.64127
58800,1,3.64121
58801,1,3.64115
58802,1,3.64108
58803,1,3.64102
58804,1,3.64096
58805,1,3.6409
58806,1,3.64084
58807,1,3.64077
58808,1,3.64071
58809,1,3.64065
58810,1,3.64059
58811,1,3.64053
58812,1,3.64046
58813,1,3.6404
58814,1,3.64034
58815,1,3.64028
58816,1,3.64022
58817,1,3.64016
58818,1,3.64009
58819,1,3.64003
58820,1,3.63997
58821,1,3.63991
58822,1,3.63985
58823,1,3.63978
58824,1,3.63972
58825,1,3.63966
58826,1,3.6396
58827,1,3.63954
58828,1,3.63947
58829,1,3.63941
58830,1,3.63935
58831,1,3.63929
58832,1,3.63923
58833,1,3.63917
58834,1,3.6391
58835,1,3.63904
58836,1,3.63898
58837,1,3.63892
58838,1,3.63886
58839,1,3.63879
58840,1,3.63873
58841,1,3.63867
58842,1,3.63861
58843,1,3.63855
58844,1,3.63848
58845,1,3.63842
58846,1,3.63836
58847,1,3.6383
58848,1,3.63824
58849,1,3.63818
58850,1,3.63811
58851,1,3.63805
58852,1,3.63799
58853,1,3.63793
58854,1,3.63787
58855,1,3.6378
58856,1,3.63774
58857,1,3.63768
58858,1,3.63762
58859,1,3.63756
58860,1,3.6375
58861,1,3.63743
58862,1,3.63737
58863,1,3.63731
58864,1,3.63725
58865,1,3.63719
58866,1,3.63712
58867,1,3.63706
58868,1,3.637
58869,1,3.63694
58870,1,3.63688
58871,1,3.63682
58872,1,3.63675
58873,1,3.63669
58874,1,3.63663
58875,1,3.63657
58876,1,3.63651
58877,1,3.63645
58878,1,3.63638
58879,1,3.63632
58880,1,3.63626
58881,1,3.6362
58882,1,3.63614
58883,1,3.63607
58884,1,3.63601
58885,1,3.63595
58886,1,3.63589
58887,1,3.63583
58888,1,3.63577
58889,1,3.6357
58890,1,3.63564
58891,1,3.63558
58892,1,3.63552
58893,1,3.63546
58894,1,3.6354
58895,1,3.63533
58896,1,3.63527
58897,1,3.63521
58898,1,3.63515
58899,1,3.63509
58900,1,3.63503
58901,1,3.63496
58902,1,3.6349
58903,1,3.63484
58904,1,3.63478
58905,1,3.63472
58906,1,3.63466
58907,1,3.63459
58908,1,3.63453
58909,1,3.63447
58910,1,3.63441
58911,1,3.63435
58912,1,3.63429
58913,1,3.63422
58914,1,3.63416
58915,1,3.6341
58916,1,3.63404
58917,1,3.63398
58918,1,3.63391
58919,1,3.63385
58920,1,3.63379
58921,1,3.63373
58922,1,3.63367
58923,1,3.63361
58924,1,3.63354
58925,1,3.63348
58926,1,3.63342
58927,1,3.63336
58928,1,3.6333
58929,1,3.63324
58930,1,3.63317
58931,1,3.63311
58932,1,3.63305
58933,1,3.63299
58934,1,3.63293
58935,1,3.63287
58936,1,3.63281
58937,1,3.63274
58938,1,3.63268
58939,1,3.63262
58940,1,3.63256
58941,1,3.6325
58942,1,3.63244
58943,1,3.63237
58944,1,3.63231
58945,1,3.63225
58946,1,3.63219
58947,1,3.63213
58948,1,3.63207
58949,1,3.632
58950,1,3.63194
58951,1,3.63188
58952,1,3.63182
58953,1,3.63176
58954,1,3.6317
58955,1,3.63163
58956,1,3.63157
58957,1,3.63151
58958,1,3.63145
58959,1,3.63139
58960,1,3.63133
58961,1,3.63126
58962,1,3.6312
58963,1,3.63114
58964,1,3.63108
58965,1,3.63102
58966,1,3.63096
58967,1,3.6309
58968,1,3.63083
58969,1,3.63077
58970,1,3.63071
58971,1,3.63065
58972,1,3.63059
58973,1,3.63053
58974,1,3.63046
58975,1,3.6304
58976,1,3.63034
58977,1,3.63028
58978,1,3.63022
58979,1,3.63016
58980,1,3.63009
58981,1,3.63003
58982,1,3.62997
58983,1,3.62991
58984,1,3.62985
58985,1,3.62979
58986,1,3.62973
58987,1,3.62966
58988,1,3.6296
58989,1,3.62954
58990,1,3.62948
58991,1,3.62942
58992,1,3.62936
58993,1,3.6293
58994,1,3.62923
58995,1,3.62917
58996,1,3.62911
58997,1,3.62905
58998,1,3.62899
58999,1,3.62893
59000,1,3.62886
59001,1,3.6288
59002,1,3.62874
59003,1,3.62868
59004,1,3.62862
59005,1,3.62856
59006,1,3.6285
59007,1,3.62843
59008,1,3.62837
59009,1,3.62831
59010,1,3.62825
59011,1,3.62819
59012,1,3.62813
59013,1,3.62807
59014,1,3.628
59015,1,3.62794
59016,1,3.62788
59017,1,3.62782
59018,1,3.62776
59019,1,3.6277
59020,1,3.62763
59021,1,3.62757
59022,1,3.62751
59023,1,3.62745
59024,1,3.62739
59025,1,3.62733
59026,1,3.62727
59027,1,3.6272
59028,1,3.62714
59029,1,3.62708
59030,1,3.62702
59031,1,3.62696
59032,1,3.6269
59033,1,3.62684
59034,1,3.62677
59035,1,3.62671
59036,1,3.62665
59037,1,3.62659
59038,1,3.62653
59039,1,3.62647
59040,1,3.62641
59041,1,3.62634
59042,1,3.62628
59043,1,3.62622
59044,1,3.62616
59045,1,3.6261
59046,1,3.62604
59047,1,3.62598
59048,1,3.62591
59049,1,3.62585
59050,1,3.62579
59051,1,3.62573
59052,1,3.62567
59053,1,3.62561
59054,1,3.62555
59055,1,3.62548
59056,1,3.62542
59057,1,3.62536
59058,1,3.6253
59059,1,3.62524
59060,1,3.62518
59061,1,3.62512
59062,1,3.62506
59063,1,3.62499
59064,1,3.62493
59065,1,3.62487
59066,1,3.62481
59067,1,3.62475
59068,1,3.62469
59069,1,3.62463
59070,1,3.62456
59071,1,3.6245
59072,1,3.62444
59073,1,3.62438
59074,1,3.62432
59075,1,3.62426
59076,1,3.6242
59077,1,3.62413
59078,1,3.62407
59079,1,3.62401
59080,1,3.62395
59081,1,3.62389
59082,1,3.62383
59083,1,3.62377
59084,1,3.62371
59085,1,3.62364
59086,1,3.62358
59087,1,3.62352
59088,1,3.62346
59089,1,3.6234
59090,1,3.62334
59091,1,3.62328
59092,1,3.62321
59093,1,3.62315
59094,1,3.62309
59095,1,3.62303
59096,1,3.62297
59097,1,3.62291
59098,1,3.62285
59099,1,3.62279
59100,1,3.62272
59101,1,3.62266
59102,1,3.6226
59103,1,3.62254
59104,1,3.62248
59105,1,3.62242
59106,1,3.62236
59107,1,3.6223
59108,1,3.62223
59109,1,3.62217
59110,1,3.62211
59111,1,3.62205
59112,1,3.62199
59113,1,3.62193
59114,1,3.62187
59115,1,3.6218
59116,1,3.62174
59117,1,3.62168
59118,1,3.62162
59119,1,3.62156
59120,1,3.6215
59121,1,3.62144
59122,1,3.62138
59123,1,3.62131
59124,1,3.62125
59125,1,3.62119
59126,1,3.62113
59127,1,3.62107
59128,1,3.62101
59129,1,3.62095
59130,1,3.62089
59131,1,3.62082
59132,1,3.62076
59133,1,3.6207
59134,1,3.62064
59135,1,3.62058
59136,1,3.62052
59137,1,3.62046
59138,1,3.6204
59139,1,3.62034
59140,1,3.62027
59141,1,3.62021
59142,1,3.62015
59143,1,3.62009
59144,1,3.62003
59145,1,3.61997
59146,1,3.61991
59147,1,3.61985
59148,1,3.61978
59149,1,3.61972
59150,1,3.61966
59151,1,3.6196
59152,1,3.61954
59153,1,3.61948
59154,1,3.61942
59155,1,3.61936
59156,1,3.61929
59157,1,3.61923
59158,1,3.61917
59159,1,3.61911
59160,1,3.61905
59161,1,3.61899
59162,1,3.61893
59163,1,3.61887
59164,1,3.61881
59165,1,3.61874
59166,1,3.61868
59167,1,3.61862
59168,1,3.61856
59169,1,3.6185
59170,1,3.61844
59171,1,3.61838
59172,1,3.61832
59173,1,3.61825
59174,1,3.61819
59175,1,3.61813
59176,1,3.61807
59177,1,3.61801
59178,1,3.61795
59179,1,3.61789
59180,1,3.61783
59181,1,3.61777
59182,1,3.6177
59183,1,3.61764
59184,1,3.61758
59185,1,3.61752
59186,1,3.61746
59187,1,3.6174
59188,1,3.61734
59189,1,3.61728
59190,1,3.61722
59191,1,3.61715
59192,1,3.61709
59193,1,3.61703
59194,1,3.61697
59195,1,3.61691
59196,1,3.61685
59197,1,3.61679
59198,1,3.61673
59199,1,3.61667
59200,1,3.6166
59201,1,3.61654
59202,1,3.61648
59203,1,3.61642
59204,1,3.61636
59205,1,3.6163
59206,1,3.61624
59207,1,3.61618
59208,1,3.61612
59209,1,3.61605
59210,1,3.61599
59211,1,3.61593
59212,1,3.61587
59213,1,3.61581
59214,1,3.61575
59215,1,3.61569
59216,1,3.61563
59217,1,3.61557
59218,1,3.61551
59219,1,3.61544
59220,1,3.61538
59221,1,3.61532
59222,1,3.61526
59223,1,3.6152
59224,1,3.61514
59225,1,3.61508
59226,1,3.61502
59227,1,3.61496
59228,1,3.61489
59229,1,3.61483
59230,1,3.61477
59231,1,3.61471
59232,1,3.61465
59233,1,3.61459
59234,1,3.61453
59235,1,3.61447
59236,1,3.61441
59237,1,3.61435
59238,1,3.61428
59239,1,3.61422
59240,1,3.61416
59241,1,3.6141
59242,1,3.61404
59243,1,3.61398
59244,1,3.61392
59245,1,3.61386
59246,1,3.6138
59247,1,3.61374
59248,1,3.61367
59249,1,3.61361
59250,1,3.61355
59251,1,3.61349
59252,1,3.61343
59253,1,3.61337
59254,1,3.61331
59255,1,3.61325
59256,1,3.61319
59257,1,3.61313
59258,1,3.61306
59259,1,3.613
59260,1,3.61294
59261,1,3.61288
59262,1,3.61282
59263,1,3.61276
59264,1,3.6127
59265,1,3.61264
59266,1,3.61258
59267,1,3.61252
59268,1,3.61246
59269,1,3.61239
59270,1,3.61233
59271,1,3.61227
59272,1,3.61221
59273,1,3.61215
59274,1,3.61209
59275,1,3.61203
59276,1,3.61197
59277,1,3.61191
59278,1,3.61185
59279,1,3.61178
59280,1,3.61172
59281,1,3.61166
59282,1,3.6116
59283,1,3.61154
59284,1,3.61148
59285,1,3.61142
59286,1,3.61136
59287,1,3.6113
59288,1,3.61124
59289,1,3.61118
59290,1,3.61111
59291,1,3.61105
59292,1,3.61099
59293,1,3.61093
59294,1,3.61087
59295,1,3.61081
59296,1,3.61075
59297,1,3.61069
59298,1,3.61063
59299,1,3.61057
59300,1,3.61051
59301,1,3.61045
59302,1,3.61038
59303,1,3.61032
59304,1,3.61026
59305,1,3.6102
59306,1,3.61014
59307,1,3.61008
59308,1,3.61002
59309,1,3.60996
59310,1,3.6099
59311,1,3.60984
59312,1,3.60978
59313,1,3.60971
59314,1,3.60965
59315,1,3.60959
59316,1,3.60953
59317,1,3.60947
59318,1,3.60941
59319,1,3.60935
59320,1,3.60929
59321,1,3.60923
59322,1,3.60917
59323,1,3.60911
59324,1,3.60905
59325,1,3.60898
59326,1,3.60892
59327,1,3.60886
59328,1,3.6088
59329,1,3.60874
59330,1,3.60868
59331,1,3.60862
59332,1,3.60856
59333,1,3.6085
59334,1,3.60844
59335,1,3.60838
59336,1,3.60832
59337,1,3.60825
59338,1,3.60819
59339,1,3.60813
59340,1,3.60807
59341,1,3.60801
59342,1,3.60795
59343,1,3.60789
59344,1,3.60783
59345,1,3.60777
59346,1,3.60771
59347,1,3.60765
59348,1,3.60759
59349,1,3.60752
59350,1,3.60746
59351,1,3.6074
59352,1,3.60734
59353,1,3.60728
59354,1,3.60722
59355,1,3.60716
59356,1,3.6071
59357,1,3.60704
59358,1,3.60698
59359,1,3.60692
59360,1,3.60686
59361,1,3.6068
59362,1,3.60673
59363,1,3.60667
59364,1,3.60661
59365,1,3.60655
59366,1,3.60649
59367,1,3.60643
59368,1,3.60637
59369,1,3.60631
59370,1,3.60625
59371,1,3.60619
59372,1,3.60613
59373,1,3.60607
59374,1,3.60601
59375,1,3.60595
59376,1,3.60588
59377,1,3.60582
59378,1,3.60576
59379,1,3.6057
59380,1,3.60564
59381,1,3.60558
59382,1,3.60552
59383,1,3.60546
59384,1,3.6054
59385,1,3.60534
59386,1,3.60528
59387,1,3.60522
59388,1,3.60516
59389,1,3.6051
59390,1,3.60503
59391,1,3.60497
59392,1,3.60491
59393,1,3.60485
59394,1,3.60479
59395,1,3.60473
59396,1,3.60467
59397,1,3.60461
59398,1,3.60455
59399,1,3.60449
59400,1,3.60443
59401,1,3.60437
59402,1,3.60431
59403,1,3.60425
59404,1,3.60418
59405,1,3.60412
59406,1,3.60406
59407,1,3.604
59408,1,3.60394
59409,1,3.60388
59410,1,3.60382
59411,1,3.60376
59412,1,3.6037
59413,1,3.60364
59414,1,3.60358
59415,1,3.60352
59416,1,3.60346
59417,1,3.6034
59418,1,3.60334
59419,1,3.60328
59420,1,3.60321
59421,1,3.60315
59422,1,3.60309
59423,1,3.60303
59424,1,3.60297
59425,1,3.60291
59426,1,3.60285
59427,1,3.60279
59428,1,3.60273
59429,1,3.60267
59430,1,3.60261
59431,1,3.60255
59432,1,3.60249
59433,1,3.60243
59434,1,3.60237
59435,1,3.60231
59436,1,3.60224
59437,1,3.60218
59438,1,3.60212
59439,1,3.60206
59440,1,3.602
59441,1,3.60194
59442,1,3.60188
59443,1,3.60182
59444,1,3.60176
59445,1,3.6017
59446,1,3.60164
59447,1,3.60158
59448,1,3.60152
59449,1,3.60146
59450,1,3.6014
59451,1,3.60134
59452,1,3.60127
59453,1,3.60121
59454,1,3.60115
59455,1,3.60109
59456,1,3.60103
59457,1,3.60097
59458,1,3.60091
59459,1,3.60085
59460,1,3.60079
59461,1,3.60073
59462,1,3.60067
59463,1,3.60061
59464,1,3.60055
59465,1,3.60049
59466,1,3.60043
59467,1,3.60037
59468,1,3.60031
59469,1,3.60025
59470,1,3.60018
59471,1,3.60012
59472,1,3.60006
59473,1,3.6
59474,1,3.59994
59475,1,3.59988
59476,1,3.59982
59477,1,3.59976
59478,1,3.5997
59479,1,3.59964
59480,1,3.59958
59481,1,3.59952
59482,1,3.59946
59483,1,3.5994
59484,1,3.59934
59485,1,3.59928
59486,1,3.59922
59487,1,3.59916
59488,1,3.5991
59489,1,3.59904
59490,1,3.59897
59491,1,3.59891
59492,1,3.59885
59493,1,3.59879
59494,1,3.59873
59495,1,3.59867
59496,1,3.59861
59497,1,3.59855
59498,1,3.59849
59499,1,3.59843
59500,1,3.59837
59501,1,3.59831
59502,1,3.59825
59503,1,3.59819
59504,1,3.59813
59505,1,3.59807
59506,1,3.59801
59507,1,3.59795
59508,1,3.59789
59509,1,3.59783
59510,1,3.59777
59511,1,3.5977
59512,1,3.59764
59513,1,3.59758
59514,1,3.59752
59515,1,3.59746
59516,1,3.5974
59517,1,3.59734
59518,1,3.59728
59519,1,3.59722
59520,1,3.59716
59521,1,3.5971
59522,1,3.59704
59523,1,3.59698
59524,1,3.59692
59525,1,3.59686
59526,1,3.5968
59527,1,3.59674
59528,1,3.59668
59529,1,3.59662
59530,1,3.59656
59531,1,3.5965
59532,1,3.59644
59533,1,3.59638
59534,1,3.59631
59535,1,3.59625
59536,1,3.59619
59537,1,3.59613
59538,1,3.59607
59539,1,3.59601
59540,1,3.59595
59541,1,3.59589
59542,1,3.59583
59543,1,3.59577
59544,1,3.59571
59545,1,3.59565
59546,1,3.59559
59547,1,3.59553
59548,1,3.59547
59549,1,3.59541
59550,1,3.59535
59551,1,3.59529
59552,1,3.59523
59553,1,3.59517
59554,1,3.59511
59555,1,3.59505
59556,1,3.59499
59557,1,3.59493
59558,1,3.59487
59559,1,3.59481
59560,1,3.59474
59561,1,3.59468
59562,1,3.59462
59563,1,3.59456
59564,1,3.5945
59565,1,3.59444
59566,1,3.59438
59567,1,3.59432
59568,1,3.59426
59569,1,3.5942
59570,1,3.59414
59571,1,3.59408
59572,1,3.59402
59573,1,3.59396
59574,1,3.5939
59575,1,3.59384
59576,1,3.59378
59577,1,3.59372
59578,1,3.59366
59579,1,3.5936
59580,1,3.59354
59581,1,3.59348
59582,1,3.59342
59583,1,3.59336
59584,1,3.5933
59585,1,3.59324
59586,1,3.59318
59587,1,3.59312
59588,1,3.59306
59589,1,3.593
59590,1,3.59294
59591,1,3.59287
59592,1,3.59281
59593,1,3.59275
59594,1,3.59269
59595,1,3.59263
59596,1,3.59257
59597,1,3.59251
59598,1,3.59245
59599,1,3.59239
59600,1,3.59233
59601,1,3.59227
59602,1,3.59221
59603,1,3.59215
59604,1,3.59209
59605,1,3.59203
59606,1,3.59197
59607,1,3.59191
59608,1,3.59185
59609,1,3.59179
59610,1,3.59173
59611,1,3.59167
59612,1,3.59161
59613,1,3.59155
59614,1,3.59149
59615,1,3.59143
59616,1,3.59137
59617,1,3.59131
59618,1,3.59125
59619,1,3.59119
59620,1,3.59113
59621,1,3.59107
59622,1,3.59101
59623,1,3.59095
59624,1,3.59089
59625,1,3.59083
59626,1,3.59077
59627,1,3.59071
59628,1,3.59065
59629,1,3.59059
59630,1,3.59052
59631,1,3.59046
59632,1,3.5904
59633,1,3.59034
59634,1,3.59028
59635,1,3.59022
59636,1,3.59016
59637,1,3.5901
59638,1,3.59004
59639,1,3.58998
59640,1,3.58992
59641,1,3.58986
59642,1,3.5898
59643,1,3.58974
59644,1,3.58968
59645,1,3.58962
59646,1,3.58956
59647,1,3.5895
59648,1,3.58944
59649,1,3.58938
59650,1,3.58932
59651,1,3.58926
59652,1,3.5892
59653,1,3.58914
59654,1,3.58908
59655,1,3.58902
59656,1,3.58896
59657,1,3.5889
59658,1,3.58884
59659,1,3.58878
59660,1,3.58872
59661,1,3.58866
59662,1,3.5886
59663,1,3.58854
59664,1,3.58848
59665,1,3.58842
59666,1,3.58836
59667,1,3.5883
59668,1,3.58824
59669,1,3.58818
59670,1,3.58812
59671,1,3.58806
59672,1,3.588
59673,1,3.58794
59674,1,3.58788
59675,1,3.58782
59676,1,3.58776
59677,1,3.5877
59678,1,3.58764
59679,1,3.58758
59680,1,3.58752
59681,1,3.58746
59682,1,3.5874
59683,1,3.58734
59684,1,3.58728
59685,1,3.58722
59686,1,3.58716
59687,1,3.5871
59688,1,3.58704
59689,1,3.58698
59690,1,3.58692
59691,1,3.58686
59692,1,3.5868
59693,1,3.58674
59694,1,3.58668
59695,1,3.58662
59696,1,3.58656
59697,1,3.5865
59698,1,3.58644
59699,1,3.58637
59700,1,3.58631
59701,1,3.58625
59702,1,3.58619
59703,1,3.58613
59704,1,3.58607
59705,1,3.58601
59706,1,3.58595
59707,1,3.58589
59708,1,3.58583
59709,1,3.58577
59710,1,3.58571
59711,1,3.58565
59712,1,3.58559
59713,1,3.58553
59714,1,3.58547
59715,1,3.58541
59716,1,3.58535
59717,1,3.58529
59718,1,3.58523
59719,1,3.58517
59720,1,3.58511
59721,1,3.58505
59722,1,3.58499
59723,1,3.58493
59724,1,3.58487
59725,1,3.58481
59726,1,3.58475
59727,1,3.58469
59728,1,3.58463
59729,1,3.58457
59730,1,3.58451
59731,1,3.58445
59732,1,3.58439
59733,1,3.58433
59734,1,3.58427
59735,1,3.58421
59736,1,3.58415
59737,1,3.58409
59738,1,3.58403
59739,1,3.58397
59740,1,3.58391
59741,1,3.58385
59742,1,3.58379
59743,1,3.58373
59744,1,3.58367
59745,1,3.58361
59746,1,3.58355
59747,1,3.58349
59748,1,3.58343
59749,1,3.58337
59750,1,3.58331
59751,1,3.58325
59752,1,3.58319
59753,1,3.58313
59754,1,3.58307
59755,1,3.58301
59756,1,3.58295
59757,1,3.58289
59758,1,3.58283
59759,1,3.58277
59760,1,3.58271
59761,1,3.58265
59762,1,3.58259
59763,1,3.58253
59764,1,3.58247
59765,1,3.58241
59766,1,3.58235
59767,1,3.58229
59768,1,3.58223
59769,1,3.58217
59770,1,3.58211
59771,1,3.58205
59772,1,3.58199
59773,1,3.58193
59774,1,3.58188
59775,1,3.58182
59776,1,3.58176
59777,1,3.5817
59778,1,3.58164
59779,1,3.58158
59780,1,3.58152
59781,1,3.58146
59782,1,3.5814
59783,1,3.58134
59784,1,3.58128
59785,1,3.58122
59786,1,3.58116
59787,1,3.5811
59788,1,3.58104
59789,1,3.58098
59790,1,3.58092
59791,1,3.58086
59792,1,3.5808
59793,1,3.58074
59794,1,3.58068
59795,1,3.58062
59796,1,3.58056
59797,1,3.5805
59798,1,3.58044
59799,1,3.58038
59800,1,3.58032
59801,1,3.58026
59802,1,3.5802
59803,1,3.58014
59804,1,3.58008
59805,1,3.58002
59806,1,3.57996
59807,1,3.5799
59808,1,3.57984
59809,1,3.57978
59810,1,3.57972
59811,1,3.57966
59812,1,3.5796
59813,1,3.57954
59814,1,3.57948
59815,1,3.57942
59816,1,3.57936
59817,1,3.5793
59818,1,3.57924
59819,1,3.57918
59820,1,3.57912
59821,1,3.57906
59822,1,3.579
59823,1,3.57894
59824,1,3.57888
59825,1,3.57882
59826,1,3.57876
59827,1,3.5787
59828,1,3.57864
59829,1,3.57858
59830,1,3.57852
59831,1,3.57846
59832,1,3.5784
59833,1,3.57834
59834,1,3.57828
59835,1,3.57822
59836,1,3.57816
59837,1,3.5781
59838,1,3.57804
59839,1,3.57798
59840,1,3.57792
59841,1,3.57786
59842,1,3.5778
59843,1,3.57775
59844,1,3.57769
59845,1,3.57763
59846,1,3.57757
59847,1,3.57751
59848,1,3.57745
59849,1,3.57739
59850,1,3.57733
59851,1,3.57727
59852,1,3.57721
59853,1,3.57715
59854,1,3.57709
59855,1,3.57703
59856,1,3.57697
59857,1,3.57691
59858,1,3.57685
59859,1,3.57679
59860,1,3.57673
59861,1,3.57667
59862,1,3.57661
59863,1,3.57655
59864,1,3.57649
59865,1,3.57643
59866,1,3.57637
59867,1,3.57631
59868,1,3.57625
59869,1,3.57619
59870,1,3.57613
59871,1,3.57607
59872,1,3.57601
59873,1,3.57595
59874,1,3.57589
59875,1,3.57583
59876,1,3.57577
59877,1,3.57571
59878,1,3.57565
59879,1,3.57559
59880,1,3.57553
59881,1,3.57547
59882,1,3.57541
59883,1,3.57536
59884,1,3.5753
59885,1,3.57524
59886,1,3.57518
59887,1,3.57512
59888,1,3.57506
59889,1,3.575
59890,1,3.57494
59891,1,3.57488
59892,1,3.57482
59893,1,3.57476
59894,1,3.5747
59895,1,3.57464
59896,1,3.57458
59897,1,3.57452
59898,1,3.57446
59899,1,3.5744
59900,1,3.57434
59901,1,3.57428
59902,1,3.57422
59903,1,3.57416
59904,1,3.5741
59905,1,3.57404
59906,1,3.57398
59907,1,3.57392
59908,1,3.57386
59909,1,3.5738
59910,1,3.57374
59911,1,3.57368
59912,1,3.57362
59913,1,3.57357
59914,1,3.57351
59915,1,3.57345
59916,1,3.57339
59917,1,3.57333
59918,1,3.57327
59919,1,3.57321
59920,1,3.57315
59921,1,3.57309
59922,1,3.57303
59923,1,3.57297
59924,1,3.57291
59925,1,3.57285
59926,1,3.57279
59927,1,3.57273
59928,1,3.57267
59929,1,3.57261
59930,1,3.57255
59931,1,3.57249
59932,1,3.57243
59933,1,3.57237
59934,1,3.57231
59935,1,3.57225
59936,1,3.57219
59937,1,3.57213
59938,1,3.57207
59939,1,3.57201
59940,1,3.57196
59941,1,3.5719
59942,1,3.57184
59943,1,3.57178
59944,1,3.57172
59945,1,3.57166
59946,1,3.5716
59947,1,3.57154
59948,1,3.57148
59949,1,3.57142
59950,1,3.57136
59951,1,3.5713
59952,1,3.57124
59953,1,3.57118
59954,1,3.57112
59955,1,3.57106
59956,1,3.571
59957,1,3.57094
59958,1,3.57088
59959,1,3.57082
59960,1,3.57076
59961,1,3.5707
59962,1,3.57064
59963,1,3.57059
59964,1,3.57053
59965,1,3.57047
59966,1,3.57041
59967,1,3.57035
59968,1,3.57029
59969,1,3.57023
59970,1,3.57017
59971,1,3.57011
59972,1,3.57005
59973,1,3.56999
59974,1,3.56993
59975,1,3.56987
59976,1,3.56981
59977,1,3.56975
59978,1,3.56969
59979,1,3.56963
59980,1,3.56957
59981,1,3.56951
59982,1,3.56945
59983,1,3.56939
59984,1,3.56934
59985,1,3.56928
59986,1,3.56922
59987,1,3.56916
59988,1,3.5691
59989,1,3.56904
59990,1,3.56898
59991,1,3.56892
59992,1,3.56886
59993,1,3.5688
59994,1,3.56874
59995,1,3.56868
59996,1,3.56862
59997,1,3.56856
59998,1,3.5685
59999,1,3.56844
60000,1,3.56838
60001,1,3.56832
60002,1,3.56826
60003,1,3.5682
60004,1,3.56815
60005,1,3.56809
60006,1,3.56803
60007,1,3.56797
60008,1,3.56791
60009,1,3.56785
60010,1,3.56779
60011,1,3.56773
60012,1,3.56767
60013,1,3.56761
60014,1,3.56755
60015,1,3.56749
60016,1,3.56743
60017,1,3.56737
60018,1,3.56731
60019,1,3.56725
60020,1,3.56719
60021,1,3.56713
60022,1,3.56708
60023,1,3.56702
60024,1,3.56696
60025,1,3.5669
60026,1,3.56684
60027,1,3.56678
60028,1,3.56672
60029,1,3.56666
60030,1,3.5666
60031,1,3.56654
60032,1,3.56648
60033,1,3.56642
60034,1,3.56636
60035,1,3.5663
60036,1,3.56624
60037,1,3.56618
60038,1,3.56612
60039,1,3.56607
60040,1,3.56601
60041,1,3.56595
60042,1,3.56589
60043,1,3.56583
60044,1,3.56577
60045,1,3.56571
60046,1,3.56565
60047,1,3.56559
60048,1,3.56553
60049,1,3.56547
60050,1,3.56541
60051,1,3.56535
60052,1,3.56529
60053,1,3.56523
60054,1,3.56517
60055,1,3.56512
60056,1,3.56506
60057,1,3.565
60058,1,3.56494
60059,1,3.56488
60060,1,3.56482
60061,1,3.56476
60062,1,3.5647
60063,1,3.56464
60064,1,3.56458
60065,1,3.56452
60066,1,3.56446
60067,1,3.5644
60068,1,3.56434
60069,1,3.56428
60070,1,3.56423
60071,1,3.56417
60072,1,3.56411
60073,1,3.56405
60074,1,3.56399
60075,1,3.56393
60076,1,3.56387
60077,1,3.56381
60078,1,3.56375
60079,1,3.56369
60080,1,3.56363
60081,1,3.56357
60082,1,3.56351
60083,1,3.56345
60084,1,3.56339
60085,1,3.56334
60086,1,3.56328
60087,1,3.56322
60088,1,3.56316
60089,1,3.5631
60090,1,3.56304
60091,1,3.56298
60092,1,3.56292
60093,1,3.56286
60094,1,3.5628
60095,1,3.56274
60096,1,3.56268
60097,1,3.56262
60098,1,3.56256
60099,1,3.56251
60100,1,3.56245
60101,1,3.56239
60102,1,3.56233
60103,1,3.56227
60104,1,3.56221
60105,1,3.56215
60106,1,3.56209
60107,1,3.56203
60108,1,3.56197
60109,1,3.56191
60110,1,3.56185
60111,1,3.56179
60112,1,3.56173
60113,1,3.56168
60114,1,3.56162
60115,1,3.56156
60116,1,3.5615
60117,1,3.56144
60118,1,3.56138
60119,1,3.56132
60120,1,3.56126
60121,1,3.5612
60122,1,3.56114
60123,1,3.56108
60124,1,3.56102
60125,1,3.56096
60126,1,3.56091
60127,1,3.56085
60128,1,3.56079
60129,1,3.56073
60130,1,3.56067
60131,1,3.56061
60132,1,3.56055
60133,1,3.56049
60134,1,3.56043
60135,1,3.56037
60136,1,3.56031
60137,1,3.56025
60138,1,3.56019
60139,1,3.56014
60140,1,3.56008
60141,1,3.56002
60142,1,3.55996
60143,1,3.5599
60144,1,3.55984
60145,1,3.55978
60146,1,3.55972
60147,1,3.55966
60148,1,3.5596
60149,1,3.55954
60150,1,3.55948
60151,1,3.55943
60152,1,3.55937
60153,1,3.55931
60154,1,3.55925
60155,1,3.55919
60156,1,3.55913
60157,1,3.55907
60158,1,3.55901
60159,1,3.55895
60160,1,3.55889
60161,1,3.55883
60162,1,3.55877
60163,1,3.55872
60164,1,3.55866
60165,1,3.5586
60166,1,3.55854
60167,1,3.55848
60168,1,3.55842
60169,1,3.55836
60170,1,3.5583
60171,1,3.55824
60172,1,3.55818
60173,1,3.55812
60174,1,3.55806
60175,1,3.55801
60176,1,3.55795
60177,1,3.55789
60178,1,3.55783
60179,1,3.55777
60180,1,3.55771
60181,1,3.55765
60182,1,3.55759
60183,1,3.55753
60184,1,3.55747
60185,1,3.55741
60186,1,3.55736
60187,1,3.5573
60188,1,3.55724
60189,1,3.55718
60190,1,3.55712
60191,1,3.55706
60192,1,3.557
60193,1,3.55694
60194,1,3.55688
60195,1,3.55682
60196,1,3.55676
60197,1,3.55671
60198,1,3.55665
60199,1,3.55659
60200,1,3.55653
60201,1,3.55647
60202,1,3.55641
60203,1,3.55635
60204,1,3.55629
60205,1,3.55623
60206,1,3.55617
60207,1,3.55611
60208,1,3.55606
60209,1,3.556
60210,1,3.55594
60211,1,3.55588
60212,1,3.55582
60213,1,3.55576
60214,1,3.5557
60215,1,3.55564
60216,1,3.55558
60217,1,3.55552
60218,1,3.55547
60219,1,3.55541
60220,1,3.55535
60221,1,3.55529
60222,1,3.55523
60223,1,3.55517
60224,1,3.55511
60225,1,3.55505
60226,1,3.55499
60227,1,3.55493
60228,1,3.55487
60229,1,3.55482
60230,1,3.55476
60231,1,3.5547
60232,1,3.55464
60233,1,3.55458
60234,1,3.55452
60235,1,3.55446
60236,1,3.5544
60237,1,3.55434
60238,1,3.55428
60239,1,3.55423
60240,1,3.55417
60241,1,3.55411
60242,1,3.55405
60243,1,3.55399
60244,1,3.55393
60245,1,3.55387
60246,1,3.55381
60247,1,3.55375
60248,1,3.55369
60249,1,3.55364
60250,1,3.55358
60251,1,3.55352
60252,1,3.55346
60253,1,3.5534
60254,1,3.55334
60255,1,3.55328
60256,1,3.55322
60257,1,3.55316
60258,1,3.5531
60259,1,3.55305
60260,1,3.55299
60261,1,3.55293
60262,1,3.55287
60263,1,3.55281
60264,1,3.55275
60265,1,3.55269
60266,1,3.55263
60267,1,3.55257
60268,1,3.55252
60269,1,3.55246
60270,1,3.5524
60271,1,3.55234
60272,1,3.55228
60273,1,3.55222
60274,1,3.55216
60275,1,3.5521
60276,1,3.55204
60277,1,3.55199
60278,1,3.55193
60279,1,3.55187
60280,1,3.55181
60281,1,3.55175
60282,1,3.55169
60283,1,3.55163
60284,1,3.55157
60285,1,3.55151
60286,1,3.55145
60287,1,3.5514
60288,1,3.55134
60289,1,3.55128
60290,1,3.55122
60291,1,3.55116
60292,1,3.5511
60293,1,3.55104
60294,1,3.55098
60295,1,3.55092
60296,1,3.55087
60297,1,3.55081
60298,1,3.55075
60299,1,3.55069
60300,1,3.55063
60301,1,3.55057
60302,1,3.55051
60303,1,3.55045
60304,1,3.55039
60305,1,3.55034
60306,1,3.55028
60307,1,3.55022
60308,1,3.55016
60309,1,3.5501
60310,1,3.55004
60311,1,3.54998
60312,1,3.54992
60313,1,3.54986
60314,1,3.54981
60315,1,3.54975
60316,1,3.54969
60317,1,3.54963
60318,1,3.54957
60319,1,3.54951
60320,1,3.54945
60321,1,3.54939
60322,1,3.54934
60323,1,3.54928
60324,1,3.54922
60325,1,3.54916
60326,1,3.5491
60327,1,3.54904
60328,1,3.54898
60329,1,3.54892
60330,1,3.54886
60331,1,3.54881
60332,1,3.54875
60333,1,3.54869
60334,1,3.54863
60335,1,3.54857
60336,1,3.54851
60337,1,3.54845
60338,1,3.54839
60339,1,3.54834
60340,1,3.54828
60341,1,3.54822
60342,1,3.54816
60343,1,3.5481
60344,1,3.54804
60345,1,3.54798
60346,1,3.54792
60347,1,3.54786
60348,1,3.54781
60349,1,3.54775
60350,1,3.54769
60351,1,3.54763
60352,1,3.54757
60353,1,3.54751
60354,1,3.54745
60355,1,3.54739
60356,1,3.54734
60357,1,3.54728
60358,1,3.54722
60359,1,3.54716
60360,1,3.5471
60361,1,3.54704
60362,1,3.54698
60363,1,3.54692
60364,1,3.54687
60365,1,3.54681
60366,1,3.54675
60367,1,3.54669
60368,1,3.54663
60369,1,3.54657
60370,1,3.54651
60371,1,3.54645
60372,1,3.5464
60373,1,3.54634
60374,1,3.54628
60375,1,3.54622
60376,1,3.54616
60377,1,3.5461
60378,1,3.54604
60379,1,3.54598
60380,1,3.54593
60381,1,3.54587
60382,1,3.54581
60383,1,3.54575
60384,1,3.54569
60385,1,3.54563
60386,1,3.54557
60387,1,3.54551
60388,1,3.54546
60389,1,3.5454
60390,1,3.54534
60391,1,3.54528
60392,1,3.54522
60393,1,3.54516
60394,1,3.5451
60395,1,3.54505
60396,1,3.54499
60397,1,3.54493
60398,1,3.54487
60399,1,3.54481
60400,1,3.54475
60401,1,3.54469
60402,1,3.54463
60403,1,3.54458
60404,1,3.54452
60405,1,3.54446
60406,1,3.5444
60407,1,3.54434
60408,1,3.54428
60409,1,3.54422
60410,1,3.54416
60411,1,3.54411
60412,1,3.54405
60413,1,3.54399
60414,1,3.54393
60415,1,3.54387
60416,1,3.54381
60417,1,3.54375
60418,1,3.5437
60419,1,3.54364
60420,1,3.54358
60421,1,3.54352
60422,1,3.54346
60423,1,3.5434
60424,1,3.54334
60425,1,3.54329
60426,1,3.54323
60427,1,3.54317
60428,1,3.54311
60429,1,3.54305
60430,1,3.54299
60431,1,3.54293
60432,1,3.54287
60433,1,3.54282
60434,1,3.54276
60435,1,3.5427
60436,1,3.54264
60437,1,3.54258
60438,1,3.54252
60439,1,3.54246
60440,1,3.54241
60441,1,3.54235
60442,1,3.54229
60443,1,3.54223
60444,1,3.54217
60445,1,3.54211
60446,1,3.54205
60447,1,3.542
60448,1,3.54194
60449,1,3.54188
60450,1,3.54182
60451,1,3.54176
60452,1,3.5417
60453,1,3.54164
60454,1,3.54159
60455,1,3.54153
60456,1,3.54147
60457,1,3.54141
60458,1,3.54135
60459,1,3.54129
60460,1,3.54123
60461,1,3.54118
60462,1,3.54112
60463,1,3.54106
60464,1,3.541
60465,1,3.54094
60466,1,3.54088
60467,1,3.54082
60468,1,3.54077
60469,1,3.54071
60470,1,3.54065
60471,1,3.54059
60472,1,3.54053
60473,1,3.54047
60474,1,3.54041
60475,1,3.54036
60476,1,3.5403
60477,1,3.54024
60478,1,3.54018
60479,1,3.54012
60480,1,3.54006
60481,1,3.54
60482,1,3.53995
60483,1,3.53989
60484,1,3.53983
60485,1,3.53977
60486,1,3.53971
60487,1,3.53965
60488,1,3.53959
60489,1,3.53954
60490,1,3.53948
60491,1,3.53942
60492,1,3.53936
60493,1,3.5393
60494,1,3.53924
60495,1,3.53919
60496,1,3.53913
60497,1,3.53907
60498,1,3.53901
60499,1,3.53895
60500,1,3.53889
60501,1,3.53883
60502,1,3.53878
60503,1,3.53872
60504,1,3.53866
60505,1,3.5386
60506,1,3.53854
60507,1,3.53848
60508,1,3.53842
60509,1,3.53837
60510,1,3.53831
60511,1,3.53825
60512,1,3.53819
60513,1,3.53813
60514,1,3.53807
60515,1,3.53802
60516,1,3.53796
60517,1,3.5379
60518,1,3.53784
60519,1,3.53778
60520,1,3.53772
60521,1,3.53766
60522,1,3.53761
60523,1,3.53755
60524,1,3.53749
60525,1,3.53743
60526,1,3.53737
60527,1,3.53731
60528,1,3.53726
60529,1,3.5372
60530,1,3.53714
60531,1,3.53708
60532,1,3.53702
60533,1,3.53696
60534,1,3.5369
60535,1,3.53685
60536,1,3.53679
60537,1,3.53673
60538,1,3.53667
60539,1,3.53661
60540,1,3.53655
60541,1,3.5365
60542,1,3.53644
60543,1,3.53638
60544,1,3.53632
60545,1,3.53626
60546,1,3.5362
60547,1,3.53615
60548,1,3.53609
60549,1,3.53603
60550,1,3.53597
60551,1,3.53591
60552,1,3.53585
60553,1,3.5358
60554,1,3.53574
60555,1,3.53568
60556,1,3.53562
60557,1,3.53556
60558,1,3.5355
60559,1,3.53544
60560,1,3.53539
60561,1,3.53533
60562,1,3.53527
60563,1,3.53521
60564,1,3.53515
60565,1,3.53509
60566,1,3.53504
60567,1,3.53498
60568,1,3.53492
60569,1,3.53486
60570,1,3.5348
60571,1,3.53474
60572,1,3.53469
60573,1,3.53463
60574,1,3.53457
60575,1,3.53451
60576,1,3.53445
60577,1,3.53439
60578,1,3.53434
60579,1,3.53428
60580,1,3.53422
60581,1,3.53416
60582,1,3.5341
60583,1,3.53404
60584,1,3.53399
60585,1,3.53393
60586,1,3.53387
60587,1,3.53381
60588,1,3.53375
60589,1,3.53369
60590,1,3.53364
60591,1,3.53358
60592,1,3.53352
60593,1,3.53346
60594,1,3.5334
60595,1,3.53334
60596,1,3.53329
60597,1,3.53323
60598,1,3.53317
60599,1,3.53311
60600,1,3.53305
60601,1,3.53299
60602,1,3.53294
60603,1,3.53288
60604,1,3.53282
60605,1,3.53276
60606,1,3.5327
60607,1,3.53264
60608,1,3.53259
60609,1,3.53253
60610,1,3.53247
60611,1,3.53241
60612,1,3.53235
60613,1,3.5323
60614,1,3.53224
60615,1,3.53218
60616,1,3.53212
60617,1,3.53206
60618,1,3.532
60619,1,3.53195
60620,1,3.53189
60621,1,3.53183
60622,1,3.53177
60623,1,3.53171
60624,1,3.53165
60625,1,3.5316
60626,1,3.53154
60627,1,3.53148
60628,1,3.53142
60629,1,3.53136
60630,1,3.5313
60631,1,3.53125
60632,1,3.53119
60633,1,3.53113
60634,1,3.53107
60635,1,3.53101
60636,1,3.53096
60637,1,3.5309
60638,1,3.53084
60639,1,3.53078
60640,1,3.53072
60641,1,3.53066
60642,1,3.53061
60643,1,3.53055
60644,1,3.53049
60645,1,3.53043
60646,1,3.53037
60647,1,3.53031
60648,1,3.53026
60649,1,3.5302
60650,1,3.53014
60651,1,3.53008
60652,1,3.53002
60653,1,3.52997
60654,1,3.52991
60655,1,3.52985
60656,1,3.52979
60657,1,3.52973
60658,1,3.52967
60659,1,3.52962
60660,1,3.52956
60661,1,3.5295
60662,1,3.52944
60663,1,3.52938
60664,1,3.52933
60665,1,3.52927
60666,1,3.52921
60667,1,3.52915
60668,1,3.52909
60669,1,3.52903
60670,1,3.52898
60671,1,3.52892
60672,1,3.52886
60673,1,3.5288
60674,1,3.52874
60675,1,3.52869
60676,1,3.52863
60677,1,3.52857
60678,1,3.52851
60679,1,3.52845
60680,1,3.52839
60681,1,3.52834
60682,1,3.52828
60683,1,3.52822
60684,1,3.52816
60685,1,3.5281
60686,1,3.52805
60687,1,3.52799
60688,1,3.52793
60689,1,3.52787
60690,1,3.52781
60691,1,3.52776
60692,1,3.5277
60693,1,3.52764
60694,1,3.52758
60695,1,3.52752
60696,1,3.52746
60697,1,3.52741
60698,1,3.52735
60699,1,3.52729
60700,1,3.52723
60701,1,3.52717
60702,1,3.52712
60703,1,3.52706
60704,1,3.527
60705,1,3.52694
60706,1,3.52688
60707,1,3.52683
60708,1,3.52677
60709,1,3.52671
60710,1,3.52665
60711,1,3.52659
60712,1,3.52654
60713,1,3.52648
60714,1,3.52642
60715,1,3.52636
60716,1,3.5263
60717,1,3.52624
60718,1,3.52619
60719,1,3.52613
60720,1,3.52607
60721,1,3.52601
60722,1,3.52595
60723,1,3.5259
60724,1,3.52584
60725,1,3.52578
60726,1,3.52572
60727,1,3.52566
60728,1,3.52561
60729,1,3.52555
60730,1,3.52549
60731,1,3.52543
60732,1,3.52537
60733,1,3.52532
60734,1,3.52526
60735,1,3.5252
60736,1,3.52514
60737,1,3.52508
60738,1,3.52503
60739,1,3.52497
60740,1,3.52491
60741,1,3.52485
60742,1,3.52479
60743,1,3.52474
60744,1,3.52468
60745,1,3.52462
60746,1,3.52456
60747,1,3.5245
60748,1,3.52445
60749,1,3.52439
60750,1,3.52433
60751,1,3.52427
60752,1,3.52421
60753,1,3.52416
60754,1,3.5241
60755,1,3.52404
60756,1,3.52398
60757,1,3.52392
60758,1,3.52387
60759,1,3.52381
60760,1,3.52375
60761,1,3.52369
60762,1,3.52363
60763,1,3.52358
60764,1,3.52352
60765,1,3.52346
60766,1,3.5234
60767,1,3.52334
60768,1,3.52329
60769,1,3.52323
60770,1,3.52317
60771,1,3.52311
60772,1,3.52305
60773,1,3.523
60774,1,3.52294
60775,1,3.52288
60776,1,3.52282
60777,1,3.52276
60778,1,3.52271
60779,1,3.52265
60780,1,3.52259
60781,1,3.52253
60782,1,3.52247
60783,1,3.52242
60784,1,3.52236
60785,1,3.5223
60786,1,3.52224
60787,1,3.52218
60788,1,3.52213
60789,1,3.52207
60790,1,3.52201
60791,1,3.52195
60792,1,3.52189
60793,1,3.52184
60794,1,3.52178
60795,1,3.52172
60796,1,3.52166
60797,1,3.5216
60798,1,3.52155
60799,1,3.52149
60800,1,3.52143
60801,1,3.52137
60802,1,3.52132
60803,1,3.52126
60804,1,3.5212
60805,1,3.52114
60806,1,3.52108
60807,1,3.52103
60808,1,3.52097
60809,1,3.52091
60810,1,3.52085
60811,1,3.52079
60812,1,3.52074
60813,1,3.52068
60814,1,3.52062
60815,1,3.52056
60816,1,3.5205
60817,1,3.52045
60818,1,3.52039
60819,1,3.52033
60820,1,3.52027
60821,1,3.52022
60822,1,3.52016
60823,1,3.5201
60824,1,3.52004
60825,1,3.51998
60826,1,3.51993
60827,1,3.51987
60828,1,3.51981
60829,1,3.51975
60830,1,3.51969
60831,1,3.51964
60832,1,3.51958
60833,1,3.51952
60834,1,3.51946
60835,1,3.5194
60836,1,3.51935
60837,1,3.51929
60838,1,3.51923
60839,1,3.51917
60840,1,3.51912
60841,1,3.51906
60842,1,3.519
60843,1,3.51894
60844,1,3.51888
60845,1,3.51883
60846,1,3.51877
60847,1,3.51871
60848,1,3.51865
60849,1,3.5186
60850,1,3.51854
60851,1,3.51848
60852,1,3.51842
60853,1,3.51836
60854,1,3.51831
60855,1,3.51825
60856,1,3.51819
60857,1,3.51813
60858,1,3.51807
60859,1,3.51802
60860,1,3.51796
60861,1,3.5179
60862,1,3.51784
60863,1,3.51779
60864,1,3.51773
60865,1,3.51767
60866,1,3.51761
60867,1,3.51755
60868,1,3.5175
60869,1,3.51744
60870,1,3.51738
60871,1,3.51732
60872,1,3.51727
60873,1,3.51721
60874,1,3.51715
60875,1,3.51709
60876,1,3.51703
60877,1,3.51698
60878,1,3.51692
60879,1,3.51686
60880,1,3.5168
60881,1,3.51675
60882,1,3.51669
60883,1,3.51663
60884,1,3.51657
60885,1,3.51651
60886,1,3.51646
60887,1,3.5164
60888,1,3.51634
60889,1,3.51628
60890,1,3.51623
60891,1,3.51617
60892,1,3.51611
60893,1,3.51605
60894,1,3.516
60895,1,3.51594
60896,1,3.51588
60897,1,3.51582
60898,1,3.51576
60899,1,3.51571
60900,1,3.51565
60901,1,3.51559
60902,1,3.51553
60903,1,3.51548
60904,1,3.51542
60905,1,3.51536
60906,1,3.5153
60907,1,3.51524
60908,1,3.51519
60909,1,3.51513
60910,1,3.51507
60911,1,3.51501
60912,1,3.51496
60913,1,3.5149
60914,1,3.51484
60915,1,3.51478
60916,1,3.51473
60917,1,3.51467
60918,1,3.51461
60919,1,3.51455
60920,1,3.51449
60921,1,3.51444
60922,1,3.51438
60923,1,3.51432
60924,1,3.51426
60925,1,3.51421
60926,1,3.51415
60927,1,3.51409
60928,1,3.51403
60929,1,3.51398
60930,1,3.51392
60931,1,3.51386
60932,1,3.5138
60933,1,3.51374
60934,1,3.51369
60935,1,3.51363
60936,1,3.51357
60937,1,3.51351
60938,1,3.51346
60939,1,3.5134
60940,1,3.51334
60941,1,3.51328
60942,1,3.51323
60943,1,3.51317
60944,1,3.51311
60945,1,3.51305
60946,1,3.513
60947,1,3.51294
60948,1,3.51288
60949,1,3.51282
60950,1,3.51276
60951,1,3.51271
60952,1,3.51265
60953,1,3.51259
60954,1,3.51253
60955,1,3.51248
60956,1,3.51242
60957,1,3.51236
60958,1,3.5123
60959,1,3.51225
60960,1,3.51219
60961,1,3.51213
60962,1,3.51207
60963,1,3.51202
60964,1,3.51196
60965,1,3.5119
60966,1,3.51184
60967,1,3.51179
60968,1,3.51173
60969,1,3.51167
60970,1,3.51161
60971,1,3.51155
60972,1,3.5115
60973,1,3.51144
60974,1,3.51138
60975,1,3.51132
60976,1,3.51127
60977,1,3.51121
60978,1,3.51115
60979,1,3.51109
60980,1,3.51104
60981,1,3.51098
60982,1,3.51092
60983,1,3.51086
60984,1,3.51081
60985,1,3.51075
60986,1,3.51069
60987,1,3.51063
60988,1,3.51058
60989,1,3.51052
60990,1,3.51046
60991,1,3.5104
60992,1,3.51035
60993,1,3.51029
60994,1,3.51023
60995,1,3.51017
60996,1,3.51012
60997,1,3.51006
60998,1,3.51
60999,1,3.50994
61000,1,3.50989
61001,1,3.50983
